experiments_root,dataset,model,seed,run_label,alpha,sota_method,sota_lambda,ndcg@10,expdev,tail_ratio,ndcg_niche,ndcg_semi_niche,ndcg_semi_mainstream,ndcg_mainstream,ndcg_gap_max_min,ndcg_std,worst_group_ndcg,align_pearson,align_spearman,exp_head,exp_upper_mid,exp_lower_mid,exp_tail,transfer_l1_shift,transfer_max_abs_shift,transfer_niche_head,transfer_niche_upper_mid,transfer_niche_lower_mid,transfer_niche_tail
experiments/cikm2026,lastfm,weighted_bpr,0,alpha_0.0,0.0,none,,0.1593,0.4299182732314182,0.006050955414012739,0.0792999017090457,0.10283992865749667,0.1656396141256712,0.28816811192280845,0.20886821021376273,0.08098540641165144,0.0792999017090457,,,3.8372552228966326,0.11500284161949575,0.023225806451612898,0.02451612903225806,0.0,0.0,0.8402150537634407,,,0.02451612903225806
experiments/cikm2026,lastfm,weighted_bpr,0,alpha_0.0_beta_0.1,0.0,none,,0.1593,0.4299182732314182,0.006050955414012739,0.0792999017090457,0.10283992865749667,0.1656396141256712,0.28816811192280845,0.20886821021376273,0.08098540641165144,0.0792999017090457,,,3.8372552228966326,0.11500284161949575,0.023225806451612898,0.02451612903225806,0.0,0.0,0.8402150537634407,,,0.02451612903225806
experiments/cikm2026,lastfm,weighted_bpr,0,baseline,0.0,none,,0.1593,0.4299182732314182,0.006050955414012739,0.0792999017090457,0.10283992865749667,0.1656396141256712,0.28816811192280845,0.20886821021376273,0.08098540641165144,0.0792999017090457,,,3.8372552228966326,0.11500284161949575,0.023225806451612898,0.02451612903225806,,,0.8402150537634407,,,0.02451612903225806
experiments/cikm2026,lastfm,weighted_bpr,0,alpha_0.0_beta_0.5,0.0,none,,0.1593,0.4299182732314182,0.006050955414012739,0.0792999017090457,0.10283992865749667,0.1656396141256712,0.28816811192280845,0.20886821021376273,0.08098540641165144,0.0792999017090457,,,3.8372552228966326,0.11500284161949575,0.023225806451612898,0.02451612903225806,0.0,0.0,0.8402150537634407,,,0.02451612903225806
experiments/cikm2026,lastfm,weighted_bpr,0,alpha_0.0_beta_0.0,0.0,none,,0.1593,0.4299182732314182,0.006050955414012739,0.0792999017090457,0.10283992865749667,0.1656396141256712,0.28816811192280845,0.20886821021376273,0.08098540641165144,0.0792999017090457,,,3.8372552228966326,0.11500284161949575,0.023225806451612898,0.02451612903225806,0.0,0.0,0.8402150537634407,,,0.02451612903225806
experiments/cikm2026,lastfm,weighted_bpr,0,alpha_0.0_beta_0.3,0.0,none,,0.1593,0.4299182732314182,0.006050955414012739,0.0792999017090457,0.10283992865749667,0.1656396141256712,0.28816811192280845,0.20886821021376273,0.08098540641165144,0.0792999017090457,,,3.8372552228966326,0.11500284161949575,0.023225806451612898,0.02451612903225806,0.0,0.0,0.8402150537634407,,,0.02451612903225806
experiments/cikm2026_SOTA,lastfm,weighted_bpr,0,baseline,0.0,none,,0.1593,0.4299182732314182,0.006050955414012739,0.0792999017090457,0.10283992865749667,0.1656396141256712,0.28816811192280845,0.20886821021376273,0.08098540641165144,0.0792999017090457,,,3.8372552228966326,0.11500284161949575,0.023225806451612898,0.02451612903225806,,,0.8402150537634407,,,0.02451612903225806
experiments/cikm2026_SOTA,lastfm,weighted_bpr,0,baseline,0.0,none,,0.1593,0.4299182732314182,0.006050955414012739,0.0792999017090457,0.10283992865749667,0.1656396141256712,0.28816811192280845,0.20886821021376273,0.08098540641165144,0.0792999017090457,,,3.8372552228966326,0.11500284161949575,0.023225806451612898,0.02451612903225806,,,0.8402150537634407,,,0.02451612903225806
experiments/cikm2026_SOTA,lastfm,weighted_bpr,0,baseline,0.0,none,,0.1593,0.4299182732314182,0.006050955414012739,0.0792999017090457,0.10283992865749667,0.1656396141256712,0.28816811192280845,0.20886821021376273,0.08098540641165144,0.0792999017090457,,,3.8372552228966326,0.11500284161949575,0.023225806451612898,0.02451612903225806,,,0.8402150537634407,,,0.02451612903225806
experiments/cikm2026_SOTA,lastfm,weighted_bpr,0,baseline,0.0,none,,0.1593,0.4299182732314182,0.006050955414012739,0.0792999017090457,0.10283992865749667,0.1656396141256712,0.28816811192280845,0.20886821021376273,0.08098540641165144,0.0792999017090457,,,3.8372552228966326,0.11500284161949575,0.023225806451612898,0.02451612903225806,,,0.8402150537634407,,,0.02451612903225806
experiments/cikm2026_SOTA,lastfm,weighted_bpr,0,baseline,0.0,none,,0.1593,0.4299182732314182,0.006050955414012739,0.0792999017090457,0.10283992865749667,0.1656396141256712,0.28816811192280845,0.20886821021376273,0.08098540641165144,0.0792999017090457,,,3.8372552228966326,0.11500284161949575,0.023225806451612898,0.02451612903225806,,,0.8402150537634407,,,0.02451612903225806
experiments/cikm2026,lastfm,weighted_bpr,1,baseline,0.0,none,,0.1634,0.4305552159065774,0.006104033970276009,0.09399547937258398,0.12164100279142265,0.1652450789559978,0.2714339098492734,0.17743843047668942,0.06751873595779637,0.09399547937258398,,,3.842409238673304,0.10253699788583506,0.030322580645161284,0.02473118279569892,,,0.8449462365591396,,,0.02473118279569892
experiments/cikm2026_SOTA,lastfm,weighted_bpr,1,baseline,0.0,none,,0.1634,0.4305552159065774,0.006104033970276009,0.09399547937258398,0.12164100279142265,0.1652450789559978,0.2714339098492734,0.17743843047668942,0.06751873595779637,0.09399547937258398,,,3.842409238673304,0.10253699788583506,0.030322580645161284,0.02473118279569892,,,0.8449462365591396,,,0.02473118279569892
experiments/cikm2026_SOTA,lastfm,weighted_bpr,1,baseline,0.0,none,,0.1634,0.4305552159065774,0.006104033970276009,0.09399547937258398,0.12164100279142265,0.1652450789559978,0.2714339098492734,0.17743843047668942,0.06751873595779637,0.09399547937258398,,,3.842409238673304,0.10253699788583506,0.030322580645161284,0.02473118279569892,,,0.8449462365591396,,,0.02473118279569892
experiments/cikm2026_SOTA,lastfm,weighted_bpr,1,baseline,0.0,none,,0.1634,0.4305552159065774,0.006104033970276009,0.09399547937258398,0.12164100279142265,0.1652450789559978,0.2714339098492734,0.17743843047668942,0.06751873595779637,0.09399547937258398,,,3.842409238673304,0.10253699788583506,0.030322580645161284,0.02473118279569892,,,0.8449462365591396,,,0.02473118279569892
experiments/cikm2026_SOTA,lastfm,weighted_bpr,1,baseline,0.0,none,,0.1634,0.4305552159065774,0.006104033970276009,0.09399547937258398,0.12164100279142265,0.1652450789559978,0.2714339098492734,0.17743843047668942,0.06751873595779637,0.09399547937258398,,,3.842409238673304,0.10253699788583506,0.030322580645161284,0.02473118279569892,,,0.8449462365591396,,,0.02473118279569892
experiments/cikm2026_SOTA,lastfm,weighted_bpr,1,baseline,0.0,none,,0.1634,0.4305552159065774,0.006104033970276009,0.09399547937258398,0.12164100279142265,0.1652450789559978,0.2714339098492734,0.17743843047668942,0.06751873595779637,0.09399547937258398,,,3.842409238673304,0.10253699788583506,0.030322580645161284,0.02473118279569892,,,0.8449462365591396,,,0.02473118279569892
experiments/cikm2026,lastfm,weighted_bpr,2,baseline,0.0,none,,0.1568,0.4298917339532865,0.006050955414012739,0.08553012006935393,0.11329201067566998,0.15796927220736245,0.2692584475294661,0.18372832746011217,0.07003620461523595,0.08553012006935393,,,3.8370729045897836,0.1141135283820955,0.0243010752688172,0.024512491759303458,,,0.8419354838709676,,,0.0243010752688172
experiments/cikm2026_SOTA,lastfm,weighted_bpr,2,baseline,0.0,none,,0.1568,0.4298917339532865,0.006050955414012739,0.08553012006935393,0.11329201067566998,0.15796927220736245,0.2692584475294661,0.18372832746011217,0.07003620461523595,0.08553012006935393,,,3.8370729045897836,0.1141135283820955,0.0243010752688172,0.024512491759303458,,,0.8419354838709676,,,0.0243010752688172
experiments/cikm2026_SOTA,lastfm,weighted_bpr,2,baseline,0.0,none,,0.1568,0.4298917339532865,0.006050955414012739,0.08553012006935393,0.11329201067566998,0.15796927220736245,0.2692584475294661,0.18372832746011217,0.07003620461523595,0.08553012006935393,,,3.8370729045897836,0.1141135283820955,0.0243010752688172,0.024512491759303458,,,0.8419354838709676,,,0.0243010752688172
experiments/cikm2026_SOTA,lastfm,weighted_bpr,2,baseline,0.0,none,,0.1568,0.4298917339532865,0.006050955414012739,0.08553012006935393,0.11329201067566998,0.15796927220736245,0.2692584475294661,0.18372832746011217,0.07003620461523595,0.08553012006935393,,,3.8370729045897836,0.1141135283820955,0.0243010752688172,0.024512491759303458,,,0.8419354838709676,,,0.0243010752688172
experiments/cikm2026_SOTA,lastfm,weighted_bpr,2,baseline,0.0,none,,0.1568,0.4298917339532865,0.006050955414012739,0.08553012006935393,0.11329201067566998,0.15796927220736245,0.2692584475294661,0.18372832746011217,0.07003620461523595,0.08553012006935393,,,3.8370729045897836,0.1141135283820955,0.0243010752688172,0.024512491759303458,,,0.8419354838709676,,,0.0243010752688172
experiments/cikm2026_SOTA,lastfm,weighted_bpr,2,baseline,0.0,none,,0.1568,0.4298917339532865,0.006050955414012739,0.08553012006935393,0.11329201067566998,0.15796927220736245,0.2692584475294661,0.18372832746011217,0.07003620461523595,0.08553012006935393,,,3.8370729045897836,0.1141135283820955,0.0243010752688172,0.024512491759303458,,,0.8419354838709676,,,0.0243010752688172
experiments/cikm2026,lastfm,weighted_bpr,3,baseline,0.0,none,,0.1665,0.42946710550318035,0.006210191082802548,0.0824058375761418,0.12504341930814905,0.16474172579172872,0.2923953981679895,0.2099895605918477,0.07848999851050885,0.0824058375761418,,,3.8335956716451838,0.11522153265589122,0.02602150537634408,0.02516129032258064,,,0.8363440860215052,,,0.02516129032258064
experiments/cikm2026_SOTA,lastfm,weighted_bpr,3,baseline,0.0,none,,0.1665,0.42946710550318035,0.006210191082802548,0.0824058375761418,0.12504341930814905,0.16474172579172872,0.2923953981679895,0.2099895605918477,0.07848999851050885,0.0824058375761418,,,3.8335956716451838,0.11522153265589122,0.02602150537634408,0.02516129032258064,,,0.8363440860215052,,,0.02516129032258064
experiments/cikm2026_SOTA,lastfm,weighted_bpr,3,baseline,0.0,none,,0.1665,0.42946710550318035,0.006210191082802548,0.0824058375761418,0.12504341930814905,0.16474172579172872,0.2923953981679895,0.2099895605918477,0.07848999851050885,0.0824058375761418,,,3.8335956716451838,0.11522153265589122,0.02602150537634408,0.02516129032258064,,,0.8363440860215052,,,0.02516129032258064
experiments/cikm2026_SOTA,lastfm,weighted_bpr,3,baseline,0.0,none,,0.1665,0.42946710550318035,0.006210191082802548,0.0824058375761418,0.12504341930814905,0.16474172579172872,0.2923953981679895,0.2099895605918477,0.07848999851050885,0.0824058375761418,,,3.8335956716451838,0.11522153265589122,0.02602150537634408,0.02516129032258064,,,0.8363440860215052,,,0.02516129032258064
experiments/cikm2026_SOTA,lastfm,weighted_bpr,3,baseline,0.0,none,,0.1665,0.42946710550318035,0.006210191082802548,0.0824058375761418,0.12504341930814905,0.16474172579172872,0.2923953981679895,0.2099895605918477,0.07848999851050885,0.0824058375761418,,,3.8335956716451838,0.11522153265589122,0.02602150537634408,0.02516129032258064,,,0.8363440860215052,,,0.02516129032258064
experiments/cikm2026_SOTA,lastfm,weighted_bpr,3,baseline,0.0,none,,0.1665,0.42946710550318035,0.006210191082802548,0.0824058375761418,0.12504341930814905,0.16474172579172872,0.2923953981679895,0.2099895605918477,0.07848999851050885,0.0824058375761418,,,3.8335956716451838,0.11522153265589122,0.02602150537634408,0.02516129032258064,,,0.8363440860215052,,,0.02516129032258064
experiments/cikm2026,lastfm,weighted_bpr,4,baseline,0.0,none,,0.1618,0.4282993772653884,0.005414012738853503,0.08668789949484189,0.12038644115458984,0.16892550846857066,0.27012717666195696,0.18343927716711506,0.06917762057668381,0.08668789949484189,,,3.8241369433267405,0.12145445452272156,0.03247311827956988,0.021935483870967738,,,0.8270967741935482,,,0.021935483870967738
experiments/cikm2026_SOTA,lastfm,weighted_bpr,4,baseline,0.0,none,,0.1618,0.4282993772653884,0.005414012738853503,0.08668789949484189,0.12038644115458984,0.16892550846857066,0.27012717666195696,0.18343927716711506,0.06917762057668381,0.08668789949484189,,,3.8241369433267405,0.12145445452272156,0.03247311827956988,0.021935483870967738,,,0.8270967741935482,,,0.021935483870967738
experiments/cikm2026_SOTA,lastfm,weighted_bpr,4,baseline,0.0,none,,0.1618,0.4282993772653884,0.005414012738853503,0.08668789949484189,0.12038644115458984,0.16892550846857066,0.27012717666195696,0.18343927716711506,0.06917762057668381,0.08668789949484189,,,3.8241369433267405,0.12145445452272156,0.03247311827956988,0.021935483870967738,,,0.8270967741935482,,,0.021935483870967738
experiments/cikm2026_SOTA,lastfm,weighted_bpr,4,baseline,0.0,none,,0.1618,0.4282993772653884,0.005414012738853503,0.08668789949484189,0.12038644115458984,0.16892550846857066,0.27012717666195696,0.18343927716711506,0.06917762057668381,0.08668789949484189,,,3.8241369433267405,0.12145445452272156,0.03247311827956988,0.021935483870967738,,,0.8270967741935482,,,0.021935483870967738
experiments/cikm2026_SOTA,lastfm,weighted_bpr,4,baseline,0.0,none,,0.1618,0.4282993772653884,0.005414012738853503,0.08668789949484189,0.12038644115458984,0.16892550846857066,0.27012717666195696,0.18343927716711506,0.06917762057668381,0.08668789949484189,,,3.8241369433267405,0.12145445452272156,0.03247311827956988,0.021935483870967738,,,0.8270967741935482,,,0.021935483870967738
experiments/cikm2026_SOTA,lastfm,weighted_bpr,4,baseline,0.0,none,,0.1618,0.4282993772653884,0.005414012738853503,0.08668789949484189,0.12038644115458984,0.16892550846857066,0.27012717666195696,0.18343927716711506,0.06917762057668381,0.08668789949484189,,,3.8241369433267405,0.12145445452272156,0.03247311827956988,0.021935483870967738,,,0.8270967741935482,,,0.021935483870967738
experiments/cikm2026,lastfm,weighted_bpr,5,baseline,0.0,none,,0.1671,0.43113908002547335,0.0065817409766454355,0.08709353547307211,0.12395244037301657,0.1665762584884527,0.2892290309911942,0.20213549551812207,0.07612148372685078,0.08709353547307211,,,3.8471149605583204,0.10428288890404418,0.021935483870967738,0.02666666666666666,,,0.8481720430107526,,,0.02666666666666666
experiments/cikm2026_SOTA,lastfm,weighted_bpr,5,baseline,0.0,none,,0.1671,0.43113908002547335,0.0065817409766454355,0.08709353547307211,0.12395244037301657,0.1665762584884527,0.2892290309911942,0.20213549551812207,0.07612148372685078,0.08709353547307211,,,3.8471149605583204,0.10428288890404418,0.021935483870967738,0.02666666666666666,,,0.8481720430107526,,,0.02666666666666666
experiments/cikm2026_SOTA,lastfm,weighted_bpr,5,baseline,0.0,none,,0.1671,0.43113908002547335,0.0065817409766454355,0.08709353547307211,0.12395244037301657,0.1665762584884527,0.2892290309911942,0.20213549551812207,0.07612148372685078,0.08709353547307211,,,3.8471149605583204,0.10428288890404418,0.021935483870967738,0.02666666666666666,,,0.8481720430107526,,,0.02666666666666666
experiments/cikm2026_SOTA,lastfm,weighted_bpr,5,baseline,0.0,none,,0.1671,0.43113908002547335,0.0065817409766454355,0.08709353547307211,0.12395244037301657,0.1665762584884527,0.2892290309911942,0.20213549551812207,0.07612148372685078,0.08709353547307211,,,3.8471149605583204,0.10428288890404418,0.021935483870967738,0.02666666666666666,,,0.8481720430107526,,,0.02666666666666666
experiments/cikm2026_SOTA,lastfm,weighted_bpr,5,baseline,0.0,none,,0.1671,0.43113908002547335,0.0065817409766454355,0.08709353547307211,0.12395244037301657,0.1665762584884527,0.2892290309911942,0.20213549551812207,0.07612148372685078,0.08709353547307211,,,3.8471149605583204,0.10428288890404418,0.021935483870967738,0.02666666666666666,,,0.8481720430107526,,,0.02666666666666666
experiments/cikm2026_SOTA,lastfm,weighted_bpr,5,baseline,0.0,none,,0.1671,0.43113908002547335,0.0065817409766454355,0.08709353547307211,0.12395244037301657,0.1665762584884527,0.2892290309911942,0.20213549551812207,0.07612148372685078,0.08709353547307211,,,3.8471149605583204,0.10428288890404418,0.021935483870967738,0.02666666666666666,,,0.8481720430107526,,,0.02666666666666666
experiments/cikm2026,lastfm,weighted_bpr,6,baseline,0.0,none,,0.1588,0.43082060868789374,0.006475583864118896,0.07761656483678717,0.12919490459606095,0.15724302895944872,0.2697634675924465,0.19214690275565935,0.0703243372048968,0.07761656483678717,,,3.8445597763077126,0.10339721293959851,0.025806451612903222,0.02623655913978494,,,0.8470967741935482,,,0.02623655913978494
experiments/cikm2026_SOTA,lastfm,weighted_bpr,6,baseline,0.0,none,,0.1588,0.43082060868789374,0.006475583864118896,0.07761656483678717,0.12919490459606095,0.15724302895944872,0.2697634675924465,0.19214690275565935,0.0703243372048968,0.07761656483678717,,,3.8445597763077126,0.10339721293959851,0.025806451612903222,0.02623655913978494,,,0.8470967741935482,,,0.02623655913978494
experiments/cikm2026_SOTA,lastfm,weighted_bpr,6,baseline,0.0,none,,0.1588,0.43082060868789374,0.006475583864118896,0.07761656483678717,0.12919490459606095,0.15724302895944872,0.2697634675924465,0.19214690275565935,0.0703243372048968,0.07761656483678717,,,3.8445597763077126,0.10339721293959851,0.025806451612903222,0.02623655913978494,,,0.8470967741935482,,,0.02623655913978494
experiments/cikm2026_SOTA,lastfm,weighted_bpr,6,baseline,0.0,none,,0.1588,0.43082060868789374,0.006475583864118896,0.07761656483678717,0.12919490459606095,0.15724302895944872,0.2697634675924465,0.19214690275565935,0.0703243372048968,0.07761656483678717,,,3.8445597763077126,0.10339721293959851,0.025806451612903222,0.02623655913978494,,,0.8470967741935482,,,0.02623655913978494
experiments/cikm2026_SOTA,lastfm,weighted_bpr,6,baseline,0.0,none,,0.1588,0.43082060868789374,0.006475583864118896,0.07761656483678717,0.12919490459606095,0.15724302895944872,0.2697634675924465,0.19214690275565935,0.0703243372048968,0.07761656483678717,,,3.8445597763077126,0.10339721293959851,0.025806451612903222,0.02623655913978494,,,0.8470967741935482,,,0.02623655913978494
experiments/cikm2026_SOTA,lastfm,weighted_bpr,6,baseline,0.0,none,,0.1588,0.43082060868789374,0.006475583864118896,0.07761656483678717,0.12919490459606095,0.15724302895944872,0.2697634675924465,0.19214690275565935,0.0703243372048968,0.07761656483678717,,,3.8445597763077126,0.10339721293959851,0.025806451612903222,0.02623655913978494,,,0.8470967741935482,,,0.02623655913978494
experiments/cikm2026,lastfm,weighted_bpr,7,baseline,0.0,none,,0.1557,0.43052867662844574,0.007059447983014862,0.07997246370542457,0.10731177225710223,0.15924719158454861,0.27483881914766223,0.19486635544223765,0.07463613415222074,0.07997246370542457,,,3.842161449453272,0.09547295914887811,0.033763440860215044,0.028602150537634402,,,0.842795698924731,,,0.028602150537634402
experiments/cikm2026_SOTA,lastfm,weighted_bpr,7,baseline,0.0,none,,0.1557,0.43052867662844574,0.007059447983014862,0.07997246370542457,0.10731177225710223,0.15924719158454861,0.27483881914766223,0.19486635544223765,0.07463613415222074,0.07997246370542457,,,3.842161449453272,0.09547295914887811,0.033763440860215044,0.028602150537634402,,,0.842795698924731,,,0.028602150537634402
experiments/cikm2026_SOTA,lastfm,weighted_bpr,7,baseline,0.0,none,,0.1557,0.43052867662844574,0.007059447983014862,0.07997246370542457,0.10731177225710223,0.15924719158454861,0.27483881914766223,0.19486635544223765,0.07463613415222074,0.07997246370542457,,,3.842161449453272,0.09547295914887811,0.033763440860215044,0.028602150537634402,,,0.842795698924731,,,0.028602150537634402
experiments/cikm2026_SOTA,lastfm,weighted_bpr,7,baseline,0.0,none,,0.1557,0.43052867662844574,0.007059447983014862,0.07997246370542457,0.10731177225710223,0.15924719158454861,0.27483881914766223,0.19486635544223765,0.07463613415222074,0.07997246370542457,,,3.842161449453272,0.09547295914887811,0.033763440860215044,0.028602150537634402,,,0.842795698924731,,,0.028602150537634402
experiments/cikm2026_SOTA,lastfm,weighted_bpr,7,baseline,0.0,none,,0.1557,0.43052867662844574,0.007059447983014862,0.07997246370542457,0.10731177225710223,0.15924719158454861,0.27483881914766223,0.19486635544223765,0.07463613415222074,0.07997246370542457,,,3.842161449453272,0.09547295914887811,0.033763440860215044,0.028602150537634402,,,0.842795698924731,,,0.028602150537634402
experiments/cikm2026_SOTA,lastfm,weighted_bpr,7,baseline,0.0,none,,0.1557,0.43052867662844574,0.007059447983014862,0.07997246370542457,0.10731177225710223,0.15924719158454861,0.27483881914766223,0.19486635544223765,0.07463613415222074,0.07997246370542457,,,3.842161449453272,0.09547295914887811,0.033763440860215044,0.028602150537634402,,,0.842795698924731,,,0.028602150537634402
experiments/cikm2026,lastfm,weighted_bpr,8,baseline,0.0,none,,0.1574,0.43082060868789374,0.006369426751592357,0.08538237910136441,0.11759715171537907,0.15291889263669192,0.2723541277801547,0.1869717486787903,0.07071930847339582,0.08538237910136441,,,3.844548864488849,0.10211780217781716,0.0275268817204301,0.025806451612903222,,,0.8464516129032257,,,0.025806451612903222
experiments/cikm2026_SOTA,lastfm,weighted_bpr,8,baseline,0.0,none,,0.1574,0.43082060868789374,0.006369426751592357,0.08538237910136441,0.11759715171537907,0.15291889263669192,0.2723541277801547,0.1869717486787903,0.07071930847339582,0.08538237910136441,,,3.844548864488849,0.10211780217781716,0.0275268817204301,0.025806451612903222,,,0.8464516129032257,,,0.025806451612903222
experiments/cikm2026_SOTA,lastfm,weighted_bpr,8,baseline,0.0,none,,0.1574,0.43082060868789374,0.006369426751592357,0.08538237910136441,0.11759715171537907,0.15291889263669192,0.2723541277801547,0.1869717486787903,0.07071930847339582,0.08538237910136441,,,3.844548864488849,0.10211780217781716,0.0275268817204301,0.025806451612903222,,,0.8464516129032257,,,0.025806451612903222
experiments/cikm2026_SOTA,lastfm,weighted_bpr,8,baseline,0.0,none,,0.1574,0.43082060868789374,0.006369426751592357,0.08538237910136441,0.11759715171537907,0.15291889263669192,0.2723541277801547,0.1869717486787903,0.07071930847339582,0.08538237910136441,,,3.844548864488849,0.10211780217781716,0.0275268817204301,0.025806451612903222,,,0.8464516129032257,,,0.025806451612903222
experiments/cikm2026_SOTA,lastfm,weighted_bpr,8,baseline,0.0,none,,0.1574,0.43082060868789374,0.006369426751592357,0.08538237910136441,0.11759715171537907,0.15291889263669192,0.2723541277801547,0.1869717486787903,0.07071930847339582,0.08538237910136441,,,3.844548864488849,0.10211780217781716,0.0275268817204301,0.025806451612903222,,,0.8464516129032257,,,0.025806451612903222
experiments/cikm2026_SOTA,lastfm,weighted_bpr,8,baseline,0.0,none,,0.1574,0.43082060868789374,0.006369426751592357,0.08538237910136441,0.11759715171537907,0.15291889263669192,0.2723541277801547,0.1869717486787903,0.07071930847339582,0.08538237910136441,,,3.844548864488849,0.10211780217781716,0.0275268817204301,0.025806451612903222,,,0.8464516129032257,,,0.025806451612903222
experiments/cikm2026,lastfm,weighted_bpr,9,baseline,0.0,none,,0.1618,0.4310860014692101,0.005414012738853503,0.08189674811730227,0.11582117885177125,0.14934815348958522,0.29867429352851116,0.2167775454112089,0.08274610223302707,0.08189674811730227,,,3.846706676669167,0.10168042010502623,0.029677419354838704,0.021935483870967738,,,0.849032258064516,,,0.021935483870967738
experiments/cikm2026_SOTA,lastfm,weighted_bpr,9,baseline,0.0,none,,0.1618,0.4310860014692101,0.005414012738853503,0.08189674811730227,0.11582117885177125,0.14934815348958522,0.29867429352851116,0.2167775454112089,0.08274610223302707,0.08189674811730227,,,3.846706676669167,0.10168042010502623,0.029677419354838704,0.021935483870967738,,,0.849032258064516,,,0.021935483870967738
experiments/cikm2026_SOTA,lastfm,weighted_bpr,9,baseline,0.0,none,,0.1618,0.4310860014692101,0.005414012738853503,0.08189674811730227,0.11582117885177125,0.14934815348958522,0.29867429352851116,0.2167775454112089,0.08274610223302707,0.08189674811730227,,,3.846706676669167,0.10168042010502623,0.029677419354838704,0.021935483870967738,,,0.849032258064516,,,0.021935483870967738
experiments/cikm2026_SOTA,lastfm,weighted_bpr,9,baseline,0.0,none,,0.1618,0.4310860014692101,0.005414012738853503,0.08189674811730227,0.11582117885177125,0.14934815348958522,0.29867429352851116,0.2167775454112089,0.08274610223302707,0.08189674811730227,,,3.846706676669167,0.10168042010502623,0.029677419354838704,0.021935483870967738,,,0.849032258064516,,,0.021935483870967738
experiments/cikm2026_SOTA,lastfm,weighted_bpr,9,baseline,0.0,none,,0.1618,0.4310860014692101,0.005414012738853503,0.08189674811730227,0.11582117885177125,0.14934815348958522,0.29867429352851116,0.2167775454112089,0.08274610223302707,0.08189674811730227,,,3.846706676669167,0.10168042010502623,0.029677419354838704,0.021935483870967738,,,0.849032258064516,,,0.021935483870967738
experiments/cikm2026_SOTA,lastfm,weighted_bpr,9,baseline,0.0,none,,0.1618,0.4310860014692101,0.005414012738853503,0.08189674811730227,0.11582117885177125,0.14934815348958522,0.29867429352851116,0.2167775454112089,0.08274610223302707,0.08189674811730227,,,3.846706676669167,0.10168042010502623,0.029677419354838704,0.021935483870967738,,,0.849032258064516,,,0.021935483870967738
experiments/cikm2026,lastfm,weighted_bpr,0,alpha_0.1,0.1,none,,0.1581,0.42734396325264956,0.005626326963906581,0.07884781364859321,0.10190519479097511,0.16157908825864142,0.2885303806792927,0.20968256703069948,0.08133628101785408,0.07884781364859321,-0.28223266884251663,-0.2581988897471611,3.8164204687535515,0.13433221941849094,0.026451612903225803,0.022795698924731177,0.0451103685012162,0.01935483870967747,0.8208602150537633,,,0.022795698924731177
experiments/cikm2026,lastfm,weighted_bpr,0,alpha_0.1_beta_0.3,0.1,none,,0.1581,0.42734396325264956,0.005626326963906581,0.07884781364859321,0.10190519479097511,0.16157908825864142,0.2885303806792927,0.20968256703069948,0.08133628101785408,0.07884781364859321,-0.28223266884251663,-0.2581988897471611,3.8164204687535515,0.13433221941849094,0.026451612903225803,0.022795698924731177,0.0451103685012162,0.01935483870967747,0.8208602150537633,,,0.022795698924731177
experiments/cikm2026,lastfm,weighted_bpr,0,alpha_0.1_beta_0.0,0.1,none,,0.1581,0.42734396325264956,0.005626326963906581,0.07884781364859321,0.10190519479097511,0.16157908825864142,0.2885303806792927,0.20968256703069948,0.08133628101785408,0.07884781364859321,-0.28223266884251663,-0.2581988897471611,3.8164204687535515,0.13433221941849094,0.026451612903225803,0.022795698924731177,0.0451103685012162,0.01935483870967747,0.8208602150537633,,,0.022795698924731177
experiments/cikm2026,lastfm,weighted_bpr,0,alpha_0.1_beta_0.1,0.1,none,,0.1581,0.42734396325264956,0.005626326963906581,0.07884781364859321,0.10190519479097511,0.16157908825864142,0.2885303806792927,0.20968256703069948,0.08133628101785408,0.07884781364859321,-0.28223266884251663,-0.2581988897471611,3.8164204687535515,0.13433221941849094,0.026451612903225803,0.022795698924731177,0.0451103685012162,0.01935483870967747,0.8208602150537633,,,0.022795698924731177
experiments/cikm2026,lastfm,weighted_bpr,0,alpha_0.1_beta_0.5,0.1,none,,0.1581,0.42734396325264956,0.005626326963906581,0.07884781364859321,0.10190519479097511,0.16157908825864142,0.2885303806792927,0.20968256703069948,0.08133628101785408,0.07884781364859321,-0.28223266884251663,-0.2581988897471611,3.8164204687535515,0.13433221941849094,0.026451612903225803,0.022795698924731177,0.0451103685012162,0.01935483870967747,0.8208602150537633,,,0.022795698924731177
experiments/cikm2026_SOTA,lastfm,weighted_bpr,0,alpha_0.1_beta_0.0,0.1,none,,0.1581,0.42734396325264956,0.005626326963906581,0.07884781364859321,0.10190519479097511,0.16157908825864142,0.2885303806792927,0.20968256703069948,0.08133628101785408,0.07884781364859321,-0.28223266884251663,-0.2581988897471611,3.8164204687535515,0.13433221941849094,0.026451612903225803,0.022795698924731177,0.0451103685012162,0.01935483870967747,0.8208602150537633,,,0.022795698924731177
experiments/cikm2026,lastfm,weighted_bpr,1,alpha_0.1_beta_0.0,0.1,none,,0.1614,0.427821670259019,0.006528662420382166,0.09012137040079564,0.1178658423910375,0.16232152687348617,0.27403905631928244,0.18391768591848678,0.07011397887157658,0.09012137040079564,-0.40552151402794323,-0.7745966692414834,3.820269612857759,0.12274113983041211,0.030537634408602146,0.026451612903225803,0.0451249175930345,0.021505376344086002,0.8234408602150536,,,0.026451612903225803
experiments/cikm2026_SOTA,lastfm,weighted_bpr,1,alpha_0.1_beta_0.0,0.1,none,,0.1614,0.427821670259019,0.006528662420382166,0.09012137040079564,0.1178658423910375,0.16232152687348617,0.27403905631928244,0.18391768591848678,0.07011397887157658,0.09012137040079564,-0.40552151402794323,-0.7745966692414834,3.820269612857759,0.12274113983041211,0.030537634408602146,0.026451612903225803,0.0451249175930345,0.021505376344086002,0.8234408602150536,,,0.026451612903225803
experiments/cikm2026,lastfm,weighted_bpr,2,alpha_0.1_beta_0.0,0.1,none,,0.1557,0.42662740274309546,0.006050955414012739,0.08384453933575105,0.11249551815117145,0.15565347359519854,0.26939437817721945,0.18554983884146842,0.07063241071357249,0.08384453933575105,0.34026093286496545,0.316227766016838,3.810664938962012,0.1370879083407215,0.02773829821091636,0.024508854486348857,0.053246038782422865,0.023870967741935534,0.8180645161290321,,,0.02408602150537634
experiments/cikm2026_SOTA,lastfm,weighted_bpr,2,alpha_0.1_beta_0.0,0.1,none,,0.1557,0.42662740274309546,0.006050955414012739,0.08384453933575105,0.11249551815117145,0.15565347359519854,0.26939437817721945,0.18554983884146842,0.07063241071357249,0.08384453933575105,0.34026093286496545,0.316227766016838,3.810664938962012,0.1370879083407215,0.02773829821091636,0.024508854486348857,0.053246038782422865,0.023870967741935534,0.8180645161290321,,,0.02408602150537634
experiments/cikm2026,lastfm,weighted_bpr,3,alpha_0.1_beta_0.0,0.1,none,,0.1657,0.4269989526369383,0.006104033970276009,0.08102015654319486,0.12442300144177813,0.16248058993479467,0.2935188629120877,0.21249870636889281,0.07940722918729289,0.08102015654319486,0.27791784026279764,0.2581988897471611,3.813606583464047,0.1330600832026188,0.028602150537634402,0.02473118279569892,0.040838391416035826,0.01935483870967747,0.8169892473118278,,,0.02473118279569892
experiments/cikm2026_SOTA,lastfm,weighted_bpr,3,alpha_0.1_beta_0.0,0.1,none,,0.1657,0.4269989526369383,0.006104033970276009,0.08102015654319486,0.12442300144177813,0.16248058993479467,0.2935188629120877,0.21249870636889281,0.07940722918729289,0.08102015654319486,0.27791784026279764,0.2581988897471611,3.813606583464047,0.1330600832026188,0.028602150537634402,0.02473118279569892,0.040838391416035826,0.01935483870967747,0.8169892473118278,,,0.02473118279569892
experiments/cikm2026,lastfm,weighted_bpr,4,alpha_0.1_beta_0.0,0.1,none,,0.1587,0.42545967450530353,0.00578556263269639,0.08220238063663012,0.11575572871110738,0.16643951976591015,0.26918941551417525,0.18698703487754514,0.07064619504347755,0.08220238063663012,-0.5110855912848042,-0.2581988897471611,3.801155288822205,0.14142535633908473,0.03397849462365591,0.02344086021505376,0.04596330900907027,0.021290322580645116,0.8058064516129031,,,0.02344086021505376
experiments/cikm2026_SOTA,lastfm,weighted_bpr,4,alpha_0.1_beta_0.0,0.1,none,,0.1587,0.42545967450530353,0.00578556263269639,0.08220238063663012,0.11575572871110738,0.16643951976591015,0.26918941551417525,0.18698703487754514,0.07064619504347755,0.08220238063663012,-0.5110855912848042,-0.2581988897471611,3.801155288822205,0.14142535633908473,0.03397849462365591,0.02344086021505376,0.04596330900907027,0.021290322580645116,0.8058064516129031,,,0.02344086021505376
experiments/cikm2026,lastfm,weighted_bpr,5,alpha_0.1_beta_0.0,0.1,none,,0.1657,0.42816668087473025,0.006847133757961784,0.08455208665144129,0.12202738507960638,0.1656578670967009,0.2892265982717606,0.20467451162031933,0.07705624102654848,0.08455208665144129,-0.7121018581341874,-0.7745966692414834,3.823039850871808,0.12577735342926638,0.02344086021505376,0.027741935483870963,0.048995885334970096,0.02344086021505376,0.8247311827956988,,,0.027741935483870963
experiments/cikm2026_SOTA,lastfm,weighted_bpr,5,alpha_0.1_beta_0.0,0.1,none,,0.1657,0.42816668087473025,0.006847133757961784,0.08455208665144129,0.12202738507960638,0.1656578670967009,0.2892265982717606,0.20467451162031933,0.07705624102654848,0.08455208665144129,-0.7121018581341874,-0.7745966692414834,3.823039850871808,0.12577735342926638,0.02344086021505376,0.027741935483870963,0.048995885334970096,0.02344086021505376,0.8247311827956988,,,0.027741935483870963
experiments/cikm2026,lastfm,weighted_bpr,6,alpha_0.1_beta_0.0,0.1,none,,0.1579,0.42814014159659863,0.006687898089171975,0.07519665483913517,0.1289720903942981,0.15561104504470255,0.2705605375267388,0.19536388268760363,0.07136859707189872,0.07519665483913517,-0.7201426687305692,-0.7745966692414834,3.822864807110868,0.12466207460956145,0.0253763440860215,0.027096774193548383,0.04425015344745276,0.020215053763440904,0.8268817204301073,,,0.027096774193548383
experiments/cikm2026_SOTA,lastfm,weighted_bpr,6,alpha_0.1_beta_0.0,0.1,none,,0.1579,0.42814014159659863,0.006687898089171975,0.07519665483913517,0.1289720903942981,0.15561104504470255,0.2705605375267388,0.19536388268760363,0.07136859707189872,0.07519665483913517,-0.7201426687305692,-0.7745966692414834,3.822864807110868,0.12466207460956145,0.0253763440860215,0.027096774193548383,0.04425015344745276,0.020215053763440904,0.8268817204301073,,,0.027096774193548383
experiments/cikm2026,lastfm,weighted_bpr,7,alpha_0.1_beta_0.0,0.1,none,,0.1544,0.42715818830572816,0.006316348195329087,0.07489357972906292,0.10839123953297426,0.15748699373504818,0.275614592860662,0.20072101313159907,0.07605954206084495,0.07489357972906292,0.8950624036411537,0.7745966692414834,3.814889631498783,0.12059787674191273,0.03892109390984109,0.02559139784946236,0.06056514128532146,0.024946236559139856,0.8178494623655912,,,0.02559139784946236
experiments/cikm2026_SOTA,lastfm,weighted_bpr,7,alpha_0.1_beta_0.0,0.1,none,,0.1544,0.42715818830572816,0.006316348195329087,0.07489357972906292,0.10839123953297426,0.15748699373504818,0.275614592860662,0.20072101313159907,0.07605954206084495,0.07489357972906292,0.8950624036411537,0.7745966692414834,3.814889631498783,0.12059787674191273,0.03892109390984109,0.02559139784946236,0.06056514128532146,0.024946236559139856,0.8178494623655912,,,0.02559139784946236
experiments/cikm2026,lastfm,weighted_bpr,8,alpha_0.1_beta_0.0,0.1,none,,0.155,0.42816668087473025,0.006316348195329087,0.08384985258739454,0.11628937539036165,0.14890402730232444,0.26958136078033373,0.1857315081929392,0.07022540874865435,0.08384985258739454,-0.46615287004857164,-0.2581988897471611,3.8230580372365814,0.11823228534406327,0.03311827956989247,0.02559139784946236,0.04341176203141693,0.020645161290322567,0.8258064516129031,,,0.02559139784946236
experiments/cikm2026_SOTA,lastfm,weighted_bpr,8,alpha_0.1_beta_0.0,0.1,none,,0.155,0.42816668087473025,0.006316348195329087,0.08384985258739454,0.11628937539036165,0.14890402730232444,0.26958136078033373,0.1857315081929392,0.07022540874865435,0.08384985258739454,-0.46615287004857164,-0.2581988897471611,3.8230580372365814,0.11823228534406327,0.03311827956989247,0.02559139784946236,0.04341176203141693,0.020645161290322567,0.8258064516129031,,,0.02559139784946236
experiments/cikm2026,lastfm,weighted_bpr,9,alpha_0.1_beta_0.0,0.1,none,,0.1579,0.4282993772653884,0.005254777070063694,0.07796784483890037,0.11145188718647625,0.14461904467087852,0.29610320651095323,0.21813536167205286,0.08340047245633148,0.07796784483890037,0.02069180575489707,-0.2581988897471611,3.824151492418559,0.12337538930187089,0.031182795698924726,0.021290322580645157,0.04640069108186146,0.02107526881720434,0.8279569892473116,,,0.021290322580645157
experiments/cikm2026_SOTA,lastfm,weighted_bpr,9,alpha_0.1_beta_0.0,0.1,none,,0.1579,0.4282993772653884,0.005254777070063694,0.07796784483890037,0.11145188718647625,0.14461904467087852,0.29610320651095323,0.21813536167205286,0.08340047245633148,0.07796784483890037,0.02069180575489707,-0.2581988897471611,3.824151492418559,0.12337538930187089,0.031182795698924726,0.021290322580645157,0.04640069108186146,0.02107526881720434,0.8279569892473116,,,0.021290322580645157
experiments/cikm2026,lastfm,weighted_bpr,0,alpha_0.2_beta_0.1,0.2,none,,0.1536,0.42593738151167293,0.005520169851380042,0.07419366305495781,0.10003009766601126,0.16074427738473532,0.27825305390211325,0.20405939084715544,0.07868319050718894,0.07419366305495781,-0.1275820496288655,0.2581988897471611,3.8050226192911856,0.14186273841187566,0.030749050899088404,0.02236559139784946,0.0687662824797108,0.03075268817204302,0.8094623655913977,,,0.02236559139784946
experiments/cikm2026,lastfm,weighted_bpr,0,alpha_0.2_beta_0.3,0.2,none,,0.1536,0.42593738151167293,0.005520169851380042,0.07419366305495781,0.10003009766601126,0.16074427738473532,0.27825305390211325,0.20405939084715544,0.07868319050718894,0.07419366305495781,-0.1275820496288655,0.2581988897471611,3.8050226192911856,0.14186273841187566,0.030749050899088404,0.02236559139784946,0.0687662824797108,0.03075268817204302,0.8094623655913977,,,0.02236559139784946
experiments/cikm2026,lastfm,weighted_bpr,0,alpha_0.2_beta_0.5,0.2,none,,0.1536,0.42593738151167293,0.005520169851380042,0.07419366305495781,0.10003009766601126,0.16074427738473532,0.27825305390211325,0.20405939084715544,0.07868319050718894,0.07419366305495781,-0.1275820496288655,0.2581988897471611,3.8050226192911856,0.14186273841187566,0.030749050899088404,0.02236559139784946,0.0687662824797108,0.03075268817204302,0.8094623655913977,,,0.02236559139784946
experiments/cikm2026,lastfm,weighted_bpr,0,alpha_0.2_beta_0.0,0.2,none,,0.1536,0.42593738151167293,0.005520169851380042,0.07419366305495781,0.10003009766601126,0.16074427738473532,0.27825305390211325,0.20405939084715544,0.07868319050718894,0.07419366305495781,-0.1275820496288655,0.2581988897471611,3.8050226192911856,0.14186273841187566,0.030749050899088404,0.02236559139784946,0.0687662824797108,0.03075268817204302,0.8094623655913977,,,0.02236559139784946
experiments/cikm2026,lastfm,weighted_bpr,0,alpha_0.2,0.2,none,,0.1536,0.42593738151167293,0.005520169851380042,0.07419366305495781,0.10003009766601126,0.16074427738473532,0.27825305390211325,0.20405939084715544,0.07868319050718894,0.07419366305495781,-0.1275820496288655,0.2581988897471611,3.8050226192911856,0.14186273841187566,0.030749050899088404,0.02236559139784946,0.0687662824797108,0.03075268817204302,0.8094623655913977,,,0.02236559139784946
experiments/cikm2026_SOTA,lastfm,weighted_bpr,0,alpha_0.2_beta_0.0,0.2,none,,0.1536,0.42593738151167293,0.005520169851380042,0.07419366305495781,0.10003009766601126,0.16074427738473532,0.27825305390211325,0.20405939084715544,0.07868319050718894,0.07419366305495781,-0.1275820496288655,0.2581988897471611,3.8050226192911856,0.14186273841187566,0.030749050899088404,0.02236559139784946,0.0687662824797108,0.03075268817204302,0.8094623655913977,,,0.02236559139784946
experiments/cikm2026,lastfm,weighted_bpr,1,alpha_0.2_beta_0.0,0.2,none,,0.1575,0.4253800566709086,0.0059447983014862,0.08483857466847952,0.11441130167829218,0.1569326999685227,0.27264969240939607,0.18781111774091655,0.07140684709201331,0.08483857466847952,0.45737692178956124,0.7745966692414834,3.800513764804837,0.14679806315215163,0.028602150537634402,0.02408602150537634,0.08852213053263307,0.04193548387096774,0.8053763440860213,,,0.02408602150537634
experiments/cikm2026_SOTA,lastfm,weighted_bpr,1,alpha_0.2_beta_0.0,0.2,none,,0.1575,0.4253800566709086,0.0059447983014862,0.08483857466847952,0.11441130167829218,0.1569326999685227,0.27264969240939607,0.18781111774091655,0.07140684709201331,0.08483857466847952,0.45737692178956124,0.7745966692414834,3.800513764804837,0.14679806315215163,0.028602150537634402,0.02408602150537634,0.08852213053263307,0.04193548387096774,0.8053763440860213,,,0.02408602150537634
experiments/cikm2026,lastfm,weighted_bpr,2,alpha_0.2_beta_0.0,0.2,none,,0.1517,0.4240265534861952,0.006369426751592357,0.07938165717383112,0.1084300558948069,0.15034213330049362,0.2674540970123129,0.18807243983848176,0.07159387246712168,0.07938165717383112,-0.25785863114790997,-0.10540925533894598,3.7896224056014,0.15662870263020295,0.02795335197435722,0.025795539794039413,0.09490099797676693,0.043010752688172116,0.7989247311827955,,,0.02516129032258064
experiments/cikm2026_SOTA,lastfm,weighted_bpr,2,alpha_0.2_beta_0.0,0.2,none,,0.1517,0.4240265534861952,0.006369426751592357,0.07938165717383112,0.1084300558948069,0.15034213330049362,0.2674540970123129,0.18807243983848176,0.07159387246712168,0.07938165717383112,-0.25785863114790997,-0.10540925533894598,3.7896224056014,0.15662870263020295,0.02795335197435722,0.025795539794039413,0.09490099797676693,0.043010752688172116,0.7989247311827955,,,0.02516129032258064
experiments/cikm2026,lastfm,weighted_bpr,3,alpha_0.2_beta_0.0,0.2,none,,0.1619,0.42384077853927377,0.00589171974522293,0.0761168762576276,0.11873638707723566,0.16103589782494812,0.2904099257635809,0.2142930495059533,0.08021372450860136,0.0761168762576276,0.5416810600628296,0.2581988897471611,3.788033371979358,0.15583759576257697,0.032258064516129024,0.023870967741935478,0.09370524449294135,0.04387096774193544,0.7924731182795698,,,0.023870967741935478
experiments/cikm2026_SOTA,lastfm,weighted_bpr,3,alpha_0.2_beta_0.0,0.2,none,,0.1619,0.42384077853927377,0.00589171974522293,0.0761168762576276,0.11873638707723566,0.16103589782494812,0.2904099257635809,0.2142930495059533,0.08021372450860136,0.0761168762576276,0.5416810600628296,0.2581988897471611,3.788033371979358,0.15583759576257697,0.032258064516129024,0.023870967741935478,0.09370524449294135,0.04387096774193544,0.7924731182795698,,,0.023870967741935478
experiments/cikm2026,lastfm,weighted_bpr,4,alpha_0.2_beta_0.0,0.2,none,,0.1552,0.4226199717452186,0.005414012738853503,0.0766979221985622,0.11075114574782444,0.16388790722421975,0.2681707000227275,0.19147277782416533,0.07241498141473282,0.0766979221985622,,,3.7781736343176693,0.16441064811657455,0.035480233694787325,0.021935483870967738,0.09192661801814085,0.04258064516129034,0.7845161290322579,,,0.021935483870967738
experiments/cikm2026_SOTA,lastfm,weighted_bpr,4,alpha_0.2_beta_0.0,0.2,none,,0.1552,0.4226199717452186,0.005414012738853503,0.0766979221985622,0.11075114574782444,0.16388790722421975,0.2681707000227275,0.19147277782416533,0.07241498141473282,0.0766979221985622,,,3.7781736343176693,0.16441064811657455,0.035480233694787325,0.021935483870967738,0.09192661801814085,0.04258064516129034,0.7845161290322579,,,0.021935483870967738
experiments/cikm2026,lastfm,weighted_bpr,5,alpha_0.2_beta_0.0,0.2,none,,0.1617,0.42540659594904023,0.006687898089171975,0.08030125186840475,0.11789337510382678,0.16240009795295454,0.28464407843993206,0.2043428265715273,0.07690888084129104,0.08030125186840475,-0.7532547639435899,-0.7745966692414834,3.800710632203505,0.14832162586101066,0.023870967741935478,0.027096774193548383,0.09365432267157703,0.043655913978494665,0.8045161290322579,,,0.027096774193548383
experiments/cikm2026_SOTA,lastfm,weighted_bpr,5,alpha_0.2_beta_0.0,0.2,none,,0.1617,0.42540659594904023,0.006687898089171975,0.08030125186840475,0.11789337510382678,0.16240009795295454,0.28464407843993206,0.2043428265715273,0.07690888084129104,0.08030125186840475,-0.7532547639435899,-0.7745966692414834,3.800710632203505,0.14832162586101066,0.023870967741935478,0.027096774193548383,0.09365432267157703,0.043655913978494665,0.8045161290322579,,,0.027096774193548383
experiments/cikm2026,lastfm,weighted_bpr,6,alpha_0.2_beta_0.0,0.2,none,,0.155,0.4250350460551974,0.0061571125265392785,0.07400577078864458,0.12448351643429977,0.1511740379116132,0.26902623875692105,0.1950204679682765,0.07160222191910448,0.07400577078864458,-0.08418217012676979,-0.316227766016838,3.7977398895178336,0.15194116710995928,0.0253763440860215,0.02494259928618518,0.09751074132169402,0.045161290322580636,0.8038709677419353,,,0.02473118279569892
experiments/cikm2026_SOTA,lastfm,weighted_bpr,6,alpha_0.2_beta_0.0,0.2,none,,0.155,0.4250350460551974,0.0061571125265392785,0.07400577078864458,0.12448351643429977,0.1511740379116132,0.26902623875692105,0.1950204679682765,0.07160222191910448,0.07400577078864458,-0.08418217012676979,-0.316227766016838,3.7977398895178336,0.15194116710995928,0.0253763440860215,0.02494259928618518,0.09751074132169402,0.045161290322580636,0.8038709677419353,,,0.02473118279569892
experiments/cikm2026,lastfm,weighted_bpr,7,alpha_0.2_beta_0.0,0.2,none,,0.1515,0.4253004388365137,0.006104033970276009,0.0727406904131609,0.10541094053585852,0.15573763301028865,0.27072336399682817,0.19798267358366728,0.07509813097680558,0.0727406904131609,0.9265205050248763,0.9486832980505139,3.799839505330878,0.13672690899997722,0.03870604014640022,0.024727545522744317,0.09281593125554112,0.03978494623655915,0.8030107526881719,,,0.02451612903225806
experiments/cikm2026_SOTA,lastfm,weighted_bpr,7,alpha_0.2_beta_0.0,0.2,none,,0.1515,0.4253004388365137,0.006104033970276009,0.0727406904131609,0.10541094053585852,0.15573763301028865,0.27072336399682817,0.19798267358366728,0.07509813097680558,0.0727406904131609,0.9265205050248763,0.9486832980505139,3.799839505330878,0.13672690899997722,0.03870604014640022,0.024727545522744317,0.09281593125554112,0.03978494623655915,0.8030107526881719,,,0.02451612903225806
experiments/cikm2026,lastfm,weighted_bpr,8,alpha_0.2_beta_0.0,0.2,none,,0.1538,0.42524736028025045,0.0050424628450106155,0.07897464380583752,0.11555139868765886,0.14916626545697353,0.27032013713636194,0.19134549333052442,0.07186767478212579,0.07897464380583752,0.9202324636446426,0.7745966692414834,3.799449407806496,0.14292345813726154,0.037197026529359606,0.020430107526881715,0.10095160153674768,0.04150537634408602,0.8049462365591397,,,0.020430107526881715
experiments/cikm2026_SOTA,lastfm,weighted_bpr,8,alpha_0.2_beta_0.0,0.2,none,,0.1538,0.42524736028025045,0.0050424628450106155,0.07897464380583752,0.11555139868765886,0.14916626545697353,0.27032013713636194,0.19134549333052442,0.07186767478212579,0.07897464380583752,0.9202324636446426,0.7745966692414834,3.799449407806496,0.14292345813726154,0.037197026529359606,0.020430107526881715,0.10095160153674768,0.04150537634408602,0.8049462365591397,,,0.020430107526881715
experiments/cikm2026,lastfm,weighted_bpr,9,alpha_0.2_beta_0.0,0.2,none,,0.1548,0.425857763677278,0.003980891719745223,0.07428034664038413,0.10753440881502879,0.1427296641627911,0.29344133304862857,0.21916098640824444,0.0837916975672333,0.07428034664038413,0.3403014784447058,0.2581988897471611,3.804388369819727,0.14442883448134758,0.03505376344086021,0.016129032258064512,0.09624951692468578,0.03999999999999998,0.8094623655913977,,,0.016129032258064512
experiments/cikm2026_SOTA,lastfm,weighted_bpr,9,alpha_0.2_beta_0.0,0.2,none,,0.1548,0.425857763677278,0.003980891719745223,0.07428034664038413,0.10753440881502879,0.1427296641627911,0.29344133304862857,0.21916098640824444,0.0837916975672333,0.07428034664038413,0.3403014784447058,0.2581988897471611,3.804388369819727,0.14442883448134758,0.03505376344086021,0.016129032258064512,0.09624951692468578,0.03999999999999998,0.8094623655913977,,,0.016129032258064512
experiments/cikm2026,lastfm,weighted_bpr,0,alpha_0.4_beta_0.1,0.4,none,,0.1458,0.4195944940382122,0.00578556263269639,0.06134557566925212,0.09142370159894891,0.14882376113742038,0.28024795276214326,0.21890237709289115,0.08392595698580733,0.06134557566925212,0.6278518989213541,0.7745966692414834,3.753708427106776,0.19275046034235827,0.03010025233581122,0.02344086021505376,0.16924412921412174,0.07720430107526888,0.7630107526881719,,,0.02344086021505376
experiments/cikm2026,lastfm,weighted_bpr,0,alpha_0.4_beta_0.3,0.4,none,,0.1458,0.4195944940382122,0.00578556263269639,0.06134557566925212,0.09142370159894891,0.14882376113742038,0.28024795276214326,0.21890237709289115,0.08392595698580733,0.06134557566925212,0.6278518989213541,0.7745966692414834,3.753708427106776,0.19275046034235827,0.03010025233581122,0.02344086021505376,0.16924412921412174,0.07720430107526888,0.7630107526881719,,,0.02344086021505376
experiments/cikm2026,lastfm,weighted_bpr,0,alpha_0.4,0.4,none,,0.1458,0.4195944940382122,0.00578556263269639,0.06134557566925212,0.09142370159894891,0.14882376113742038,0.28024795276214326,0.21890237709289115,0.08392595698580733,0.06134557566925212,0.6278518989213541,0.7745966692414834,3.753708427106776,0.19275046034235827,0.03010025233581122,0.02344086021505376,0.16924412921412174,0.07720430107526888,0.7630107526881719,,,0.02344086021505376
experiments/cikm2026,lastfm,weighted_bpr,0,alpha_0.4_beta_0.5,0.4,none,,0.1458,0.4195944940382122,0.00578556263269639,0.06134557566925212,0.09142370159894891,0.14882376113742038,0.28024795276214326,0.21890237709289115,0.08392595698580733,0.06134557566925212,0.6278518989213541,0.7745966692414834,3.753708427106776,0.19275046034235827,0.03010025233581122,0.02344086021505376,0.16924412921412174,0.07720430107526888,0.7630107526881719,,,0.02344086021505376
experiments/cikm2026,lastfm,weighted_bpr,0,alpha_0.4_beta_0.0,0.4,none,,0.1458,0.4195944940382122,0.00578556263269639,0.06134557566925212,0.09142370159894891,0.14882376113742038,0.28024795276214326,0.21890237709289115,0.08392595698580733,0.06134557566925212,0.6278518989213541,0.7745966692414834,3.753708427106776,0.19275046034235827,0.03010025233581122,0.02344086021505376,0.16924412921412174,0.07720430107526888,0.7630107526881719,,,0.02344086021505376
experiments/cikm2026_SOTA,lastfm,weighted_bpr,0,alpha_0.4_beta_0.0,0.4,none,,0.1458,0.4195944940382122,0.00578556263269639,0.06134557566925212,0.09142370159894891,0.14882376113742038,0.28024795276214326,0.21890237709289115,0.08392595698580733,0.06134557566925212,0.6278518989213541,0.7745966692414834,3.753708427106776,0.19275046034235827,0.03010025233581122,0.02344086021505376,0.16924412921412174,0.07720430107526888,0.7630107526881719,,,0.02344086021505376
experiments/cikm2026,lastfm,weighted_bpr,1,alpha_0.4_beta_0.0,0.4,none,,0.1496,0.41786944095965595,0.005626326963906581,0.07501582124304997,0.10644942091142143,0.14875872802260345,0.26677406973911394,0.191758248496064,0.07272336485146279,0.07501582124304997,0.5439762907935489,0.7745966692414834,3.739748118847893,0.20090067971538333,0.036555502511991626,0.022795698924731177,0.20919320739275718,0.09483870967741925,0.7501075268817203,,,0.022795698924731177
experiments/cikm2026_SOTA,lastfm,weighted_bpr,1,alpha_0.4_beta_0.0,0.4,none,,0.1496,0.41786944095965595,0.005626326963906581,0.07501582124304997,0.10644942091142143,0.14875872802260345,0.26677406973911394,0.191758248496064,0.07272336485146279,0.07501582124304997,0.5439762907935489,0.7745966692414834,3.739748118847893,0.20090067971538333,0.036555502511991626,0.022795698924731177,0.20919320739275718,0.09483870967741925,0.7501075268817203,,,0.022795698924731177
experiments/cikm2026,lastfm,weighted_bpr,2,alpha_0.4_beta_0.0,0.4,none,,0.1419,0.418081755184709,0.005254777070063694,0.0688977528486166,0.09852719475935301,0.13612488574561607,0.2626700786661997,0.19377232581758308,0.07387289084734962,0.0688977528486166,0.1710908335269666,0.316227766016838,3.74151583350383,0.20753461092545858,0.0296701448089295,0.021279410761781352,0.1984259701288958,0.08731182795698922,0.7546236559139784,,,0.020645161290322577
experiments/cikm2026_SOTA,lastfm,weighted_bpr,2,alpha_0.4_beta_0.0,0.4,none,,0.1419,0.418081755184709,0.005254777070063694,0.0688977528486166,0.09852719475935301,0.13612488574561607,0.2626700786661997,0.19377232581758308,0.07387289084734962,0.0688977528486166,0.1710908335269666,0.316227766016838,3.74151583350383,0.20753461092545858,0.0296701448089295,0.021279410761781352,0.1984259701288958,0.08731182795698922,0.7546236559139784,,,0.020645161290322577
experiments/cikm2026,lastfm,weighted_bpr,3,alpha_0.4_beta_0.0,0.4,none,,0.1547,0.4177102052908661,0.006210191082802548,0.06507554093738568,0.11179756949124238,0.15324790994593968,0.287152962434694,0.22207742149730833,0.08279262625222122,0.06507554093738568,,,3.738457796267248,0.20176816931505603,0.03461274409511468,0.02516129032258064,0.19027575075587078,0.0875268817204301,0.7488172043010751,,,0.02516129032258064
experiments/cikm2026_SOTA,lastfm,weighted_bpr,3,alpha_0.4_beta_0.0,0.4,none,,0.1547,0.4177102052908661,0.006210191082802548,0.06507554093738568,0.11179756949124238,0.15324790994593968,0.287152962434694,0.22207742149730833,0.08279262625222122,0.06507554093738568,,,3.738457796267248,0.20176816931505603,0.03461274409511468,0.02516129032258064,0.19027575075587078,0.0875268817204301,0.7488172043010751,,,0.02516129032258064
experiments/cikm2026,lastfm,weighted_bpr,4,alpha_0.4_beta_0.0,0.4,none,,0.1459,0.4163036235498895,0.005148619957537155,0.06333065287044085,0.09948075495278516,0.15393616835638024,0.2653707160158577,0.20204006314541686,0.07633761608611497,0.06333065287044085,0.5922552547045686,0.7745966692414834,3.727110868626247,0.2182691127327286,0.03375980358726044,0.020860215053763436,0.19620268703539503,0.08666666666666667,0.7404301075268815,,,0.020860215053763436
experiments/cikm2026_SOTA,lastfm,weighted_bpr,4,alpha_0.4_beta_0.0,0.4,none,,0.1459,0.4163036235498895,0.005148619957537155,0.06333065287044085,0.09948075495278516,0.15393616835638024,0.2653707160158577,0.20204006314541686,0.07633761608611497,0.06333065287044085,0.5922552547045686,0.7745966692414834,3.727110868626247,0.2182691127327286,0.03375980358726044,0.020860215053763436,0.19620268703539503,0.08666666666666667,0.7404301075268815,,,0.020860215053763436
experiments/cikm2026,lastfm,weighted_bpr,5,alpha_0.4_beta_0.0,0.4,none,,0.1534,0.4186125407473417,0.006316348195329087,0.07017866266730326,0.10843170276398276,0.15027118183656166,0.2831690974061265,0.21299043473882323,0.08030745102879361,0.07017866266730326,0.3402199128858289,0.316227766016838,3.7457587124053733,0.1979008388460751,0.030752688172043005,0.02558776057650776,0.20529314146718494,0.09268817204301072,0.7554838709677418,,,0.0253763440860215
experiments/cikm2026_SOTA,lastfm,weighted_bpr,5,alpha_0.4_beta_0.0,0.4,none,,0.1534,0.4186125407473417,0.006316348195329087,0.07017866266730326,0.10843170276398276,0.15027118183656166,0.2831690974061265,0.21299043473882323,0.08030745102879361,0.07017866266730326,0.3402199128858289,0.316227766016838,3.7457587124053733,0.1979008388460751,0.030752688172043005,0.02558776057650776,0.20529314146718494,0.09268817204301072,0.7554838709677418,,,0.0253763440860215
experiments/cikm2026,lastfm,weighted_bpr,6,alpha_0.4_beta_0.0,0.4,none,,0.1475,0.4174713517876814,0.0059447983014862,0.06506026233925494,0.11574286776519765,0.14013732993108785,0.26769542085149206,0.20263515851223712,0.07467514427894255,0.06506026233925494,0.0878774906549523,-0.316227766016838,3.7365877833094627,0.20708267976084926,0.03225078997021982,0.024078746959467136,0.22110527631907975,0.09634408602150535,0.7507526881720429,,,0.02365591397849462
experiments/cikm2026_SOTA,lastfm,weighted_bpr,6,alpha_0.4_beta_0.0,0.4,none,,0.1475,0.4174713517876814,0.0059447983014862,0.06506026233925494,0.11574286776519765,0.14013732993108785,0.26769542085149206,0.20263515851223712,0.07467514427894255,0.06506026233925494,0.0878774906549523,-0.316227766016838,3.7365877833094627,0.20708267976084926,0.03225078997021982,0.024078746959467136,0.22110527631907975,0.09634408602150535,0.7507526881720429,,,0.02365591397849462
experiments/cikm2026,lastfm,weighted_bpr,7,alpha_0.4_beta_0.0,0.4,none,,0.1462,0.4183471479660254,0.005520169851380042,0.06385042119790514,0.10340549606224976,0.14646077017009268,0.2696037830882487,0.2057533618903436,0.07720239168228864,0.06385042119790514,0.7479185541733067,0.7745966692414834,3.7436190865898284,0.19337743526790785,0.04063788674441337,0.02236559139784946,0.20955784400645622,0.08881720430107531,0.7539784946236557,,,0.02236559139784946
experiments/cikm2026_SOTA,lastfm,weighted_bpr,7,alpha_0.4_beta_0.0,0.4,none,,0.1462,0.4183471479660254,0.005520169851380042,0.06385042119790514,0.10340549606224976,0.14646077017009268,0.2696037830882487,0.2057533618903436,0.07720239168228864,0.06385042119790514,0.7479185541733067,0.7745966692414834,3.7436190865898284,0.19337743526790785,0.04063788674441337,0.02236559139784946,0.20955784400645622,0.08881720430107531,0.7539784946236557,,,0.02236559139784946
experiments/cikm2026,lastfm,weighted_bpr,8,alpha_0.4_beta_0.0,0.4,none,,0.1481,0.4195679547600806,0.004830148619957537,0.07023338972222802,0.10520254012273234,0.14733665027439627,0.26841550537751546,0.19818211565528743,0.07479879245838802,0.07023338972222802,0.7101903137241417,0.316227766016838,3.7535224715269724,0.19295460228693534,0.0339566709859283,0.019566255200163675,0.19495601173020521,0.0832258064516129,0.764516129032258,,,0.019354838709677417
experiments/cikm2026_SOTA,lastfm,weighted_bpr,8,alpha_0.4_beta_0.0,0.4,none,,0.1481,0.4195679547600806,0.004830148619957537,0.07023338972222802,0.10520254012273234,0.14733665027439627,0.26841550537751546,0.19818211565528743,0.07479879245838802,0.07023338972222802,0.7101903137241417,0.316227766016838,3.7535224715269724,0.19295460228693534,0.0339566709859283,0.019566255200163675,0.19495601173020521,0.0832258064516129,0.764516129032258,,,0.019354838709677417
experiments/cikm2026,lastfm,weighted_bpr,9,alpha_0.4_beta_0.0,0.4,none,,0.148,0.4191433263099744,0.004299363057324841,0.06551762719539615,0.1003289653400897,0.1335281805529419,0.29114881202013565,0.22563118482473948,0.08627911155035657,0.06551762719539615,0.4085434052114789,0.7745966692414834,3.750085248584873,0.19873559298915636,0.03375980358726044,0.017419354838709673,0.2022751142331038,0.08838709677419354,0.761290322580645,,,0.017419354838709673
experiments/cikm2026_SOTA,lastfm,weighted_bpr,9,alpha_0.4_beta_0.0,0.4,none,,0.148,0.4191433263099744,0.004299363057324841,0.06551762719539615,0.1003289653400897,0.1335281805529419,0.29114881202013565,0.22563118482473948,0.08627911155035657,0.06551762719539615,0.4085434052114789,0.7745966692414834,3.750085248584873,0.19873559298915636,0.03375980358726044,0.017419354838709673,0.2022751142331038,0.08838709677419354,0.761290322580645,,,0.017419354838709673
experiments/cikm2026,lastfm,weighted_bpr,0,alpha_0.8,0.8,none,,0.1235,0.3985223072016942,0.007218683651804671,0.037004811652243286,0.06801720026444155,0.12457366093135014,0.263125429900222,0.2261206182479787,0.0866829902603189,0.037004811652243286,-0.35118869308100203,-0.316227766016838,3.5835922617017886,0.34015458410057053,0.04703857782627474,0.029214576371365566,0.5073259223896881,0.2103225806451613,0.6298924731182795,,,0.02731182795698924
experiments/cikm2026_SOTA,lastfm,weighted_bpr,0,alpha_0.8_beta_0.0,0.8,none,,0.1235,0.3985223072016942,0.007218683651804671,0.037004811652243286,0.06801720026444155,0.12457366093135014,0.263125429900222,0.2261206182479787,0.0866829902603189,0.037004811652243286,-0.35118869308100203,-0.316227766016838,3.5835922617017886,0.34015458410057053,0.04703857782627474,0.029214576371365566,0.5073259223896881,0.2103225806451613,0.6298924731182795,,,0.02731182795698924
experiments/cikm2026,lastfm,weighted_bpr,1,alpha_0.8_beta_0.0,0.8,none,,0.1261,0.39361254074734175,0.008917197452229299,0.044344021864954376,0.08080191592771288,0.12284673129791891,0.25511459130103464,0.21077056943608027,0.07967259113606012,0.044344021864954376,-0.6589201871274073,-0.7999999999999999,3.543912796380913,0.36007456409556926,0.05992725454090794,0.03608538498260928,0.5969928845847825,0.24860215053763435,0.5963440860215052,,,0.033548387096774185
experiments/cikm2026_SOTA,lastfm,weighted_bpr,1,alpha_0.8_beta_0.0,0.8,none,,0.1261,0.39361254074734175,0.008917197452229299,0.044344021864954376,0.08080191592771288,0.12284673129791891,0.25511459130103464,0.21077056943608027,0.07967259113606012,0.044344021864954376,-0.6589201871274073,-0.7999999999999999,3.543912796380913,0.36007456409556926,0.05992725454090794,0.03608538498260928,0.5969928845847825,0.24860215053763435,0.5963440860215052,,,0.033548387096774185
experiments/cikm2026,lastfm,weighted_bpr,2,alpha_0.8_beta_0.0,0.8,none,,0.1182,0.3952845152696347,0.006900212314225053,0.038530889440519314,0.07066257248321427,0.11521772789374553,0.24698564649820634,0.208454757057687,0.07937430104581691,0.038530889440519314,-0.6577362711756316,-0.632455532033676,3.557468458023596,0.36388733547023105,0.050716315442496974,0.027927891063675003,0.5592088931323739,0.2316129032258064,0.6103225806451612,,,0.02623655913978494
experiments/cikm2026_SOTA,lastfm,weighted_bpr,2,alpha_0.8_beta_0.0,0.8,none,,0.1182,0.3952845152696347,0.006900212314225053,0.038530889440519314,0.07066257248321427,0.11521772789374553,0.24698564649820634,0.208454757057687,0.07937430104581691,0.038530889440519314,-0.6577362711756316,-0.632455532033676,3.557468458023596,0.36388733547023105,0.050716315442496974,0.027927891063675003,0.5592088931323739,0.2316129032258064,0.6103225806451612,,,0.02623655913978494
experiments/cikm2026,lastfm,weighted_bpr,3,alpha_0.8_beta_0.0,0.8,none,,0.1303,0.3868981033800381,0.012632696390658175,0.038876949337048286,0.08035246172903958,0.13157540239023902,0.26878050969479644,0.22990356035774817,0.08664692318990005,0.038876949337048286,-0.5638907489012555,-0.7999999999999999,3.489431448771283,0.3996917411170974,0.05974129896110389,0.051135511150514894,0.6883284457478005,0.29870967741935484,0.5376344086021504,,,0.04838709677419354
experiments/cikm2026_SOTA,lastfm,weighted_bpr,3,alpha_0.8_beta_0.0,0.8,none,,0.1303,0.3868981033800381,0.012632696390658175,0.038876949337048286,0.08035246172903958,0.13157540239023902,0.26878050969479644,0.22990356035774817,0.08664692318990005,0.038876949337048286,-0.5638907489012555,-0.7999999999999999,3.489431448771283,0.3996917411170974,0.05974129896110389,0.051135511150514894,0.6883284457478005,0.29870967741935484,0.5376344086021504,,,0.04838709677419354
experiments/cikm2026,lastfm,weighted_bpr,4,alpha_0.8_beta_0.0,0.8,none,,0.1209,0.39324099085349884,0.007537154989384289,0.038111697480020135,0.0722189660258622,0.12770287544733122,0.24410217347952795,0.20599047599950782,0.07817970442007721,0.038111697480020135,-0.554150759222746,-1.0,3.5409238673304686,0.37636409102275564,0.05219259360294618,0.030519448043829136,0.5664261519925433,0.23247311827956985,0.5946236559139784,,,0.029462365591397845
experiments/cikm2026_SOTA,lastfm,weighted_bpr,4,alpha_0.8_beta_0.0,0.8,none,,0.1209,0.39324099085349884,0.007537154989384289,0.038111697480020135,0.0722189660258622,0.12770287544733122,0.24410217347952795,0.20599047599950782,0.07817970442007721,0.038111697480020135,-0.554150759222746,-1.0,3.5409238673304686,0.37636409102275564,0.05219259360294618,0.030519448043829136,0.5664261519925433,0.23247311827956985,0.5946236559139784,,,0.029462365591397845
experiments/cikm2026,lastfm,weighted_bpr,5,alpha_0.8_beta_0.0,0.8,none,,0.1324,0.3951252796008449,0.006263269639065818,0.043422212009720365,0.0874424558981637,0.12735316913485,0.27003070314413663,0.22660849113441628,0.08500801707212087,0.043422212009720365,0.39915375412252274,0.39999999999999997,3.5562254199913608,0.37523790038418686,0.04318215917615766,0.02535452044829389,0.5869403714565002,0.23634408602150536,0.6118279569892472,,,0.02408602150537634
experiments/cikm2026_SOTA,lastfm,weighted_bpr,5,alpha_0.8_beta_0.0,0.8,none,,0.1324,0.3951252796008449,0.006263269639065818,0.043422212009720365,0.0874424558981637,0.12735316913485,0.27003070314413663,0.22660849113441628,0.08500801707212087,0.043422212009720365,0.39915375412252274,0.39999999999999997,3.5562254199913608,0.37523790038418686,0.04318215917615766,0.02535452044829389,0.5869403714565002,0.23634408602150536,0.6118279569892472,,,0.02408602150537634
experiments/cikm2026,lastfm,weighted_bpr,6,alpha_0.8_beta_0.0,0.8,none,,0.125,0.3939310120849214,0.010509554140127388,0.03824592758388161,0.08573319560587328,0.11847886450670131,0.2562238650732121,0.21797793748933048,0.08113252215195835,0.03824592758388161,-0.35231557855209317,-0.7378647873726218,3.5463806860806106,0.35845234035781665,0.05262997567573711,0.04253699788583508,0.5963581804542042,0.2548387096774193,0.592258064516129,,,0.039999999999999994
experiments/cikm2026_SOTA,lastfm,weighted_bpr,6,alpha_0.8_beta_0.0,0.8,none,,0.125,0.3939310120849214,0.010509554140127388,0.03824592758388161,0.08573319560587328,0.11847886450670131,0.2562238650732121,0.21797793748933048,0.08113252215195835,0.03824592758388161,-0.35231557855209317,-0.7378647873726218,3.5463806860806106,0.35845234035781665,0.05262997567573711,0.04253699788583508,0.5963581804542042,0.2548387096774193,0.592258064516129,,,0.039999999999999994
experiments/cikm2026,lastfm,weighted_bpr,7,alpha_0.8_beta_0.0,0.8,none,,0.1246,0.39504566176645,0.006740976645435244,0.037749455873363806,0.0800477519727549,0.12241321705736222,0.25681527910351315,0.21906582323014934,0.08217832697108,0.037749455873363806,0.5982676499254048,0.39999999999999997,3.5554856896042186,0.3604901225306326,0.056734183545886455,0.02729000431926163,0.5785128100206869,0.2372043010752688,0.6055913978494623,,,0.02602150537634408
experiments/cikm2026_SOTA,lastfm,weighted_bpr,7,alpha_0.8_beta_0.0,0.8,none,,0.1246,0.39504566176645,0.006740976645435244,0.037749455873363806,0.0800477519727549,0.12241321705736222,0.25681527910351315,0.21906582323014934,0.08217832697108,0.037749455873363806,0.5982676499254048,0.39999999999999997,3.5554856896042186,0.3604901225306326,0.056734183545886455,0.02729000431926163,0.5785128100206869,0.2372043010752688,0.6055913978494623,,,0.02602150537634408
experiments/cikm2026,lastfm,weighted_bpr,8,alpha_0.8_beta_0.0,0.8,none,,0.1283,0.3961072328917154,0.007961783439490446,0.041431959028354476,0.08533323985854514,0.12881943272394575,0.2560224741589027,0.21459051513054825,0.08016368396431747,0.041431959028354476,-0.9594108407827036,-0.9486832980505139,3.564153311055036,0.35681238491441036,0.04680897497101547,0.03222532905953761,0.5607911068676259,0.22838709677419355,0.6180645161290321,,,0.030322580645161284
experiments/cikm2026_SOTA,lastfm,weighted_bpr,8,alpha_0.8_beta_0.0,0.8,none,,0.1283,0.3961072328917154,0.007961783439490446,0.041431959028354476,0.08533323985854514,0.12881943272394575,0.2560224741589027,0.21459051513054825,0.08016368396431747,0.041431959028354476,-0.9594108407827036,-0.9486832980505139,3.564153311055036,0.35681238491441036,0.04680897497101547,0.03222532905953761,0.5607911068676259,0.22838709677419355,0.6180645161290321,,,0.030322580645161284
experiments/cikm2026,lastfm,weighted_bpr,9,alpha_0.8_beta_0.0,0.8,none,,0.1281,0.3952845152696347,0.007696390658174098,0.04204391010141715,0.07587316012286645,0.1170362493706364,0.2759513160858331,0.23390740598441598,0.08960350527445142,0.04204391010141715,-0.5893650376369468,-0.7378647873726218,3.557490281661323,0.36042101434449514,0.05092409466002863,0.031164609334151716,0.5784327900156856,0.23741935483870968,0.6116129032258063,,,0.030107526881720425
experiments/cikm2026_SOTA,lastfm,weighted_bpr,9,alpha_0.8_beta_0.0,0.8,none,,0.1281,0.3952845152696347,0.007696390658174098,0.04204391010141715,0.07587316012286645,0.1170362493706364,0.2759513160858331,0.23390740598441598,0.08960350527445142,0.04204391010141715,-0.5893650376369468,-0.7378647873726218,3.557490281661323,0.36042101434449514,0.05092409466002863,0.031164609334151716,0.5784327900156856,0.23741935483870968,0.6116129032258063,,,0.030107526881720425
experiments/cikm2026,lastfm,weighted_itemknn,0,alpha_0.0,0.0,none,,0.1696,0.29095861293417824,0.08911889596602972,0.05753759252008523,0.11519179904952102,0.1856123232594831,0.3208902985417256,0.2633527060216404,0.09831481496741794,0.05753759252008523,,,2.7184246061515376,0.4503616813294232,0.471953442906181,0.35926026961285773,0.0,0.0,0.13935483870967738,,,0.253763440860215
experiments/cikm2026,lastfm,weighted_itemknn,0,alpha_0.0_beta_0.1,0.0,none,,0.1696,0.29095861293417824,0.08911889596602972,0.05753759252008523,0.11519179904952102,0.1856123232594831,0.3208902985417256,0.2633527060216404,0.09831481496741794,0.05753759252008523,,,2.7184246061515376,0.4503616813294232,0.471953442906181,0.35926026961285773,0.0,0.0,0.13935483870967738,,,0.253763440860215
experiments/cikm2026,lastfm,weighted_itemknn,0,baseline,0.0,none,,0.1696,0.29095861293417824,0.08911889596602972,0.05753759252008523,0.11519179904952102,0.1856123232594831,0.3208902985417256,0.2633527060216404,0.09831481496741794,0.05753759252008523,,,2.7184246061515376,0.4503616813294232,0.471953442906181,0.35926026961285773,,,0.13935483870967738,,,0.253763440860215
experiments/cikm2026,lastfm,weighted_itemknn,0,alpha_0.0_beta_0.5,0.0,none,,0.1696,0.29095861293417824,0.08911889596602972,0.05753759252008523,0.11519179904952102,0.1856123232594831,0.3208902985417256,0.2633527060216404,0.09831481496741794,0.05753759252008523,,,2.7184246061515376,0.4503616813294232,0.471953442906181,0.35926026961285773,0.0,0.0,0.13935483870967738,,,0.253763440860215
experiments/cikm2026,lastfm,weighted_itemknn,0,alpha_0.0_beta_0.0,0.0,none,,0.1696,0.29095861293417824,0.08911889596602972,0.05753759252008523,0.11519179904952102,0.1856123232594831,0.3208902985417256,0.2633527060216404,0.09831481496741794,0.05753759252008523,,,2.7184246061515376,0.4503616813294232,0.471953442906181,0.35926026961285773,0.0,0.0,0.13935483870967738,,,0.253763440860215
experiments/cikm2026,lastfm,weighted_itemknn,0,alpha_0.0_beta_0.3,0.0,none,,0.1696,0.29095861293417824,0.08911889596602972,0.05753759252008523,0.11519179904952102,0.1856123232594831,0.3208902985417256,0.2633527060216404,0.09831481496741794,0.05753759252008523,,,2.7184246061515376,0.4503616813294232,0.471953442906181,0.35926026961285773,0.0,0.0,0.13935483870967738,,,0.253763440860215
experiments/cikm2026_SOTA,lastfm,weighted_itemknn,0,baseline,0.0,none,,0.1696,0.29095861293417824,0.08911889596602972,0.05753759252008523,0.11519179904952102,0.1856123232594831,0.3208902985417256,0.2633527060216404,0.09831481496741794,0.05753759252008523,,,2.7184246061515376,0.4503616813294232,0.471953442906181,0.35926026961285773,,,0.13935483870967738,,,0.253763440860215
experiments/cikm2026_SOTA,lastfm,weighted_itemknn,0,baseline,0.0,none,,0.1696,0.29095861293417824,0.08911889596602972,0.05753759252008523,0.11519179904952102,0.1856123232594831,0.3208902985417256,0.2633527060216404,0.09831481496741794,0.05753759252008523,,,2.7184246061515376,0.4503616813294232,0.471953442906181,0.35926026961285773,,,0.13935483870967738,,,0.253763440860215
experiments/cikm2026_SOTA,lastfm,weighted_itemknn,0,baseline,0.0,none,,0.1696,0.29095861293417824,0.08911889596602972,0.05753759252008523,0.11519179904952102,0.1856123232594831,0.3208902985417256,0.2633527060216404,0.09831481496741794,0.05753759252008523,,,2.7184246061515376,0.4503616813294232,0.471953442906181,0.35926026961285773,,,0.13935483870967738,,,0.253763440860215
experiments/cikm2026_SOTA,lastfm,weighted_itemknn,0,baseline,0.0,none,,0.1696,0.29095861293417824,0.08911889596602972,0.05753759252008523,0.11519179904952102,0.1856123232594831,0.3208902985417256,0.2633527060216404,0.09831481496741794,0.05753759252008523,,,2.7184246061515376,0.4503616813294232,0.471953442906181,0.35926026961285773,,,0.13935483870967738,,,0.253763440860215
experiments/cikm2026_SOTA,lastfm,weighted_itemknn,0,baseline,0.0,none,,0.1696,0.29095861293417824,0.08911889596602972,0.05753759252008523,0.11519179904952102,0.1856123232594831,0.3208902985417256,0.2633527060216404,0.09831481496741794,0.05753759252008523,,,2.7184246061515376,0.4503616813294232,0.471953442906181,0.35926026961285773,,,0.13935483870967738,,,0.253763440860215
experiments/cikm2026,lastfm,weighted_itemknn,1,baseline,0.0,none,,0.1651,0.2932940694097621,0.08959660297239914,0.06801947542666822,0.1167665771337328,0.1788840377724535,0.29798719293275533,0.2299677175060871,0.08603685049146084,0.06801947542666822,,,2.737360249153197,0.45579303916888303,0.44561458546454785,0.3612321262133714,,,0.15892473118279568,,,0.25784946236559136
experiments/cikm2026_SOTA,lastfm,weighted_itemknn,1,baseline,0.0,none,,0.1651,0.2932940694097621,0.08959660297239914,0.06801947542666822,0.1167665771337328,0.1788840377724535,0.29798719293275533,0.2299677175060871,0.08603685049146084,0.06801947542666822,,,2.737360249153197,0.45579303916888303,0.44561458546454785,0.3612321262133714,,,0.15892473118279568,,,0.25784946236559136
experiments/cikm2026_SOTA,lastfm,weighted_itemknn,1,baseline,0.0,none,,0.1651,0.2932940694097621,0.08959660297239914,0.06801947542666822,0.1167665771337328,0.1788840377724535,0.29798719293275533,0.2299677175060871,0.08603685049146084,0.06801947542666822,,,2.737360249153197,0.45579303916888303,0.44561458546454785,0.3612321262133714,,,0.15892473118279568,,,0.25784946236559136
experiments/cikm2026_SOTA,lastfm,weighted_itemknn,1,baseline,0.0,none,,0.1651,0.2932940694097621,0.08959660297239914,0.06801947542666822,0.1167665771337328,0.1788840377724535,0.29798719293275533,0.2299677175060871,0.08603685049146084,0.06801947542666822,,,2.737360249153197,0.45579303916888303,0.44561458546454785,0.3612321262133714,,,0.15892473118279568,,,0.25784946236559136
experiments/cikm2026_SOTA,lastfm,weighted_itemknn,1,baseline,0.0,none,,0.1651,0.2932940694097621,0.08959660297239914,0.06801947542666822,0.1167665771337328,0.1788840377724535,0.29798719293275533,0.2299677175060871,0.08603685049146084,0.06801947542666822,,,2.737360249153197,0.45579303916888303,0.44561458546454785,0.3612321262133714,,,0.15892473118279568,,,0.25784946236559136
experiments/cikm2026_SOTA,lastfm,weighted_itemknn,1,baseline,0.0,none,,0.1651,0.2932940694097621,0.08959660297239914,0.06801947542666822,0.1167665771337328,0.1788840377724535,0.29798719293275533,0.2299677175060871,0.08603685049146084,0.06801947542666822,,,2.737360249153197,0.45579303916888303,0.44561458546454785,0.3612321262133714,,,0.15892473118279568,,,0.25784946236559136
experiments/cikm2026,lastfm,weighted_itemknn,2,baseline,0.0,none,,0.1607,0.2914628592186793,0.09708067940552018,0.06336443045917634,0.10768699242338296,0.17285267872049775,0.301115819021794,0.23775138856261768,0.08964882861742347,0.06336443045917634,,,2.722790697674418,0.43273500193230113,0.4531014571824774,0.39137284321080257,,,0.15999999999999998,,,0.2774193548387096
experiments/cikm2026_SOTA,lastfm,weighted_itemknn,2,baseline,0.0,none,,0.1607,0.2914628592186793,0.09708067940552018,0.06336443045917634,0.10768699242338296,0.17285267872049775,0.301115819021794,0.23775138856261768,0.08964882861742347,0.06336443045917634,,,2.722790697674418,0.43273500193230113,0.4531014571824774,0.39137284321080257,,,0.15999999999999998,,,0.2774193548387096
experiments/cikm2026_SOTA,lastfm,weighted_itemknn,2,baseline,0.0,none,,0.1607,0.2914628592186793,0.09708067940552018,0.06336443045917634,0.10768699242338296,0.17285267872049775,0.301115819021794,0.23775138856261768,0.08964882861742347,0.06336443045917634,,,2.722790697674418,0.43273500193230113,0.4531014571824774,0.39137284321080257,,,0.15999999999999998,,,0.2774193548387096
experiments/cikm2026_SOTA,lastfm,weighted_itemknn,2,baseline,0.0,none,,0.1607,0.2914628592186793,0.09708067940552018,0.06336443045917634,0.10768699242338296,0.17285267872049775,0.301115819021794,0.23775138856261768,0.08964882861742347,0.06336443045917634,,,2.722790697674418,0.43273500193230113,0.4531014571824774,0.39137284321080257,,,0.15999999999999998,,,0.2774193548387096
experiments/cikm2026_SOTA,lastfm,weighted_itemknn,2,baseline,0.0,none,,0.1607,0.2914628592186793,0.09708067940552018,0.06336443045917634,0.10768699242338296,0.17285267872049775,0.301115819021794,0.23775138856261768,0.08964882861742347,0.06336443045917634,,,2.722790697674418,0.43273500193230113,0.4531014571824774,0.39137284321080257,,,0.15999999999999998,,,0.2774193548387096
experiments/cikm2026_SOTA,lastfm,weighted_itemknn,2,baseline,0.0,none,,0.1607,0.2914628592186793,0.09708067940552018,0.06336443045917634,0.10768699242338296,0.17285267872049775,0.301115819021794,0.23775138856261768,0.08964882861742347,0.06336443045917634,,,2.722790697674418,0.43273500193230113,0.4531014571824774,0.39137284321080257,,,0.15999999999999998,,,0.2774193548387096
experiments/cikm2026,lastfm,weighted_itemknn,3,baseline,0.0,none,,0.1668,0.293665619303605,0.09140127388535031,0.044286829925457134,0.1332177127841104,0.1765379191046992,0.3144025105447469,0.27011568061928976,0.09749126570483439,0.044286829925457134,,,2.7402909818363677,0.42416149491918426,0.46707631453317866,0.36847120871126865,,,0.15720430107526878,,,0.2608602150537634
experiments/cikm2026_SOTA,lastfm,weighted_itemknn,3,baseline,0.0,none,,0.1668,0.293665619303605,0.09140127388535031,0.044286829925457134,0.1332177127841104,0.1765379191046992,0.3144025105447469,0.27011568061928976,0.09749126570483439,0.044286829925457134,,,2.7402909818363677,0.42416149491918426,0.46707631453317866,0.36847120871126865,,,0.15720430107526878,,,0.2608602150537634
experiments/cikm2026_SOTA,lastfm,weighted_itemknn,3,baseline,0.0,none,,0.1668,0.293665619303605,0.09140127388535031,0.044286829925457134,0.1332177127841104,0.1765379191046992,0.3144025105447469,0.27011568061928976,0.09749126570483439,0.044286829925457134,,,2.7402909818363677,0.42416149491918426,0.46707631453317866,0.36847120871126865,,,0.15720430107526878,,,0.2608602150537634
experiments/cikm2026_SOTA,lastfm,weighted_itemknn,3,baseline,0.0,none,,0.1668,0.293665619303605,0.09140127388535031,0.044286829925457134,0.1332177127841104,0.1765379191046992,0.3144025105447469,0.27011568061928976,0.09749126570483439,0.044286829925457134,,,2.7402909818363677,0.42416149491918426,0.46707631453317866,0.36847120871126865,,,0.15720430107526878,,,0.2608602150537634
experiments/cikm2026_SOTA,lastfm,weighted_itemknn,3,baseline,0.0,none,,0.1668,0.293665619303605,0.09140127388535031,0.044286829925457134,0.1332177127841104,0.1765379191046992,0.3144025105447469,0.27011568061928976,0.09749126570483439,0.044286829925457134,,,2.7402909818363677,0.42416149491918426,0.46707631453317866,0.36847120871126865,,,0.15720430107526878,,,0.2608602150537634
experiments/cikm2026_SOTA,lastfm,weighted_itemknn,3,baseline,0.0,none,,0.1668,0.293665619303605,0.09140127388535031,0.044286829925457134,0.1332177127841104,0.1765379191046992,0.3144025105447469,0.27011568061928976,0.09749126570483439,0.044286829925457134,,,2.7402909818363677,0.42416149491918426,0.46707631453317866,0.36847120871126865,,,0.15720430107526878,,,0.2608602150537634
experiments/cikm2026,lastfm,weighted_itemknn,4,baseline,0.0,none,,0.1587,0.2932144515753672,0.09325902335456475,0.0525622354275798,0.1067752630893247,0.18203302093209583,0.29499998288846735,0.24243774746088756,0.09094352911764732,0.0525622354275798,,,2.7364750278478707,0.4229475550705858,0.4645647775580257,0.37601263952351716,,,0.1440860215053763,,,0.2692473118279569
experiments/cikm2026_SOTA,lastfm,weighted_itemknn,4,baseline,0.0,none,,0.1587,0.2932144515753672,0.09325902335456475,0.0525622354275798,0.1067752630893247,0.18203302093209583,0.29499998288846735,0.24243774746088756,0.09094352911764732,0.0525622354275798,,,2.7364750278478707,0.4229475550705858,0.4645647775580257,0.37601263952351716,,,0.1440860215053763,,,0.2692473118279569
experiments/cikm2026_SOTA,lastfm,weighted_itemknn,4,baseline,0.0,none,,0.1587,0.2932144515753672,0.09325902335456475,0.0525622354275798,0.1067752630893247,0.18203302093209583,0.29499998288846735,0.24243774746088756,0.09094352911764732,0.0525622354275798,,,2.7364750278478707,0.4229475550705858,0.4645647775580257,0.37601263952351716,,,0.1440860215053763,,,0.2692473118279569
experiments/cikm2026_SOTA,lastfm,weighted_itemknn,4,baseline,0.0,none,,0.1587,0.2932144515753672,0.09325902335456475,0.0525622354275798,0.1067752630893247,0.18203302093209583,0.29499998288846735,0.24243774746088756,0.09094352911764732,0.0525622354275798,,,2.7364750278478707,0.4229475550705858,0.4645647775580257,0.37601263952351716,,,0.1440860215053763,,,0.2692473118279569
experiments/cikm2026_SOTA,lastfm,weighted_itemknn,4,baseline,0.0,none,,0.1587,0.2932144515753672,0.09325902335456475,0.0525622354275798,0.1067752630893247,0.18203302093209583,0.29499998288846735,0.24243774746088756,0.09094352911764732,0.0525622354275798,,,2.7364750278478707,0.4229475550705858,0.4645647775580257,0.37601263952351716,,,0.1440860215053763,,,0.2692473118279569
experiments/cikm2026_SOTA,lastfm,weighted_itemknn,4,baseline,0.0,none,,0.1587,0.2932144515753672,0.09325902335456475,0.0525622354275798,0.1067752630893247,0.18203302093209583,0.29499998288846735,0.24243774746088756,0.09094352911764732,0.0525622354275798,,,2.7364750278478707,0.4229475550705858,0.4645647775580257,0.37601263952351716,,,0.1440860215053763,,,0.2692473118279569
experiments/cikm2026,lastfm,weighted_itemknn,5,baseline,0.0,none,,0.172,0.2940902477537112,0.09214437367303609,0.05933816482702404,0.12158704189657456,0.18784208234514485,0.32093494438637266,0.2615967795593486,0.09703867821904685,0.05933816482702404,,,2.743815499329377,0.43830457614403595,0.4463324922139625,0.37154743231262355,,,0.16559139784946234,,,0.26774193548387093
experiments/cikm2026_SOTA,lastfm,weighted_itemknn,5,baseline,0.0,none,,0.172,0.2940902477537112,0.09214437367303609,0.05933816482702404,0.12158704189657456,0.18784208234514485,0.32093494438637266,0.2615967795593486,0.09703867821904685,0.05933816482702404,,,2.743815499329377,0.43830457614403595,0.4463324922139625,0.37154743231262355,,,0.16559139784946234,,,0.26774193548387093
experiments/cikm2026_SOTA,lastfm,weighted_itemknn,5,baseline,0.0,none,,0.172,0.2940902477537112,0.09214437367303609,0.05933816482702404,0.12158704189657456,0.18784208234514485,0.32093494438637266,0.2615967795593486,0.09703867821904685,0.05933816482702404,,,2.743815499329377,0.43830457614403595,0.4463324922139625,0.37154743231262355,,,0.16559139784946234,,,0.26774193548387093
experiments/cikm2026_SOTA,lastfm,weighted_itemknn,5,baseline,0.0,none,,0.172,0.2940902477537112,0.09214437367303609,0.05933816482702404,0.12158704189657456,0.18784208234514485,0.32093494438637266,0.2615967795593486,0.09703867821904685,0.05933816482702404,,,2.743815499329377,0.43830457614403595,0.4463324922139625,0.37154743231262355,,,0.16559139784946234,,,0.26774193548387093
experiments/cikm2026_SOTA,lastfm,weighted_itemknn,5,baseline,0.0,none,,0.172,0.2940902477537112,0.09214437367303609,0.05933816482702404,0.12158704189657456,0.18784208234514485,0.32093494438637266,0.2615967795593486,0.09703867821904685,0.05933816482702404,,,2.743815499329377,0.43830457614403595,0.4463324922139625,0.37154743231262355,,,0.16559139784946234,,,0.26774193548387093
experiments/cikm2026_SOTA,lastfm,weighted_itemknn,5,baseline,0.0,none,,0.172,0.2940902477537112,0.09214437367303609,0.05933816482702404,0.12158704189657456,0.18784208234514485,0.32093494438637266,0.2615967795593486,0.09703867821904685,0.05933816482702404,,,2.743815499329377,0.43830457614403595,0.4463324922139625,0.37154743231262355,,,0.16559139784946234,,,0.26774193548387093
experiments/cikm2026,lastfm,weighted_itemknn,6,baseline,0.0,none,,0.1638,0.29451487620381733,0.09018046709129511,0.05253175304959814,0.12020245035756182,0.17750062294415064,0.3054848095574842,0.2529530565078861,0.09292953504842984,0.05253175304959814,,,2.746918093159653,0.4284007365477732,0.460901589033622,0.36377958125895105,,,0.1490322580645161,,,0.27096774193548384
experiments/cikm2026_SOTA,lastfm,weighted_itemknn,6,baseline,0.0,none,,0.1638,0.29451487620381733,0.09018046709129511,0.05253175304959814,0.12020245035756182,0.17750062294415064,0.3054848095574842,0.2529530565078861,0.09292953504842984,0.05253175304959814,,,2.746918093159653,0.4284007365477732,0.460901589033622,0.36377958125895105,,,0.1490322580645161,,,0.27096774193548384
experiments/cikm2026_SOTA,lastfm,weighted_itemknn,6,baseline,0.0,none,,0.1638,0.29451487620381733,0.09018046709129511,0.05253175304959814,0.12020245035756182,0.17750062294415064,0.3054848095574842,0.2529530565078861,0.09292953504842984,0.05253175304959814,,,2.746918093159653,0.4284007365477732,0.460901589033622,0.36377958125895105,,,0.1490322580645161,,,0.27096774193548384
experiments/cikm2026_SOTA,lastfm,weighted_itemknn,6,baseline,0.0,none,,0.1638,0.29451487620381733,0.09018046709129511,0.05253175304959814,0.12020245035756182,0.17750062294415064,0.3054848095574842,0.2529530565078861,0.09292953504842984,0.05253175304959814,,,2.746918093159653,0.4284007365477732,0.460901589033622,0.36377958125895105,,,0.1490322580645161,,,0.27096774193548384
experiments/cikm2026_SOTA,lastfm,weighted_itemknn,6,baseline,0.0,none,,0.1638,0.29451487620381733,0.09018046709129511,0.05253175304959814,0.12020245035756182,0.17750062294415064,0.3054848095574842,0.2529530565078861,0.09292953504842984,0.05253175304959814,,,2.746918093159653,0.4284007365477732,0.460901589033622,0.36377958125895105,,,0.1490322580645161,,,0.27096774193548384
experiments/cikm2026_SOTA,lastfm,weighted_itemknn,6,baseline,0.0,none,,0.1638,0.29451487620381733,0.09018046709129511,0.05253175304959814,0.12020245035756182,0.17750062294415064,0.3054848095574842,0.2529530565078861,0.09292953504842984,0.05253175304959814,,,2.746918093159653,0.4284007365477732,0.460901589033622,0.36377958125895105,,,0.1490322580645161,,,0.27096774193548384
experiments/cikm2026,lastfm,weighted_itemknn,7,baseline,0.0,none,,0.1645,0.29225903756262833,0.08996815286624203,0.060403463904768584,0.11623820612899623,0.18163826695230953,0.30104015369143816,0.24063668978666958,0.08958485876395915,0.060403463904768584,,,2.729115006024233,0.43549387346836704,0.47282456977880827,0.3625665507285911,,,0.15892473118279568,,,0.24924731182795695
experiments/cikm2026_SOTA,lastfm,weighted_itemknn,7,baseline,0.0,none,,0.1645,0.29225903756262833,0.08996815286624203,0.060403463904768584,0.11623820612899623,0.18163826695230953,0.30104015369143816,0.24063668978666958,0.08958485876395915,0.060403463904768584,,,2.729115006024233,0.43549387346836704,0.47282456977880827,0.3625665507285911,,,0.15892473118279568,,,0.24924731182795695
experiments/cikm2026_SOTA,lastfm,weighted_itemknn,7,baseline,0.0,none,,0.1645,0.29225903756262833,0.08996815286624203,0.060403463904768584,0.11623820612899623,0.18163826695230953,0.30104015369143816,0.24063668978666958,0.08958485876395915,0.060403463904768584,,,2.729115006024233,0.43549387346836704,0.47282456977880827,0.3625665507285911,,,0.15892473118279568,,,0.24924731182795695
experiments/cikm2026_SOTA,lastfm,weighted_itemknn,7,baseline,0.0,none,,0.1645,0.29225903756262833,0.08996815286624203,0.060403463904768584,0.11623820612899623,0.18163826695230953,0.30104015369143816,0.24063668978666958,0.08958485876395915,0.060403463904768584,,,2.729115006024233,0.43549387346836704,0.47282456977880827,0.3625665507285911,,,0.15892473118279568,,,0.24924731182795695
experiments/cikm2026_SOTA,lastfm,weighted_itemknn,7,baseline,0.0,none,,0.1645,0.29225903756262833,0.08996815286624203,0.060403463904768584,0.11623820612899623,0.18163826695230953,0.30104015369143816,0.24063668978666958,0.08958485876395915,0.060403463904768584,,,2.729115006024233,0.43549387346836704,0.47282456977880827,0.3625665507285911,,,0.15892473118279568,,,0.24924731182795695
experiments/cikm2026_SOTA,lastfm,weighted_itemknn,7,baseline,0.0,none,,0.1645,0.29225903756262833,0.08996815286624203,0.060403463904768584,0.11623820612899623,0.18163826695230953,0.30104015369143816,0.24063668978666958,0.08958485876395915,0.060403463904768584,,,2.729115006024233,0.43549387346836704,0.47282456977880827,0.3625665507285911,,,0.15892473118279568,,,0.24924731182795695
experiments/cikm2026,lastfm,weighted_itemknn,8,baseline,0.0,none,,0.1596,0.2901093560339659,0.08365180467091295,0.06389240023891049,0.112572858904996,0.16624002969553386,0.29912157533040046,0.23522917509148997,0.08786199516731176,0.06389240023891049,,,2.7119829957489365,0.44716179044761184,0.5035781672690899,0.33727704653436075,,,0.15849462365591394,,,0.24150537634408598
experiments/cikm2026_SOTA,lastfm,weighted_itemknn,8,baseline,0.0,none,,0.1596,0.2901093560339659,0.08365180467091295,0.06389240023891049,0.112572858904996,0.16624002969553386,0.29912157533040046,0.23522917509148997,0.08786199516731176,0.06389240023891049,,,2.7119829957489365,0.44716179044761184,0.5035781672690899,0.33727704653436075,,,0.15849462365591394,,,0.24150537634408598
experiments/cikm2026_SOTA,lastfm,weighted_itemknn,8,baseline,0.0,none,,0.1596,0.2901093560339659,0.08365180467091295,0.06389240023891049,0.112572858904996,0.16624002969553386,0.29912157533040046,0.23522917509148997,0.08786199516731176,0.06389240023891049,,,2.7119829957489365,0.44716179044761184,0.5035781672690899,0.33727704653436075,,,0.15849462365591394,,,0.24150537634408598
experiments/cikm2026_SOTA,lastfm,weighted_itemknn,8,baseline,0.0,none,,0.1596,0.2901093560339659,0.08365180467091295,0.06389240023891049,0.112572858904996,0.16624002969553386,0.29912157533040046,0.23522917509148997,0.08786199516731176,0.06389240023891049,,,2.7119829957489365,0.44716179044761184,0.5035781672690899,0.33727704653436075,,,0.15849462365591394,,,0.24150537634408598
experiments/cikm2026_SOTA,lastfm,weighted_itemknn,8,baseline,0.0,none,,0.1596,0.2901093560339659,0.08365180467091295,0.06389240023891049,0.112572858904996,0.16624002969553386,0.29912157533040046,0.23522917509148997,0.08786199516731176,0.06389240023891049,,,2.7119829957489365,0.44716179044761184,0.5035781672690899,0.33727704653436075,,,0.15849462365591394,,,0.24150537634408598
experiments/cikm2026_SOTA,lastfm,weighted_itemknn,8,baseline,0.0,none,,0.1596,0.2901093560339659,0.08365180467091295,0.06389240023891049,0.112572858904996,0.16624002969553386,0.29912157533040046,0.23522917509148997,0.08786199516731176,0.06389240023891049,,,2.7119829957489365,0.44716179044761184,0.5035781672690899,0.33727704653436075,,,0.15849462365591394,,,0.24150537634408598
experiments/cikm2026,lastfm,weighted_itemknn,9,baseline,0.0,none,,0.1675,0.29292251951591924,0.08142250530785562,0.056767449733047474,0.11984367044798311,0.16908348163105516,0.3257667268675367,0.26899927713448923,0.09947757763945538,0.056767449733047474,,,2.734542271931619,0.4501066175634817,0.48722635204255604,0.3281247584623428,,,0.1673118279569892,,,0.22537634408602147
experiments/cikm2026_SOTA,lastfm,weighted_itemknn,9,baseline,0.0,none,,0.1675,0.29292251951591924,0.08142250530785562,0.056767449733047474,0.11984367044798311,0.16908348163105516,0.3257667268675367,0.26899927713448923,0.09947757763945538,0.056767449733047474,,,2.734542271931619,0.4501066175634817,0.48722635204255604,0.3281247584623428,,,0.1673118279569892,,,0.22537634408602147
experiments/cikm2026_SOTA,lastfm,weighted_itemknn,9,baseline,0.0,none,,0.1675,0.29292251951591924,0.08142250530785562,0.056767449733047474,0.11984367044798311,0.16908348163105516,0.3257667268675367,0.26899927713448923,0.09947757763945538,0.056767449733047474,,,2.734542271931619,0.4501066175634817,0.48722635204255604,0.3281247584623428,,,0.1673118279569892,,,0.22537634408602147
experiments/cikm2026_SOTA,lastfm,weighted_itemknn,9,baseline,0.0,none,,0.1675,0.29292251951591924,0.08142250530785562,0.056767449733047474,0.11984367044798311,0.16908348163105516,0.3257667268675367,0.26899927713448923,0.09947757763945538,0.056767449733047474,,,2.734542271931619,0.4501066175634817,0.48722635204255604,0.3281247584623428,,,0.1673118279569892,,,0.22537634408602147
experiments/cikm2026_SOTA,lastfm,weighted_itemknn,9,baseline,0.0,none,,0.1675,0.29292251951591924,0.08142250530785562,0.056767449733047474,0.11984367044798311,0.16908348163105516,0.3257667268675367,0.26899927713448923,0.09947757763945538,0.056767449733047474,,,2.734542271931619,0.4501066175634817,0.48722635204255604,0.3281247584623428,,,0.1673118279569892,,,0.22537634408602147
experiments/cikm2026_SOTA,lastfm,weighted_itemknn,9,baseline,0.0,none,,0.1675,0.29292251951591924,0.08142250530785562,0.056767449733047474,0.11984367044798311,0.16908348163105516,0.3257667268675367,0.26899927713448923,0.09947757763945538,0.056767449733047474,,,2.734542271931619,0.4501066175634817,0.48722635204255604,0.3281247584623428,,,0.1673118279569892,,,0.22537634408602147
experiments/cikm2026,lastfm,weighted_itemknn,0,alpha_0.1,0.1,none,,0.1654,0.2729384430827982,0.11449044585987261,0.050182412228467234,0.10934881265495994,0.1827225405069871,0.3202945859470324,0.27011217371856516,0.10088236522979827,0.050182412228467234,-0.9827980917105812,-1.0,2.5742399236172675,0.44967332742276467,0.5148418922912545,0.4612448566687125,0.32320807474595925,0.0805496828752642,0.10193548387096772,,,0.30860215053763435
experiments/cikm2026,lastfm,weighted_itemknn,0,alpha_0.1_beta_0.3,0.1,none,,0.1654,0.2729384430827982,0.11449044585987261,0.050182412228467234,0.10934881265495994,0.1827225405069871,0.3202945859470324,0.27011217371856516,0.10088236522979827,0.050182412228467234,-0.9827980917105812,-1.0,2.5742399236172675,0.44967332742276467,0.5148418922912545,0.4612448566687125,0.32320807474595925,0.0805496828752642,0.10193548387096772,,,0.30860215053763435
experiments/cikm2026,lastfm,weighted_itemknn,0,alpha_0.1_beta_0.0,0.1,none,,0.1654,0.2729384430827982,0.11449044585987261,0.050182412228467234,0.10934881265495994,0.1827225405069871,0.3202945859470324,0.27011217371856516,0.10088236522979827,0.050182412228467234,-0.9827980917105812,-1.0,2.5742399236172675,0.44967332742276467,0.5148418922912545,0.4612448566687125,0.32320807474595925,0.0805496828752642,0.10193548387096772,,,0.30860215053763435
experiments/cikm2026,lastfm,weighted_itemknn,0,alpha_0.1_beta_0.1,0.1,none,,0.1654,0.2729384430827982,0.11449044585987261,0.050182412228467234,0.10934881265495994,0.1827225405069871,0.3202945859470324,0.27011217371856516,0.10088236522979827,0.050182412228467234,-0.9827980917105812,-1.0,2.5742399236172675,0.44967332742276467,0.5148418922912545,0.4612448566687125,0.32320807474595925,0.0805496828752642,0.10193548387096772,,,0.30860215053763435
experiments/cikm2026,lastfm,weighted_itemknn,0,alpha_0.1_beta_0.5,0.1,none,,0.1654,0.2729384430827982,0.11449044585987261,0.050182412228467234,0.10934881265495994,0.1827225405069871,0.3202945859470324,0.27011217371856516,0.10088236522979827,0.050182412228467234,-0.9827980917105812,-1.0,2.5742399236172675,0.44967332742276467,0.5148418922912545,0.4612448566687125,0.32320807474595925,0.0805496828752642,0.10193548387096772,,,0.30860215053763435
experiments/cikm2026_SOTA,lastfm,weighted_itemknn,0,alpha_0.1_beta_0.0,0.1,none,,0.1654,0.2729384430827982,0.11449044585987261,0.050182412228467234,0.10934881265495994,0.1827225405069871,0.3202945859470324,0.27011217371856516,0.10088236522979827,0.050182412228467234,-0.9827980917105812,-1.0,2.5742399236172675,0.44967332742276467,0.5148418922912545,0.4612448566687125,0.32320807474595925,0.0805496828752642,0.10193548387096772,,,0.30860215053763435
experiments/cikm2026,lastfm,weighted_itemknn,1,alpha_0.1_beta_0.0,0.1,none,,0.1611,0.27524736028025043,0.11210191082802548,0.06107886509980666,0.10973191775521357,0.17727316107776037,0.2977678036174827,0.23668893851767603,0.08885668248979137,0.06107886509980666,-0.8699847065964665,-0.7999999999999999,2.59292414012594,0.46235104230603097,0.49297551660642425,0.451749300961604,0.31338834708677155,0.07695560253699785,0.11913978494623653,,,0.30967741935483867
experiments/cikm2026_SOTA,lastfm,weighted_itemknn,1,alpha_0.1_beta_0.0,0.1,none,,0.1611,0.27524736028025043,0.11210191082802548,0.06107886509980666,0.10973191775521357,0.17727316107776037,0.2977678036174827,0.23668893851767603,0.08885668248979137,0.06107886509980666,-0.8699847065964665,-0.7999999999999999,2.59292414012594,0.46235104230603097,0.49297551660642425,0.451749300961604,0.31338834708677155,0.07695560253699785,0.11913978494623653,,,0.30967741935483867
experiments/cikm2026,lastfm,weighted_itemknn,2,alpha_0.1_beta_0.0,0.1,none,,0.1582,0.27418578915498504,0.12101910828025478,0.05769411754626651,0.1033868246924139,0.17220056381138996,0.30121431091148687,0.24352019336522035,0.09186172565170479,0.05769411754626651,-0.9993258524305518,-1.0,2.5845329514196727,0.4347659642183272,0.4931391938893813,0.48756189047261805,0.3113542021869104,0.07336152219873149,0.12301075268817202,,,0.3270967741935483
experiments/cikm2026_SOTA,lastfm,weighted_itemknn,2,alpha_0.1_beta_0.0,0.1,none,,0.1582,0.27418578915498504,0.12101910828025478,0.05769411754626651,0.1033868246924139,0.17220056381138996,0.30121431091148687,0.24352019336522035,0.09186172565170479,0.05769411754626651,-0.9993258524305518,-1.0,2.5845329514196727,0.4347659642183272,0.4931391938893813,0.48756189047261805,0.3113542021869104,0.07336152219873149,0.12301075268817202,,,0.3270967741935483
experiments/cikm2026,lastfm,weighted_itemknn,3,alpha_0.1_beta_0.0,0.1,none,,0.1631,0.2762823921273842,0.1153927813163482,0.04159508352122573,0.1231570429687926,0.17469980122058945,0.3144425134657235,0.2728474299444978,0.099243939332313,0.04159508352122573,-0.6295975644442443,-0.7999999999999999,2.6012057559844504,0.4277196571870239,0.5062538361863193,0.4648207506422059,0.30741776353179195,0.07632135306553911,0.12129032258064514,,,0.30752688172043
experiments/cikm2026_SOTA,lastfm,weighted_itemknn,3,alpha_0.1_beta_0.0,0.1,none,,0.1631,0.2762823921273842,0.1153927813163482,0.04159508352122573,0.1231570429687926,0.17469980122058945,0.3144425134657235,0.2728474299444978,0.099243939332313,0.04159508352122573,-0.6295975644442443,-0.7999999999999999,2.6012057559844504,0.4277196571870239,0.5062538361863193,0.4648207506422059,0.30741776353179195,0.07632135306553911,0.12129032258064514,,,0.30752688172043
experiments/cikm2026,lastfm,weighted_itemknn,4,alpha_0.1_beta_0.0,0.1,none,,0.1554,0.27500850677706573,0.11794055201698514,0.04476887605231776,0.10318888217905564,0.18012557794308764,0.2947052105454457,0.2499363344931279,0.09351763087640783,0.04476887605231776,-0.9417416522416879,-1.0,2.5908831753392887,0.4350387596899224,0.49891291004569316,0.4751651549250948,0.3247320921139375,0.08202959830866807,0.11096774193548385,,,0.3191397849462365
experiments/cikm2026_SOTA,lastfm,weighted_itemknn,4,alpha_0.1_beta_0.0,0.1,none,,0.1554,0.27500850677706573,0.11794055201698514,0.04476887605231776,0.10318888217905564,0.18012557794308764,0.2947052105454457,0.2499363344931279,0.09351763087640783,0.04476887605231776,-0.9417416522416879,-1.0,2.5908831753392887,0.4350387596899224,0.49891291004569316,0.4751651549250948,0.3247320921139375,0.08202959830866807,0.11096774193548385,,,0.3191397849462365
experiments/cikm2026,lastfm,weighted_itemknn,5,alpha_0.1_beta_0.0,0.1,none,,0.1672,0.2757781458428831,0.11470276008492569,0.05236861375682869,0.11080599479197001,0.1857323744852142,0.3205870514524931,0.26821843769566445,0.10029636973280062,0.05236861375682869,-0.9639556415055037,-1.0,2.597247039032485,0.4375139239355292,0.5031848871308735,0.46205414990111154,0.31163154424969886,0.07885835095137417,0.1247311827956989,,,0.30645161290322576
experiments/cikm2026_SOTA,lastfm,weighted_itemknn,5,alpha_0.1_beta_0.0,0.1,none,,0.1672,0.2757781458428831,0.11470276008492569,0.05236861375682869,0.11080599479197001,0.1857323744852142,0.3205870514524931,0.26821843769566445,0.10029636973280062,0.05236861375682869,-0.9639556415055037,-1.0,2.597247039032485,0.4375139239355292,0.5031848871308735,0.46205414990111154,0.31163154424969886,0.07885835095137417,0.1247311827956989,,,0.30645161290322576
experiments/cikm2026,lastfm,weighted_itemknn,6,alpha_0.1_beta_0.0,0.1,none,,0.1591,0.27540659594904027,0.11157112526539278,0.04590873058331083,0.11081377171949211,0.175475729323245,0.3048216165843369,0.258912886001026,0.09571661469095703,0.04590873058331083,-0.9836173281252236,-1.0,2.5940762463343106,0.4368869490099797,0.5196089931573802,0.449427811498329,0.3271890699947712,0.08541226215644815,0.112258064516129,,,0.2974193548387096
experiments/cikm2026_SOTA,lastfm,weighted_itemknn,6,alpha_0.1_beta_0.0,0.1,none,,0.1591,0.27540659594904027,0.11157112526539278,0.04590873058331083,0.11081377171949211,0.175475729323245,0.3048216165843369,0.258912886001026,0.09571661469095703,0.04590873058331083,-0.9836173281252236,-1.0,2.5940762463343106,0.4368869490099797,0.5196089931573802,0.449427811498329,0.3271890699947712,0.08541226215644815,0.112258064516129,,,0.2974193548387096
experiments/cikm2026,lastfm,weighted_itemknn,7,alpha_0.1_beta_0.0,0.1,none,,0.1595,0.2719299505137961,0.1183651804670913,0.05422969974644107,0.10626059209573226,0.17827910119504684,0.3009462717419715,0.24671657199553046,0.09256786324699878,0.05422969974644107,-0.8311034188341184,-0.7999999999999999,2.566486166996294,0.4341530837254768,0.5227406851712927,0.47662006410693575,0.3588060651526518,0.08435517970401696,0.11849462365591396,,,0.3051612903225806
experiments/cikm2026_SOTA,lastfm,weighted_itemknn,7,alpha_0.1_beta_0.0,0.1,none,,0.1595,0.2719299505137961,0.1183651804670913,0.05422969974644107,0.10626059209573226,0.17827910119504684,0.3009462717419715,0.24671657199553046,0.09256786324699878,0.05422969974644107,-0.8311034188341184,-0.7999999999999999,2.566486166996294,0.4341530837254768,0.5227406851712927,0.47662006410693575,0.3588060651526518,0.08435517970401696,0.11849462365591396,,,0.3051612903225806
experiments/cikm2026,lastfm,weighted_itemknn,8,alpha_0.1_beta_0.0,0.1,none,,0.156,0.27259343246708695,0.10636942675159236,0.05853188809551137,0.10527061743325197,0.16239557532162893,0.2993288465478029,0.24079695845229154,0.09035621430403641,0.05853188809551137,-0.8224606263690337,-0.7999999999999999,2.571869785628225,0.45158016776921495,0.5480047284548408,0.4285453181477187,0.307753301961854,0.07441860465116279,0.12430107526881717,,,0.2877419354838709
experiments/cikm2026_SOTA,lastfm,weighted_itemknn,8,alpha_0.1_beta_0.0,0.1,none,,0.156,0.27259343246708695,0.10636942675159236,0.05853188809551137,0.10527061743325197,0.16239557532162893,0.2993288465478029,0.24079695845229154,0.09035621430403641,0.05853188809551137,-0.8224606263690337,-0.7999999999999999,2.571869785628225,0.45158016776921495,0.5480047284548408,0.4285453181477187,0.307753301961854,0.07441860465116279,0.12430107526881717,,,0.2877419354838709
experiments/cikm2026,lastfm,weighted_itemknn,9,alpha_0.1_beta_0.0,0.1,none,,0.164,0.2743450248237749,0.10153927813163482,0.05201254771444165,0.11274406713473993,0.1668584557778861,0.32559334331277023,0.2735807955983286,0.10159795080323804,0.05201254771444165,-0.8232148230372369,-0.7999999999999999,2.5858123621814544,0.4577689877014708,0.5474759598990656,0.40894269021800894,0.3163845506831251,0.07124735729386888,0.1236559139784946,,,0.2662365591397849
experiments/cikm2026_SOTA,lastfm,weighted_itemknn,9,alpha_0.1_beta_0.0,0.1,none,,0.164,0.2743450248237749,0.10153927813163482,0.05201254771444165,0.11274406713473993,0.1668584557778861,0.32559334331277023,0.2735807955983286,0.10159795080323804,0.05201254771444165,-0.8232148230372369,-0.7999999999999999,2.5858123621814544,0.4577689877014708,0.5474759598990656,0.40894269021800894,0.3163845506831251,0.07124735729386888,0.1236559139784946,,,0.2662365591397849
experiments/cikm2026,lastfm,weighted_itemknn,0,alpha_0.2_beta_0.1,0.2,none,,0.1601,0.251441627796174,0.1382696390658174,0.04452562508063137,0.09916432125793104,0.17728034882415833,0.320359575869254,0.27583395078862266,0.10374087063476758,0.04452562508063137,-0.8668997053234093,-0.7999999999999999,2.402428789015435,0.44975061947305,0.591082770692673,0.556737820818841,0.7042496987883333,0.1735729386892177,0.0686021505376344,,,0.35462365591397843
experiments/cikm2026,lastfm,weighted_itemknn,0,alpha_0.2_beta_0.3,0.2,none,,0.1601,0.251441627796174,0.1382696390658174,0.04452562508063137,0.09916432125793104,0.17728034882415833,0.320359575869254,0.27583395078862266,0.10374087063476758,0.04452562508063137,-0.8668997053234093,-0.7999999999999999,2.402428789015435,0.44975061947305,0.591082770692673,0.556737820818841,0.7042496987883333,0.1735729386892177,0.0686021505376344,,,0.35462365591397843
experiments/cikm2026,lastfm,weighted_itemknn,0,alpha_0.2_beta_0.5,0.2,none,,0.1601,0.251441627796174,0.1382696390658174,0.04452562508063137,0.09916432125793104,0.17728034882415833,0.320359575869254,0.27583395078862266,0.10374087063476758,0.04452562508063137,-0.8668997053234093,-0.7999999999999999,2.402428789015435,0.44975061947305,0.591082770692673,0.556737820818841,0.7042496987883333,0.1735729386892177,0.0686021505376344,,,0.35462365591397843
experiments/cikm2026,lastfm,weighted_itemknn,0,alpha_0.2_beta_0.0,0.2,none,,0.1601,0.251441627796174,0.1382696390658174,0.04452562508063137,0.09916432125793104,0.17728034882415833,0.320359575869254,0.27583395078862266,0.10374087063476758,0.04452562508063137,-0.8668997053234093,-0.7999999999999999,2.402428789015435,0.44975061947305,0.591082770692673,0.556737820818841,0.7042496987883333,0.1735729386892177,0.0686021505376344,,,0.35462365591397843
experiments/cikm2026,lastfm,weighted_itemknn,0,alpha_0.2,0.2,none,,0.1601,0.251441627796174,0.1382696390658174,0.04452562508063137,0.09916432125793104,0.17728034882415833,0.320359575869254,0.27583395078862266,0.10374087063476758,0.04452562508063137,-0.8668997053234093,-0.7999999999999999,2.402428789015435,0.44975061947305,0.591082770692673,0.556737820818841,0.7042496987883333,0.1735729386892177,0.0686021505376344,,,0.35462365591397843
experiments/cikm2026_SOTA,lastfm,weighted_itemknn,0,alpha_0.2_beta_0.0,0.2,none,,0.1601,0.251441627796174,0.1382696390658174,0.04452562508063137,0.09916432125793104,0.17728034882415833,0.320359575869254,0.27583395078862266,0.10374087063476758,0.04452562508063137,-0.8668997053234093,-0.7999999999999999,2.402428789015435,0.44975061947305,0.591082770692673,0.556737820818841,0.7042496987883333,0.1735729386892177,0.0686021505376344,,,0.35462365591397843
experiments/cikm2026,lastfm,weighted_itemknn,1,alpha_0.2_beta_0.0,0.2,none,,0.1554,0.2540159377749426,0.1377388535031847,0.05386241449188419,0.09869331038112529,0.1726443424995428,0.2981786133807519,0.2443161988888677,0.09247680625326486,0.05386241449188419,-0.9141310657383996,-0.7999999999999999,2.4232926413421536,0.4671740662438336,0.5549860192320807,0.5545472731819319,0.682328764009184,0.17864693446088792,0.0896774193548387,,,0.35010752688172037
experiments/cikm2026_SOTA,lastfm,weighted_itemknn,1,alpha_0.2_beta_0.0,0.2,none,,0.1554,0.2540159377749426,0.1377388535031847,0.05386241449188419,0.09869331038112529,0.1726443424995428,0.2981786133807519,0.2443161988888677,0.09247680625326486,0.05386241449188419,-0.9141310657383996,-0.7999999999999999,2.4232926413421536,0.4671740662438336,0.5549860192320807,0.5545472731819319,0.682328764009184,0.17864693446088792,0.0896774193548387,,,0.35010752688172037
experiments/cikm2026,lastfm,weighted_itemknn,2,alpha_0.2_beta_0.0,0.2,none,,0.1543,0.2504596745053035,0.14766454352441613,0.051182516169090135,0.0960314848063944,0.17011334345174334,0.30103163841859937,0.24984912224950923,0.0946154520523809,0.051182516169090135,-0.9881242628018245,-0.7999999999999999,2.39500647889245,0.44876719179794944,0.5619659460319625,0.5942603832776374,0.7097619859510331,0.17124735729386886,0.09225806451612902,,,0.36064516129032254
experiments/cikm2026_SOTA,lastfm,weighted_itemknn,2,alpha_0.2_beta_0.0,0.2,none,,0.1543,0.2504596745053035,0.14766454352441613,0.051182516169090135,0.0960314848063944,0.17011334345174334,0.30103163841859937,0.24984912224950923,0.0946154520523809,0.051182516169090135,-0.9881242628018245,-0.7999999999999999,2.39500647889245,0.44876719179794944,0.5619659460319625,0.5942603832776374,0.7097619859510331,0.17124735729386886,0.09225806451612902,,,0.36064516129032254
experiments/cikm2026,lastfm,weighted_itemknn,3,alpha_0.2_beta_0.0,0.2,none,,0.157,0.25337899509978334,0.14341825902335456,0.03240596569758217,0.1094838446692011,0.17205492714711532,0.31504927368927693,0.2826433079916948,0.10366705736601863,0.03240596569758217,-0.8650661222622286,-0.7999999999999999,2.4181786355679824,0.43824365182204633,0.5663397667598717,0.5772379458500988,0.7040096387733294,0.18202959830866805,0.08731182795698923,,,0.3541935483870967
experiments/cikm2026_SOTA,lastfm,weighted_itemknn,3,alpha_0.2_beta_0.0,0.2,none,,0.157,0.25337899509978334,0.14341825902335456,0.03240596569758217,0.1094838446692011,0.17205492714711532,0.31504927368927693,0.2826433079916948,0.10366705736601863,0.03240596569758217,-0.8650661222622286,-0.7999999999999999,2.4181786355679824,0.43824365182204633,0.5663397667598717,0.5772379458500988,0.7040096387733294,0.18202959830866805,0.08731182795698923,,,0.3541935483870967
experiments/cikm2026,lastfm,weighted_itemknn,4,alpha_0.2_beta_0.0,0.2,none,,0.1498,0.2526889738683608,0.1454352441613588,0.03685831653516712,0.0928489630110007,0.176340602573026,0.2938152704349487,0.25695695389978157,0.09675217857825745,0.03685831653516712,-0.9705226911206881,-0.7999999999999999,2.4126017868103387,0.44207779217531645,0.5601032076200867,0.5852172133942575,0.6881765896019458,0.18985200845665962,0.08258064516129031,,,0.3509677419354838
experiments/cikm2026_SOTA,lastfm,weighted_itemknn,4,alpha_0.2_beta_0.0,0.2,none,,0.1498,0.2526889738683608,0.1454352441613588,0.03685831653516712,0.0928489630110007,0.176340602573026,0.2938152704349487,0.25695695389978157,0.09675217857825745,0.03685831653516712,-0.9705226911206881,-0.7999999999999999,2.4126017868103387,0.44207779217531645,0.5601032076200867,0.5852172133942575,0.6881765896019458,0.18985200845665962,0.08258064516129031,,,0.3509677419354838
experiments/cikm2026,lastfm,weighted_itemknn,5,alpha_0.2_beta_0.0,0.2,none,,0.1625,0.25287474881528227,0.1381104033970276,0.046980847891451995,0.10071017567040633,0.18262684298888918,0.3207358516104048,0.2737550037189528,0.10320616970128113,0.046980847891451995,-0.9773734616832532,-1.0,2.414252654072609,0.43299824956239047,0.5969510559458046,0.5557980404191956,0.7115988087931073,0.18097251585623675,0.09268817204301073,,,0.33655913978494617
experiments/cikm2026_SOTA,lastfm,weighted_itemknn,5,alpha_0.2_beta_0.0,0.2,none,,0.1625,0.25287474881528227,0.1381104033970276,0.046980847891451995,0.10071017567040633,0.18262684298888918,0.3207358516104048,0.2737550037189528,0.10320616970128113,0.046980847891451995,-0.9773734616832532,-1.0,2.414252654072609,0.43299824956239047,0.5969510559458046,0.5557980404191956,0.7115988087931073,0.18097251585623675,0.09268817204301073,,,0.33655913978494617
experiments/cikm2026,lastfm,weighted_itemknn,6,alpha_0.2_beta_0.0,0.2,none,,0.1537,0.25263589531209757,0.14235668789808917,0.0404019887679031,0.09924697081180225,0.17077924711890496,0.3048098060835638,0.26440781731566065,0.09865013678383903,0.0404019887679031,-0.9995660327004384,-1.0,2.412288072018004,0.44621882743413116,0.5688544863488598,0.5726386141990042,0.7122707949714698,0.189429175475687,0.08903225806451612,,,0.332258064516129
experiments/cikm2026_SOTA,lastfm,weighted_itemknn,6,alpha_0.2_beta_0.0,0.2,none,,0.1537,0.25263589531209757,0.14235668789808917,0.0404019887679031,0.09924697081180225,0.17077924711890496,0.3048098060835638,0.26440781731566065,0.09865013678383903,0.0404019887679031,-0.9995660327004384,-1.0,2.412288072018004,0.44621882743413116,0.5688544863488598,0.5726386141990042,0.7122707949714698,0.189429175475687,0.08903225806451612,,,0.332258064516129
experiments/cikm2026,lastfm,weighted_itemknn,7,alpha_0.2_beta_0.0,0.2,none,,0.154,0.24990234966453917,0.14198513800424628,0.049103871024623,0.09396043474813323,0.17416463964850296,0.3010644405044047,0.2519605694797817,0.09570944926955835,0.049103871024623,-0.9503195218167565,-1.0,2.390490349860192,0.4349992043465411,0.603479051581077,0.5710313942121893,0.7357439359839958,0.1784355179704017,0.08774193548387095,,,0.32473118279569885
experiments/cikm2026_SOTA,lastfm,weighted_itemknn,7,alpha_0.2_beta_0.0,0.2,none,,0.154,0.24990234966453917,0.14198513800424628,0.049103871024623,0.09396043474813323,0.17416463964850296,0.3010644405044047,0.2519605694797817,0.09570944926955835,0.049103871024623,-0.9503195218167565,-1.0,2.390490349860192,0.4349992043465411,0.603479051581077,0.5710313942121893,0.7357439359839958,0.1784355179704017,0.08774193548387095,,,0.32473118279569885
experiments/cikm2026,lastfm,weighted_itemknn,8,alpha_0.2_beta_0.0,0.2,none,,0.1507,0.24926540698937993,0.1305732484076433,0.0554207047153888,0.09496008296070484,0.15670537260162823,0.29913867276415473,0.24371796804876594,0.09253682262106078,0.0554207047153888,-0.7678761336187911,-0.39999999999999997,2.38547818772875,0.46191093227852414,0.6270958648753095,0.5255150151174156,0.7089235945349972,0.17082452431289635,0.09139784946236558,,,0.3210752688172042
experiments/cikm2026_SOTA,lastfm,weighted_itemknn,8,alpha_0.2_beta_0.0,0.2,none,,0.1507,0.24926540698937993,0.1305732484076433,0.0554207047153888,0.09496008296070484,0.15670537260162823,0.29913867276415473,0.24371796804876594,0.09253682262106078,0.0554207047153888,-0.7678761336187911,-0.39999999999999997,2.38547818772875,0.46191093227852414,0.6270958648753095,0.5255150151174156,0.7089235945349972,0.17082452431289635,0.09139784946236558,,,0.3210752688172042
experiments/cikm2026,lastfm,weighted_itemknn,9,alpha_0.2_beta_0.0,0.2,none,,0.1584,0.2505923708959617,0.13158174097664543,0.04373660028262296,0.10115662824485618,0.16490434260509312,0.32540589004423864,0.2816692897616157,0.10530566206869048,0.04373660028262296,-0.9523109897579194,-0.7999999999999999,2.3960126395235166,0.45809406897178834,0.6165395894428152,0.5293537020618789,0.7325431357839458,0.17209302325581394,0.08924731182795698,,,0.3105376344086021
experiments/cikm2026_SOTA,lastfm,weighted_itemknn,9,alpha_0.2_beta_0.0,0.2,none,,0.1584,0.2505923708959617,0.13158174097664543,0.04373660028262296,0.10115662824485618,0.16490434260509312,0.32540589004423864,0.2816692897616157,0.10530566206869048,0.04373660028262296,-0.9523109897579194,-0.7999999999999999,2.3960126395235166,0.45809406897178834,0.6165395894428152,0.5293537020618789,0.7325431357839458,0.17209302325581394,0.08924731182795698,,,0.3105376344086021
experiments/cikm2026,lastfm,weighted_itemknn,0,alpha_0.4_beta_0.1,0.4,none,,0.1424,0.18790659594904024,0.220276008492569,0.03503641110158852,0.06216013492173589,0.15240818465378136,0.31974971268416796,0.28471330158257946,0.1112637019018675,0.03503641110158852,-0.9302909893269713,-0.7999999999999999,1.8957630316670073,0.45570801791356924,0.764159676282707,0.8843692741367157,1.7881188478937913,0.4080338266384777,0.03698924731182795,,,0.4133333333333333
experiments/cikm2026,lastfm,weighted_itemknn,0,alpha_0.4_beta_0.3,0.4,none,,0.1424,0.18790659594904024,0.220276008492569,0.03503641110158852,0.06216013492173589,0.15240818465378136,0.31974971268416796,0.28471330158257946,0.1112637019018675,0.03503641110158852,-0.9302909893269713,-0.7999999999999999,1.8957630316670073,0.45570801791356924,0.764159676282707,0.8843692741367157,1.7881188478937913,0.4080338266384777,0.03698924731182795,,,0.4133333333333333
experiments/cikm2026,lastfm,weighted_itemknn,0,alpha_0.4,0.4,none,,0.1424,0.18790659594904024,0.220276008492569,0.03503641110158852,0.06216013492173589,0.15240818465378136,0.31974971268416796,0.28471330158257946,0.1112637019018675,0.03503641110158852,-0.9302909893269713,-0.7999999999999999,1.8957630316670073,0.45570801791356924,0.764159676282707,0.8843692741367157,1.7881188478937913,0.4080338266384777,0.03698924731182795,,,0.4133333333333333
experiments/cikm2026,lastfm,weighted_itemknn,0,alpha_0.4_beta_0.5,0.4,none,,0.1424,0.18790659594904024,0.220276008492569,0.03503641110158852,0.06216013492173589,0.15240818465378136,0.31974971268416796,0.28471330158257946,0.1112637019018675,0.03503641110158852,-0.9302909893269713,-0.7999999999999999,1.8957630316670073,0.45570801791356924,0.764159676282707,0.8843692741367157,1.7881188478937913,0.4080338266384777,0.03698924731182795,,,0.4133333333333333
experiments/cikm2026,lastfm,weighted_itemknn,0,alpha_0.4_beta_0.0,0.4,none,,0.1424,0.18790659594904024,0.220276008492569,0.03503641110158852,0.06216013492173589,0.15240818465378136,0.31974971268416796,0.28471330158257946,0.1112637019018675,0.03503641110158852,-0.9302909893269713,-0.7999999999999999,1.8957630316670073,0.45570801791356924,0.764159676282707,0.8843692741367157,1.7881188478937913,0.4080338266384777,0.03698924731182795,,,0.4133333333333333
experiments/cikm2026_SOTA,lastfm,weighted_itemknn,0,alpha_0.4_beta_0.0,0.4,none,,0.1424,0.18790659594904024,0.220276008492569,0.03503641110158852,0.06216013492173589,0.15240818465378136,0.31974971268416796,0.28471330158257946,0.1112637019018675,0.03503641110158852,-0.9302909893269713,-0.7999999999999999,1.8957630316670073,0.45570801791356924,0.764159676282707,0.8843692741367157,1.7881188478937913,0.4080338266384777,0.03698924731182795,,,0.4133333333333333
experiments/cikm2026,lastfm,weighted_itemknn,1,alpha_0.4_beta_0.0,0.4,none,,0.1389,0.19318791229723556,0.21602972399150744,0.040081000004491635,0.0677369970882293,0.15454862299896333,0.29598367473163706,0.25590267472714545,0.09968404709642312,0.040081000004491635,-0.9873654063243256,-1.0,1.937940394189456,0.45805178567369104,0.736606424333356,0.8674013958034962,1.7317429357339336,0.41395348837209295,0.04322580645161289,,,0.41010752688172036
experiments/cikm2026_SOTA,lastfm,weighted_itemknn,1,alpha_0.4_beta_0.0,0.4,none,,0.1389,0.19318791229723556,0.21602972399150744,0.040081000004491635,0.0677369970882293,0.15454862299896333,0.29598367473163706,0.25590267472714545,0.09968404709642312,0.040081000004491635,-0.9873654063243256,-1.0,1.937940394189456,0.45805178567369104,0.736606424333356,0.8674013958034962,1.7317429357339336,0.41395348837209295,0.04322580645161289,,,0.41010752688172036
experiments/cikm2026,lastfm,weighted_itemknn,2,alpha_0.4_beta_0.0,0.4,none,,0.1362,0.18472188257324407,0.2314755838641189,0.041110389938363426,0.0669494005892689,0.13901394876975437,0.3003248472445014,0.259214457306138,0.10097137600345636,0.041110389938363426,-0.9649164192301458,-1.0,1.8705640046375227,0.44003819136602323,0.7602196003546339,0.9291782036418194,1.8158512355361562,0.3957716701902747,0.04709677419354838,,,0.42516129032258054
experiments/cikm2026_SOTA,lastfm,weighted_itemknn,2,alpha_0.4_beta_0.0,0.4,none,,0.1362,0.18472188257324407,0.2314755838641189,0.041110389938363426,0.0669494005892689,0.13901394876975437,0.3003248472445014,0.259214457306138,0.10097137600345636,0.041110389938363426,-0.9649164192301458,-1.0,1.8705640046375227,0.44003819136602323,0.7602196003546339,0.9291782036418194,1.8158512355361562,0.3957716701902747,0.04709677419354838,,,0.42516129032258054
experiments/cikm2026,lastfm,weighted_itemknn,3,alpha_0.4_beta_0.0,0.4,none,,0.1413,0.19162209488746912,0.2178343949044586,0.02574684125172717,0.0747627500128128,0.15220001403408534,0.31405849940220104,0.2883116581504739,0.10925135332813543,0.02574684125172717,-0.9141208889003878,-0.7999999999999999,1.925492282161449,0.4415108322535178,0.7584655254722771,0.8745313601127553,1.753038259564891,0.40401691331923884,0.04473118279569892,,,0.40666666666666657
experiments/cikm2026_SOTA,lastfm,weighted_itemknn,3,alpha_0.4_beta_0.0,0.4,none,,0.1413,0.19162209488746912,0.2178343949044586,0.02574684125172717,0.0747627500128128,0.15220001403408534,0.31405849940220104,0.2883116581504739,0.10925135332813543,0.02574684125172717,-0.9141208889003878,-0.7999999999999999,1.925492282161449,0.4415108322535178,0.7584655254722771,0.8745313601127553,1.753038259564891,0.40401691331923884,0.04473118279569892,,,0.40666666666666657
experiments/cikm2026,lastfm,weighted_itemknn,4,alpha_0.4_beta_0.0,0.4,none,,0.135,0.19058706304033535,0.22091295116772824,0.030522660487336057,0.0663511363818612,0.1537478037828766,0.29212998101838444,0.2616073205310484,0.10083104584998,0.030522660487336057,-0.9922406257488448,-1.0,1.9171524699356652,0.447677828548046,0.7484016458660119,0.886768055650276,1.739290277114733,0.40718816067653274,0.03913978494623655,,,0.4051612903225806
experiments/cikm2026_SOTA,lastfm,weighted_itemknn,4,alpha_0.4_beta_0.0,0.4,none,,0.135,0.19058706304033535,0.22091295116772824,0.030522660487336057,0.0663511363818612,0.1537478037828766,0.29212998101838444,0.2616073205310484,0.10083104584998,0.030522660487336057,-0.9922406257488448,-1.0,1.9171524699356652,0.447677828548046,0.7484016458660119,0.886768055650276,1.739290277114733,0.40718816067653274,0.03913978494623655,,,0.4051612903225806
experiments/cikm2026,lastfm,weighted_itemknn,5,alpha_0.4_beta_0.0,0.4,none,,0.1457,0.19053398448407208,0.22696390658174098,0.034610453237473415,0.06770690809137371,0.1621605132202108,0.31926660807985,0.2846561548423766,0.11047613170876427,0.034610453237473415,-0.9589432317261045,-0.7999999999999999,1.9168824024187863,0.44975562072336256,0.7221214394507716,0.9112405374070789,1.749780172315806,0.40253699788583497,0.04817204301075268,,,0.4270967741935483
experiments/cikm2026_SOTA,lastfm,weighted_itemknn,5,alpha_0.4_beta_0.0,0.4,none,,0.1457,0.19053398448407208,0.22696390658174098,0.034610453237473415,0.06770690809137371,0.1621605132202108,0.31926660807985,0.2846561548423766,0.11047613170876427,0.034610453237473415,-0.9589432317261045,-0.7999999999999999,1.9168824024187863,0.44975562072336256,0.7221214394507716,0.9112405374070789,1.749780172315806,0.40253699788583497,0.04817204301075268,,,0.4270967741935483
experiments/cikm2026,lastfm,weighted_itemknn,6,alpha_0.4_beta_0.0,0.4,none,,0.1391,0.1944352583694224,0.22054140127388536,0.03091960211003821,0.06949456646490265,0.1521298520082914,0.30503397723728787,0.2741143751272497,0.10518011907041387,0.03091960211003821,-0.9868510128654366,-0.7999999999999999,1.9478187728750365,0.4516147218622837,0.715183795948987,0.885382709313692,1.7031448771283726,0.4067653276955601,0.039784946236559135,,,0.4107526881720429
experiments/cikm2026_SOTA,lastfm,weighted_itemknn,6,alpha_0.4_beta_0.0,0.4,none,,0.1391,0.1944352583694224,0.22054140127388536,0.03091960211003821,0.06949456646490265,0.1521298520082914,0.30503397723728787,0.2741143751272497,0.10518011907041387,0.03091960211003821,-0.9868510128654366,-0.7999999999999999,1.9478187728750365,0.4516147218622837,0.715183795948987,0.885382709313692,1.7031448771283726,0.4067653276955601,0.039784946236559135,,,0.4107526881720429
experiments/cikm2026,lastfm,weighted_itemknn,7,alpha_0.4_beta_0.0,0.4,none,,0.1363,0.1883312243991464,0.22908704883227177,0.03863374701435382,0.060586258445483425,0.1488823452535328,0.3007898812011442,0.2621561341867904,0.10305713939116296,0.03863374701435382,-0.9385945072741526,-0.7999999999999999,1.899203891882061,0.4407706472072563,0.7405574120802928,0.9194680488303891,1.7858437336606876,0.39492600422832974,0.04043010752688171,,,0.4135483870967741
experiments/cikm2026_SOTA,lastfm,weighted_itemknn,7,alpha_0.4_beta_0.0,0.4,none,,0.1363,0.1883312243991464,0.22908704883227177,0.03863374701435382,0.060586258445483425,0.1488823452535328,0.3007898812011442,0.2621561341867904,0.10305713939116296,0.03863374701435382,-0.9385945072741526,-0.7999999999999999,1.899203891882061,0.4407706472072563,0.7405574120802928,0.9194680488303891,1.7858437336606876,0.39492600422832974,0.04043010752688171,,,0.4135483870967741
experiments/cikm2026,lastfm,weighted_itemknn,8,alpha_0.4_beta_0.0,0.4,none,,0.1327,0.18819852800848821,0.21932059447983016,0.04061114888189928,0.06348994371389732,0.13049959956482415,0.298614260179923,0.2580031112980237,0.10099667554652696,0.04061114888189928,-0.9539788365994077,-0.7999999999999999,1.898164995794403,0.4645475005114914,0.7569565118552364,0.8803309918388686,1.7467757848553045,0.3919661733615221,0.04150537634408601,,,0.3995698924731182
experiments/cikm2026_SOTA,lastfm,weighted_itemknn,8,alpha_0.4_beta_0.0,0.4,none,,0.1327,0.18819852800848821,0.21932059447983016,0.04061114888189928,0.06348994371389732,0.13049959956482415,0.298614260179923,0.2580031112980237,0.10099667554652696,0.04061114888189928,-0.9539788365994077,-0.7999999999999999,1.898164995794403,0.4645475005114914,0.7569565118552364,0.8803309918388686,1.7467757848553045,0.3919661733615221,0.04150537634408601,,,0.3995698924731182
experiments/cikm2026,lastfm,weighted_itemknn,9,alpha_0.4_beta_0.0,0.4,none,,0.1422,0.19018897386836084,0.21693205944798302,0.03325830956553319,0.06529429407474847,0.14817962891021358,0.32377931403506244,0.2905210044695292,0.11268190894948435,0.03325830956553319,-0.9348954671954488,-1.0,1.9140212325808719,0.4619845870558548,0.7532824115119688,0.8707117688513035,1.7614721862283749,0.39238900634249463,0.04150537634408601,,,0.39333333333333326
experiments/cikm2026_SOTA,lastfm,weighted_itemknn,9,alpha_0.4_beta_0.0,0.4,none,,0.1422,0.19018897386836084,0.21693205944798302,0.03325830956553319,0.06529429407474847,0.14817962891021358,0.32377931403506244,0.2905210044695292,0.11268190894948435,0.03325830956553319,-0.9348954671954488,-1.0,1.9140212325808719,0.4619845870558548,0.7532824115119688,0.8707117688513035,1.7614721862283749,0.39238900634249463,0.04150537634408601,,,0.39333333333333326
experiments/cikm2026,lastfm,weighted_itemknn,0,alpha_0.8,0.8,none,,0.0908,0.06866561930360501,0.35355626326963907,0.022456440084608145,0.01559083622284949,0.055114359171228096,0.27258581312723384,0.25699497690438433,0.1056470360919519,0.01559083622284949,-0.7277985933557996,-0.7999999999999999,0.9455595717111094,0.5364341085271317,1.1010279842687942,1.4169783354929637,3.8296010366227913,0.7919661733615221,0.018709677419354837,,,0.5163440860215053
experiments/cikm2026_SOTA,lastfm,weighted_itemknn,0,alpha_0.8_beta_0.0,0.8,none,,0.0908,0.06866561930360501,0.35355626326963907,0.022456440084608145,0.01559083622284949,0.055114359171228096,0.27258581312723384,0.25699497690438433,0.1056470360919519,0.01559083622284949,-0.7277985933557996,-0.7999999999999999,0.9455595717111094,0.5364341085271317,1.1010279842687942,1.4169783354929637,3.8296010366227913,0.7919661733615221,0.018709677419354837,,,0.5163440860215053
experiments/cikm2026,lastfm,weighted_itemknn,1,alpha_0.8_beta_0.0,0.8,none,,0.088,0.07463695688322283,0.33625265392781317,0.02471827983540076,0.017351280537839135,0.05509684694139139,0.2588806156374679,0.24152933509962876,0.09908900714985784,0.017351280537839135,-0.8575619566947095,-0.7999999999999999,0.9932083020755187,0.5222110072972788,1.13700788833572,1.3475728022914815,3.709379162972561,0.7704016913319238,0.02344086021505376,,,0.48774193548387085
experiments/cikm2026_SOTA,lastfm,weighted_itemknn,1,alpha_0.8_beta_0.0,0.8,none,,0.088,0.07463695688322283,0.33625265392781317,0.02471827983540076,0.017351280537839135,0.05509684694139139,0.2588806156374679,0.24152933509962876,0.09908900714985784,0.017351280537839135,-0.8575619566947095,-0.7999999999999999,0.9932083020755187,0.5222110072972788,1.13700788833572,1.3475728022914815,3.709379162972561,0.7704016913319238,0.02344086021505376,,,0.48774193548387085
experiments/cikm2026,lastfm,weighted_itemknn,2,alpha_0.8_beta_0.0,0.8,none,,0.0862,0.06744481250954981,0.34235668789808915,0.02697245755963259,0.02072812447529486,0.04065185447500566,0.25777185369145555,0.23704372921616068,0.09912815489557184,0.02072812447529486,-0.7622331263972744,-0.6000000000000001,0.9358744231512421,0.5329277773988951,1.1590938643751845,1.3721039350746773,3.7510368501216202,0.8143763213530654,0.0210752688172043,,,0.5006451612903224
experiments/cikm2026_SOTA,lastfm,weighted_itemknn,2,alpha_0.8_beta_0.0,0.8,none,,0.0862,0.06744481250954981,0.34235668789808915,0.02697245755963259,0.02072812447529486,0.04065185447500566,0.25777185369145555,0.23704372921616068,0.09912815489557184,0.02072812447529486,-0.7622331263972744,-0.6000000000000001,0.9358744231512421,0.5329277773988951,1.1590938643751845,1.3721039350746773,3.7510368501216202,0.8143763213530654,0.0210752688172043,,,0.5006451612903224
experiments/cikm2026,lastfm,weighted_itemknn,3,alpha_0.8_beta_0.0,0.8,none,,0.0909,0.07031105454776637,0.34968152866242036,0.0215037535988753,0.01696286275962162,0.05545515385829884,0.272688354483545,0.2557254917239234,0.10557416470073791,0.01696286275962162,-0.7720289446264249,-0.7999999999999999,0.9586783059401213,0.5168751278728771,1.1230762236013547,1.401370342585646,3.7778490077064717,0.7974630021141648,0.019354838709677417,,,0.5060215053763439
experiments/cikm2026_SOTA,lastfm,weighted_itemknn,3,alpha_0.8_beta_0.0,0.8,none,,0.0909,0.07031105454776637,0.34968152866242036,0.0215037535988753,0.01696286275962162,0.05545515385829884,0.272688354483545,0.2557254917239234,0.10557416470073791,0.01696286275962162,-0.7720289446264249,-0.7999999999999999,0.9586783059401213,0.5168751278728771,1.1230762236013547,1.401370342585646,3.7778490077064717,0.7974630021141648,0.019354838709677417,,,0.5060215053763439
experiments/cikm2026,lastfm,weighted_itemknn,4,alpha_0.8_beta_0.0,0.8,none,,0.0824,0.0691964048662377,0.36353503184713376,0.018608241678290626,0.014121300914268636,0.04253845193163248,0.2555928543393822,0.2414715534251136,0.10039382395381735,0.014121300914268636,-0.8271544903208912,-0.7999999999999999,0.9498424606151535,0.5268767191797948,1.0665343608629427,1.456746459342108,3.8257382527450035,0.8131078224101479,0.021935483870967738,,,0.5176344086021505
experiments/cikm2026_SOTA,lastfm,weighted_itemknn,4,alpha_0.8_beta_0.0,0.8,none,,0.0824,0.0691964048662377,0.36353503184713376,0.018608241678290626,0.014121300914268636,0.04253845193163248,0.2555928543393822,0.2414715534251136,0.10039382395381735,0.014121300914268636,-0.8271544903208912,-0.7999999999999999,0.9498424606151535,0.5268767191797948,1.0665343608629427,1.456746459342108,3.8257382527450035,0.8131078224101479,0.021935483870967738,,,0.5176344086021505
experiments/cikm2026,lastfm,weighted_itemknn,5,alpha_0.8_beta_0.0,0.8,none,,0.0898,0.06667517344373239,0.35095541401273883,0.02459620170178639,0.016017173228092606,0.05124068369467482,0.2697749161364557,0.2537577429083631,0.10436924495706146,0.016017173228092606,-0.7471893248134029,-0.6000000000000001,0.9298015412944143,0.5304489758803336,1.1332323990088429,1.4065170838164083,3.831038668758098,0.80338266384778,0.02451612903225806,,,0.5103225806451612
experiments/cikm2026_SOTA,lastfm,weighted_itemknn,5,alpha_0.8_beta_0.0,0.8,none,,0.0898,0.06667517344373239,0.35095541401273883,0.02459620170178639,0.016017173228092606,0.05124068369467482,0.2697749161364557,0.2537577429083631,0.10436924495706146,0.016017173228092606,-0.7471893248134029,-0.6000000000000001,0.9298015412944143,0.5304489758803336,1.1332323990088429,1.4065170838164083,3.831038668758098,0.80338266384778,0.02451612903225806,,,0.5103225806451612
experiments/cikm2026,lastfm,weighted_itemknn,6,alpha_0.8_beta_0.0,0.8,none,,0.0921,0.07070914371974088,0.36528662420382163,0.023433815833960595,0.02416322745462079,0.057967213276603535,0.2645029578391463,0.2410691420051857,0.1002716086587211,0.023433815833960595,-0.7923617157330857,-0.6000000000000001,0.9617949942030961,0.5308172497669871,1.0435808952238057,1.4638068608061103,3.8076655527518235,0.7940803382663846,0.016129032258064512,,,0.5225806451612902
experiments/cikm2026_SOTA,lastfm,weighted_itemknn,6,alpha_0.8_beta_0.0,0.8,none,,0.0921,0.07070914371974088,0.36528662420382163,0.023433815833960595,0.02416322745462079,0.057967213276603535,0.2645029578391463,0.2410691420051857,0.1002716086587211,0.023433815833960595,-0.7923617157330857,-0.6000000000000001,0.9617949942030961,0.5308172497669871,1.0435808952238057,1.4638068608061103,3.8076655527518235,0.7940803382663846,0.016129032258064512,,,0.5225806451612902
experiments/cikm2026,lastfm,weighted_itemknn,7,alpha_0.8_beta_0.0,0.8,none,,0.0878,0.06983334754139695,0.3538216560509554,0.026748586948744175,0.015497678881058838,0.05090322789566469,0.2633054034173372,0.24780772453627836,0.1013798742467504,0.015497678881058838,-0.7740627877078736,-0.6000000000000001,0.9548582600195501,0.5381840914774147,1.0890931823865055,1.4178644661165287,3.7816317715792573,0.7964059196617335,0.018494623655913974,,,0.5062365591397848
experiments/cikm2026_SOTA,lastfm,weighted_itemknn,7,alpha_0.8_beta_0.0,0.8,none,,0.0878,0.06983334754139695,0.3538216560509554,0.026748586948744175,0.015497678881058838,0.05090322789566469,0.2633054034173372,0.24780772453627836,0.1013798742467504,0.015497678881058838,-0.7740627877078736,-0.6000000000000001,0.9548582600195501,0.5381840914774147,1.0890931823865055,1.4178644661165287,3.7816317715792573,0.7964059196617335,0.018494623655913974,,,0.5062365591397848
experiments/cikm2026,lastfm,weighted_itemknn,8,alpha_0.8_beta_0.0,0.8,none,,0.0854,0.07105415433545213,0.3455944798301486,0.02682493492745526,0.019645148627351998,0.04192745156368108,0.2573223691315901,0.23767722050423812,0.09899199311042946,0.019645148627351998,-0.8353932762939915,-0.7999999999999999,0.964565232217145,0.5297565300416012,1.120950692218509,1.384727545522744,3.7030075700743366,0.7892177589852007,0.017419354838709673,,,0.484516129032258
experiments/cikm2026_SOTA,lastfm,weighted_itemknn,8,alpha_0.8_beta_0.0,0.8,none,,0.0854,0.07105415433545213,0.3455944798301486,0.02682493492745526,0.019645148627351998,0.04192745156368108,0.2573223691315901,0.23767722050423812,0.09899199311042946,0.019645148627351998,-0.8353932762939915,-0.7999999999999999,0.964565232217145,0.5297565300416012,1.120950692218509,1.384727545522744,3.7030075700743366,0.7892177589852007,0.017419354838709673,,,0.484516129032258
experiments/cikm2026,lastfm,weighted_itemknn,9,alpha_0.8_beta_0.0,0.8,none,,0.0922,0.06747135178768143,0.3410828025477707,0.023160090138672332,0.01558105978198297,0.05374323012231136,0.27888042131511237,0.2632993615331294,0.10835569834358515,0.01558105978198297,-0.7817857763812506,-0.6000000000000001,0.9361003887335468,0.5475623451317374,1.1498056332264883,1.3665316329082267,3.7977439814499077,0.7843551797040168,0.021935483870967738,,,0.47118279569892463
experiments/cikm2026_SOTA,lastfm,weighted_itemknn,9,alpha_0.8_beta_0.0,0.8,none,,0.0922,0.06747135178768143,0.3410828025477707,0.023160090138672332,0.01558105978198297,0.05374323012231136,0.27888042131511237,0.2632993615331294,0.10835569834358515,0.01558105978198297,-0.7817857763812506,-0.6000000000000001,0.9361003887335468,0.5475623451317374,1.1498056332264883,1.3665316329082267,3.7977439814499077,0.7843551797040168,0.021935483870967738,,,0.47118279569892463
experiments/cikm2026,lastfm,weighted_lightgcn,0,alpha_0.0,0.0,none,,0.1607,0.4319352583694224,0.006900212314225053,0.08033962274566964,0.10698855411769663,0.16250972248710258,0.2916102738875555,0.21127065114188587,0.08136803379878739,0.08033962274566964,,,3.853599308918138,0.09844370183454952,0.019999999999999997,0.027956989247311822,0.0,0.0,0.856559139784946,,,0.027956989247311822
experiments/cikm2026,lastfm,weighted_lightgcn,0,alpha_0.0_beta_0.1,0.0,none,,0.1607,0.4319352583694224,0.006900212314225053,0.08033962274566964,0.10698855411769663,0.16250972248710258,0.2916102738875555,0.21127065114188587,0.08136803379878739,0.08033962274566964,,,3.853599308918138,0.09844370183454952,0.019999999999999997,0.027956989247311822,0.0,0.0,0.856559139784946,,,0.027956989247311822
experiments/cikm2026,lastfm,weighted_lightgcn,0,baseline,0.0,none,,0.1607,0.4319352583694224,0.006900212314225053,0.08033962274566964,0.10698855411769663,0.16250972248710258,0.2916102738875555,0.21127065114188587,0.08136803379878739,0.08033962274566964,,,3.853599308918138,0.09844370183454952,0.019999999999999997,0.027956989247311822,,,0.856559139784946,,,0.027956989247311822
experiments/cikm2026,lastfm,weighted_lightgcn,0,alpha_0.0_beta_0.5,0.0,none,,0.1607,0.4319352583694224,0.006900212314225053,0.08033962274566964,0.10698855411769663,0.16250972248710258,0.2916102738875555,0.21127065114188587,0.08136803379878739,0.08033962274566964,,,3.853599308918138,0.09844370183454952,0.019999999999999997,0.027956989247311822,0.0,0.0,0.856559139784946,,,0.027956989247311822
experiments/cikm2026,lastfm,weighted_lightgcn,0,alpha_0.0_beta_0.0,0.0,none,,0.1607,0.4319352583694224,0.006900212314225053,0.08033962274566964,0.10698855411769663,0.16250972248710258,0.2916102738875555,0.21127065114188587,0.08136803379878739,0.08033962274566964,,,3.853599308918138,0.09844370183454952,0.019999999999999997,0.027956989247311822,0.0,0.0,0.856559139784946,,,0.027956989247311822
experiments/cikm2026,lastfm,weighted_lightgcn,0,alpha_0.0_beta_0.3,0.0,none,,0.1607,0.4319352583694224,0.006900212314225053,0.08033962274566964,0.10698855411769663,0.16250972248710258,0.2916102738875555,0.21127065114188587,0.08136803379878739,0.08033962274566964,,,3.853599308918138,0.09844370183454952,0.019999999999999997,0.027956989247311822,0.0,0.0,0.856559139784946,,,0.027956989247311822
experiments/cikm2026,lastfm,weighted_lightgcn,0,baseline,0.0,none,,0.1607,0.4319352583694224,0.006900212314225053,0.08033962274566964,0.10698855411769663,0.16250972248710258,0.2916102738875555,0.21127065114188587,0.08136803379878739,0.08033962274566964,,,3.853599308918138,0.09844370183454952,0.019999999999999997,0.027956989247311822,,,0.856559139784946,,,0.027956989247311822
experiments/cikm2026_SOTA,lastfm,weighted_lightgcn,0,baseline,0.0,none,,0.1607,0.4319352583694224,0.006900212314225053,0.08033962274566964,0.10698855411769663,0.16250972248710258,0.2916102738875555,0.21127065114188587,0.08136803379878739,0.08033962274566964,,,3.853599308918138,0.09844370183454952,0.019999999999999997,0.027956989247311822,,,0.856559139784946,,,0.027956989247311822
experiments/cikm2026_SOTA,lastfm,weighted_lightgcn,0,baseline,0.0,none,,0.1607,0.4319352583694224,0.006900212314225053,0.08033962274566964,0.10698855411769663,0.16250972248710258,0.2916102738875555,0.21127065114188587,0.08136803379878739,0.08033962274566964,,,3.853599308918138,0.09844370183454952,0.019999999999999997,0.027956989247311822,,,0.856559139784946,,,0.027956989247311822
experiments/cikm2026_SOTA,lastfm,weighted_lightgcn,0,baseline,0.0,none,,0.1607,0.4319352583694224,0.006900212314225053,0.08033962274566964,0.10698855411769663,0.16250972248710258,0.2916102738875555,0.21127065114188587,0.08136803379878739,0.08033962274566964,,,3.853599308918138,0.09844370183454952,0.019999999999999997,0.027956989247311822,,,0.856559139784946,,,0.027956989247311822
experiments/cikm2026_SOTA,lastfm,weighted_lightgcn,0,baseline,0.0,none,,0.1607,0.4319352583694224,0.006900212314225053,0.08033962274566964,0.10698855411769663,0.16250972248710258,0.2916102738875555,0.21127065114188587,0.08136803379878739,0.08033962274566964,,,3.853599308918138,0.09844370183454952,0.019999999999999997,0.027956989247311822,,,0.856559139784946,,,0.027956989247311822
experiments/cikm2026_SOTA,lastfm,weighted_lightgcn,0,baseline,0.0,none,,0.1607,0.4319352583694224,0.006900212314225053,0.08033962274566964,0.10698855411769663,0.16250972248710258,0.2916102738875555,0.21127065114188587,0.08136803379878739,0.08033962274566964,,,3.853599308918138,0.09844370183454952,0.019999999999999997,0.027956989247311822,,,0.856559139784946,,,0.027956989247311822
experiments/cikm2026,lastfm,weighted_lightgcn,1,baseline,0.0,none,,0.1562,0.43273143671337144,0.009023354564755838,0.08162433749994225,0.11400083125305391,0.1544914550151581,0.2734131522815263,0.19178881478158405,0.0726012019645203,0.08162433749994225,,,3.8600436472754547,0.08103525881470365,0.022361954124894855,0.03655913978494623,,,0.8625806451612902,,,0.03655913978494623
experiments/cikm2026,lastfm,weighted_lightgcn,1,baseline,0.0,none,,0.1562,0.43273143671337144,0.009023354564755838,0.08162433749994225,0.11400083125305391,0.1544914550151581,0.2734131522815263,0.19178881478158405,0.0726012019645203,0.08162433749994225,,,3.8600436472754547,0.08103525881470365,0.022361954124894855,0.03655913978494623,,,0.8625806451612902,,,0.03655913978494623
experiments/cikm2026_SOTA,lastfm,weighted_lightgcn,1,baseline,0.0,none,,0.1562,0.43273143671337144,0.009023354564755838,0.08162433749994225,0.11400083125305391,0.1544914550151581,0.2734131522815263,0.19178881478158405,0.0726012019645203,0.08162433749994225,,,3.8600436472754547,0.08103525881470365,0.022361954124894855,0.03655913978494623,,,0.8625806451612902,,,0.03655913978494623
experiments/cikm2026_SOTA,lastfm,weighted_lightgcn,1,baseline,0.0,none,,0.1562,0.43273143671337144,0.009023354564755838,0.08162433749994225,0.11400083125305391,0.1544914550151581,0.2734131522815263,0.19178881478158405,0.0726012019645203,0.08162433749994225,,,3.8600436472754547,0.08103525881470365,0.022361954124894855,0.03655913978494623,,,0.8625806451612902,,,0.03655913978494623
experiments/cikm2026_SOTA,lastfm,weighted_lightgcn,1,baseline,0.0,none,,0.1562,0.43273143671337144,0.009023354564755838,0.08162433749994225,0.11400083125305391,0.1544914550151581,0.2734131522815263,0.19178881478158405,0.0726012019645203,0.08162433749994225,,,3.8600436472754547,0.08103525881470365,0.022361954124894855,0.03655913978494623,,,0.8625806451612902,,,0.03655913978494623
experiments/cikm2026_SOTA,lastfm,weighted_lightgcn,1,baseline,0.0,none,,0.1562,0.43273143671337144,0.009023354564755838,0.08162433749994225,0.11400083125305391,0.1544914550151581,0.2734131522815263,0.19178881478158405,0.0726012019645203,0.08162433749994225,,,3.8600436472754547,0.08103525881470365,0.022361954124894855,0.03655913978494623,,,0.8625806451612902,,,0.03655913978494623
experiments/cikm2026_SOTA,lastfm,weighted_lightgcn,1,baseline,0.0,none,,0.1562,0.43273143671337144,0.009023354564755838,0.08162433749994225,0.11400083125305391,0.1544914550151581,0.2734131522815263,0.19178881478158405,0.0726012019645203,0.08162433749994225,,,3.8600436472754547,0.08103525881470365,0.022361954124894855,0.03655913978494623,,,0.8625806451612902,,,0.03655913978494623
experiments/cikm2026,lastfm,weighted_lightgcn,2,baseline,0.0,none,,0.1583,0.43119215858173665,0.009447983014861995,0.08671696020857224,0.1114122187118689,0.15710953802615776,0.276601540920991,0.18988458071241876,0.07300480323107197,0.08671696020857224,,,3.8476214508172495,0.09452908681715882,0.019569892473118276,0.03827956989247311,,,0.8531182795698923,,,0.03827956989247311
experiments/cikm2026,lastfm,weighted_lightgcn,2,baseline,0.0,none,,0.1583,0.43119215858173665,0.009447983014861995,0.08671696020857224,0.1114122187118689,0.15710953802615776,0.276601540920991,0.18988458071241876,0.07300480323107197,0.08671696020857224,,,3.8476214508172495,0.09452908681715882,0.019569892473118276,0.03827956989247311,,,0.8531182795698923,,,0.03827956989247311
experiments/cikm2026_SOTA,lastfm,weighted_lightgcn,2,baseline,0.0,none,,0.1583,0.43119215858173665,0.009447983014861995,0.08671696020857224,0.1114122187118689,0.15710953802615776,0.276601540920991,0.18988458071241876,0.07300480323107197,0.08671696020857224,,,3.8476214508172495,0.09452908681715882,0.019569892473118276,0.03827956989247311,,,0.8531182795698923,,,0.03827956989247311
experiments/cikm2026_SOTA,lastfm,weighted_lightgcn,2,baseline,0.0,none,,0.1583,0.43119215858173665,0.009447983014861995,0.08671696020857224,0.1114122187118689,0.15710953802615776,0.276601540920991,0.18988458071241876,0.07300480323107197,0.08671696020857224,,,3.8476214508172495,0.09452908681715882,0.019569892473118276,0.03827956989247311,,,0.8531182795698923,,,0.03827956989247311
experiments/cikm2026_SOTA,lastfm,weighted_lightgcn,2,baseline,0.0,none,,0.1583,0.43119215858173665,0.009447983014861995,0.08671696020857224,0.1114122187118689,0.15710953802615776,0.276601540920991,0.18988458071241876,0.07300480323107197,0.08671696020857224,,,3.8476214508172495,0.09452908681715882,0.019569892473118276,0.03827956989247311,,,0.8531182795698923,,,0.03827956989247311
experiments/cikm2026_SOTA,lastfm,weighted_lightgcn,2,baseline,0.0,none,,0.1583,0.43119215858173665,0.009447983014861995,0.08671696020857224,0.1114122187118689,0.15710953802615776,0.276601540920991,0.18988458071241876,0.07300480323107197,0.08671696020857224,,,3.8476214508172495,0.09452908681715882,0.019569892473118276,0.03827956989247311,,,0.8531182795698923,,,0.03827956989247311
experiments/cikm2026_SOTA,lastfm,weighted_lightgcn,2,baseline,0.0,none,,0.1583,0.43119215858173665,0.009447983014861995,0.08671696020857224,0.1114122187118689,0.15710953802615776,0.276601540920991,0.18988458071241876,0.07300480323107197,0.08671696020857224,,,3.8476214508172495,0.09452908681715882,0.019569892473118276,0.03827956989247311,,,0.8531182795698923,,,0.03827956989247311
experiments/cikm2026,lastfm,weighted_lightgcn,3,baseline,0.0,none,,0.1634,0.43119215858173665,0.008917197452229299,0.0835614657035993,0.11759101609624703,0.15321423664609946,0.297996612764797,0.2144351470611977,0.08168884588841772,0.0835614657035993,,,3.847555979904066,0.09566982654754597,0.020645161290322577,0.036129032258064506,,,0.8492473118279569,,,0.036129032258064506
experiments/cikm2026,lastfm,weighted_lightgcn,3,baseline,0.0,none,,0.1634,0.43119215858173665,0.008917197452229299,0.0835614657035993,0.11759101609624703,0.15321423664609946,0.297996612764797,0.2144351470611977,0.08168884588841772,0.0835614657035993,,,3.847555979904066,0.09566982654754597,0.020645161290322577,0.036129032258064506,,,0.8492473118279569,,,0.036129032258064506
experiments/cikm2026_SOTA,lastfm,weighted_lightgcn,3,baseline,0.0,none,,0.1634,0.43119215858173665,0.008917197452229299,0.0835614657035993,0.11759101609624703,0.15321423664609946,0.297996612764797,0.2144351470611977,0.08168884588841772,0.0835614657035993,,,3.847555979904066,0.09566982654754597,0.020645161290322577,0.036129032258064506,,,0.8492473118279569,,,0.036129032258064506
experiments/cikm2026_SOTA,lastfm,weighted_lightgcn,3,baseline,0.0,none,,0.1634,0.43119215858173665,0.008917197452229299,0.0835614657035993,0.11759101609624703,0.15321423664609946,0.297996612764797,0.2144351470611977,0.08168884588841772,0.0835614657035993,,,3.847555979904066,0.09566982654754597,0.020645161290322577,0.036129032258064506,,,0.8492473118279569,,,0.036129032258064506
experiments/cikm2026_SOTA,lastfm,weighted_lightgcn,3,baseline,0.0,none,,0.1634,0.43119215858173665,0.008917197452229299,0.0835614657035993,0.11759101609624703,0.15321423664609946,0.297996612764797,0.2144351470611977,0.08168884588841772,0.0835614657035993,,,3.847555979904066,0.09566982654754597,0.020645161290322577,0.036129032258064506,,,0.8492473118279569,,,0.036129032258064506
experiments/cikm2026_SOTA,lastfm,weighted_lightgcn,3,baseline,0.0,none,,0.1634,0.43119215858173665,0.008917197452229299,0.0835614657035993,0.11759101609624703,0.15321423664609946,0.297996612764797,0.2144351470611977,0.08168884588841772,0.0835614657035993,,,3.847555979904066,0.09566982654754597,0.020645161290322577,0.036129032258064506,,,0.8492473118279569,,,0.036129032258064506
experiments/cikm2026_SOTA,lastfm,weighted_lightgcn,3,baseline,0.0,none,,0.1634,0.43119215858173665,0.008917197452229299,0.0835614657035993,0.11759101609624703,0.15321423664609946,0.297996612764797,0.2144351470611977,0.08168884588841772,0.0835614657035993,,,3.847555979904066,0.09566982654754597,0.020645161290322577,0.036129032258064506,,,0.8492473118279569,,,0.036129032258064506
experiments/cikm2026,lastfm,weighted_lightgcn,4,baseline,0.0,none,,0.1541,0.43169640486623767,0.007749469214437367,0.0794097655259356,0.11145773798090262,0.15776865382718222,0.26660897181086535,0.18719920628492975,0.07083146892989173,0.0794097655259356,,,3.8516929232308073,0.0930382595648912,0.023870967741935478,0.03139784946236558,,,0.8563440860215052,,,0.03139784946236558
experiments/cikm2026,lastfm,weighted_lightgcn,4,baseline,0.0,none,,0.1541,0.43169640486623767,0.007749469214437367,0.0794097655259356,0.11145773798090262,0.15776865382718222,0.26660897181086535,0.18719920628492975,0.07083146892989173,0.0794097655259356,,,3.8516929232308073,0.0930382595648912,0.023870967741935478,0.03139784946236558,,,0.8563440860215052,,,0.03139784946236558
experiments/cikm2026_SOTA,lastfm,weighted_lightgcn,4,baseline,0.0,none,,0.1541,0.43169640486623767,0.007749469214437367,0.0794097655259356,0.11145773798090262,0.15776865382718222,0.26660897181086535,0.18719920628492975,0.07083146892989173,0.0794097655259356,,,3.8516929232308073,0.0930382595648912,0.023870967741935478,0.03139784946236558,,,0.8563440860215052,,,0.03139784946236558
experiments/cikm2026_SOTA,lastfm,weighted_lightgcn,4,baseline,0.0,none,,0.1541,0.43169640486623767,0.007749469214437367,0.0794097655259356,0.11145773798090262,0.15776865382718222,0.26660897181086535,0.18719920628492975,0.07083146892989173,0.0794097655259356,,,3.8516929232308073,0.0930382595648912,0.023870967741935478,0.03139784946236558,,,0.8563440860215052,,,0.03139784946236558
experiments/cikm2026_SOTA,lastfm,weighted_lightgcn,4,baseline,0.0,none,,0.1541,0.43169640486623767,0.007749469214437367,0.0794097655259356,0.11145773798090262,0.15776865382718222,0.26660897181086535,0.18719920628492975,0.07083146892989173,0.0794097655259356,,,3.8516929232308073,0.0930382595648912,0.023870967741935478,0.03139784946236558,,,0.8563440860215052,,,0.03139784946236558
experiments/cikm2026_SOTA,lastfm,weighted_lightgcn,4,baseline,0.0,none,,0.1541,0.43169640486623767,0.007749469214437367,0.0794097655259356,0.11145773798090262,0.15776865382718222,0.26660897181086535,0.18719920628492975,0.07083146892989173,0.0794097655259356,,,3.8516929232308073,0.0930382595648912,0.023870967741935478,0.03139784946236558,,,0.8563440860215052,,,0.03139784946236558
experiments/cikm2026_SOTA,lastfm,weighted_lightgcn,4,baseline,0.0,none,,0.1541,0.43169640486623767,0.007749469214437367,0.0794097655259356,0.11145773798090262,0.15776865382718222,0.26660897181086535,0.18719920628492975,0.07083146892989173,0.0794097655259356,,,3.8516929232308073,0.0930382595648912,0.023870967741935478,0.03139784946236558,,,0.8563440860215052,,,0.03139784946236558
experiments/cikm2026,lastfm,weighted_lightgcn,5,baseline,0.0,none,,0.1634,0.4329968294946878,0.007271762208067941,0.08334402501076624,0.11650581120950415,0.15542880675842274,0.29696894167455584,0.2136249166637896,0.0814121749475062,0.08334402501076624,,,3.8621614494532714,0.08364500215963079,0.02473118279569892,0.029462365591397845,,,0.8627956989247311,,,0.029462365591397845
experiments/cikm2026,lastfm,weighted_lightgcn,5,baseline,0.0,none,,0.1634,0.4329968294946878,0.007271762208067941,0.08334402501076624,0.11650581120950415,0.15542880675842274,0.29696894167455584,0.2136249166637896,0.0814121749475062,0.08334402501076624,,,3.8621614494532714,0.08364500215963079,0.02473118279569892,0.029462365591397845,,,0.8627956989247311,,,0.029462365591397845
experiments/cikm2026_SOTA,lastfm,weighted_lightgcn,5,baseline,0.0,none,,0.1634,0.4329968294946878,0.007271762208067941,0.08334402501076624,0.11650581120950415,0.15542880675842274,0.29696894167455584,0.2136249166637896,0.0814121749475062,0.08334402501076624,,,3.8621614494532714,0.08364500215963079,0.02473118279569892,0.029462365591397845,,,0.8627956989247311,,,0.029462365591397845
experiments/cikm2026_SOTA,lastfm,weighted_lightgcn,5,baseline,0.0,none,,0.1634,0.4329968294946878,0.007271762208067941,0.08334402501076624,0.11650581120950415,0.15542880675842274,0.29696894167455584,0.2136249166637896,0.0814121749475062,0.08334402501076624,,,3.8621614494532714,0.08364500215963079,0.02473118279569892,0.029462365591397845,,,0.8627956989247311,,,0.029462365591397845
experiments/cikm2026_SOTA,lastfm,weighted_lightgcn,5,baseline,0.0,none,,0.1634,0.4329968294946878,0.007271762208067941,0.08334402501076624,0.11650581120950415,0.15542880675842274,0.29696894167455584,0.2136249166637896,0.0814121749475062,0.08334402501076624,,,3.8621614494532714,0.08364500215963079,0.02473118279569892,0.029462365591397845,,,0.8627956989247311,,,0.029462365591397845
experiments/cikm2026_SOTA,lastfm,weighted_lightgcn,5,baseline,0.0,none,,0.1634,0.4329968294946878,0.007271762208067941,0.08334402501076624,0.11650581120950415,0.15542880675842274,0.29696894167455584,0.2136249166637896,0.0814121749475062,0.08334402501076624,,,3.8621614494532714,0.08364500215963079,0.02473118279569892,0.029462365591397845,,,0.8627956989247311,,,0.029462365591397845
experiments/cikm2026_SOTA,lastfm,weighted_lightgcn,5,baseline,0.0,none,,0.1634,0.4329968294946878,0.007271762208067941,0.08334402501076624,0.11650581120950415,0.15542880675842274,0.29696894167455584,0.2136249166637896,0.0814121749475062,0.08334402501076624,,,3.8621614494532714,0.08364500215963079,0.02473118279569892,0.029462365591397845,,,0.8627956989247311,,,0.029462365591397845
experiments/cikm2026,lastfm,weighted_lightgcn,6,baseline,0.0,none,,0.1565,0.4329968294946878,0.007961783439490446,0.07714595460632606,0.11861212783967715,0.1506868571124211,0.27836324670204415,0.2012172920957181,0.07519415502413648,0.07714595460632606,,,3.8622232830935,0.08359044306531177,0.021928209325058533,0.032258064516129024,,,0.8664516129032256,,,0.032258064516129024
experiments/cikm2026,lastfm,weighted_lightgcn,6,baseline,0.0,none,,0.1565,0.4329968294946878,0.007961783439490446,0.07714595460632606,0.11861212783967715,0.1506868571124211,0.27836324670204415,0.2012172920957181,0.07519415502413648,0.07714595460632606,,,3.8622232830935,0.08359044306531177,0.021928209325058533,0.032258064516129024,,,0.8664516129032256,,,0.032258064516129024
experiments/cikm2026_SOTA,lastfm,weighted_lightgcn,6,baseline,0.0,none,,0.1565,0.4329968294946878,0.007961783439490446,0.07714595460632606,0.11861212783967715,0.1506868571124211,0.27836324670204415,0.2012172920957181,0.07519415502413648,0.07714595460632606,,,3.8622232830935,0.08359044306531177,0.021928209325058533,0.032258064516129024,,,0.8664516129032256,,,0.032258064516129024
experiments/cikm2026_SOTA,lastfm,weighted_lightgcn,6,baseline,0.0,none,,0.1565,0.4329968294946878,0.007961783439490446,0.07714595460632606,0.11861212783967715,0.1506868571124211,0.27836324670204415,0.2012172920957181,0.07519415502413648,0.07714595460632606,,,3.8622232830935,0.08359044306531177,0.021928209325058533,0.032258064516129024,,,0.8664516129032256,,,0.032258064516129024
experiments/cikm2026_SOTA,lastfm,weighted_lightgcn,6,baseline,0.0,none,,0.1565,0.4329968294946878,0.007961783439490446,0.07714595460632606,0.11861212783967715,0.1506868571124211,0.27836324670204415,0.2012172920957181,0.07519415502413648,0.07714595460632606,,,3.8622232830935,0.08359044306531177,0.021928209325058533,0.032258064516129024,,,0.8664516129032256,,,0.032258064516129024
experiments/cikm2026_SOTA,lastfm,weighted_lightgcn,6,baseline,0.0,none,,0.1565,0.4329968294946878,0.007961783439490446,0.07714595460632606,0.11861212783967715,0.1506868571124211,0.27836324670204415,0.2012172920957181,0.07519415502413648,0.07714595460632606,,,3.8622232830935,0.08359044306531177,0.021928209325058533,0.032258064516129024,,,0.8664516129032256,,,0.032258064516129024
experiments/cikm2026_SOTA,lastfm,weighted_lightgcn,6,baseline,0.0,none,,0.1565,0.4329968294946878,0.007961783439490446,0.07714595460632606,0.11861212783967715,0.1506868571124211,0.27836324670204415,0.2012172920957181,0.07519415502413648,0.07714595460632606,,,3.8622232830935,0.08359044306531177,0.021928209325058533,0.032258064516129024,,,0.8664516129032256,,,0.032258064516129024
experiments/cikm2026,lastfm,weighted_lightgcn,7,baseline,0.0,none,,0.1534,0.43220065115073875,0.008492569002123142,0.08028041862559153,0.09653335447478704,0.1517312424415679,0.2837804322892106,0.20350001366361908,0.07997143913385805,0.08028041862559153,,,3.8557207483689098,0.08169860646979925,0.028172043010752684,0.03440860215053763,,,0.8569892473118278,,,0.03440860215053763
experiments/cikm2026,lastfm,weighted_lightgcn,7,baseline,0.0,none,,0.1534,0.43220065115073875,0.008492569002123142,0.08028041862559153,0.09653335447478704,0.1517312424415679,0.2837804322892106,0.20350001366361908,0.07997143913385805,0.08028041862559153,,,3.8557207483689098,0.08169860646979925,0.028172043010752684,0.03440860215053763,,,0.8569892473118278,,,0.03440860215053763
experiments/cikm2026_SOTA,lastfm,weighted_lightgcn,7,baseline,0.0,none,,0.1534,0.43220065115073875,0.008492569002123142,0.08028041862559153,0.09653335447478704,0.1517312424415679,0.2837804322892106,0.20350001366361908,0.07997143913385805,0.08028041862559153,,,3.8557207483689098,0.08169860646979925,0.028172043010752684,0.03440860215053763,,,0.8569892473118278,,,0.03440860215053763
experiments/cikm2026_SOTA,lastfm,weighted_lightgcn,7,baseline,0.0,none,,0.1534,0.43220065115073875,0.008492569002123142,0.08028041862559153,0.09653335447478704,0.1517312424415679,0.2837804322892106,0.20350001366361908,0.07997143913385805,0.08028041862559153,,,3.8557207483689098,0.08169860646979925,0.028172043010752684,0.03440860215053763,,,0.8569892473118278,,,0.03440860215053763
experiments/cikm2026_SOTA,lastfm,weighted_lightgcn,7,baseline,0.0,none,,0.1534,0.43220065115073875,0.008492569002123142,0.08028041862559153,0.09653335447478704,0.1517312424415679,0.2837804322892106,0.20350001366361908,0.07997143913385805,0.08028041862559153,,,3.8557207483689098,0.08169860646979925,0.028172043010752684,0.03440860215053763,,,0.8569892473118278,,,0.03440860215053763
experiments/cikm2026_SOTA,lastfm,weighted_lightgcn,7,baseline,0.0,none,,0.1534,0.43220065115073875,0.008492569002123142,0.08028041862559153,0.09653335447478704,0.1517312424415679,0.2837804322892106,0.20350001366361908,0.07997143913385805,0.08028041862559153,,,3.8557207483689098,0.08169860646979925,0.028172043010752684,0.03440860215053763,,,0.8569892473118278,,,0.03440860215053763
experiments/cikm2026_SOTA,lastfm,weighted_lightgcn,7,baseline,0.0,none,,0.1534,0.43220065115073875,0.008492569002123142,0.08028041862559153,0.09653335447478704,0.1517312424415679,0.2837804322892106,0.20350001366361908,0.07997143913385805,0.08028041862559153,,,3.8557207483689098,0.08169860646979925,0.028172043010752684,0.03440860215053763,,,0.8569892473118278,,,0.03440860215053763
experiments/cikm2026,lastfm,weighted_lightgcn,8,baseline,0.0,none,,0.1537,0.4333949186666623,0.007855626326963907,0.08720891992683201,0.1087195101403628,0.1432238010468228,0.2746648350409281,0.1874559151140961,0.07277758706936999,0.08720891992683201,,,3.8654272659073854,0.07973766168814929,0.023007115415217435,0.03182795698924731,,,0.8683870967741933,,,0.03182795698924731
experiments/cikm2026,lastfm,weighted_lightgcn,8,baseline,0.0,none,,0.1537,0.4333949186666623,0.007855626326963907,0.08720891992683201,0.1087195101403628,0.1432238010468228,0.2746648350409281,0.1874559151140961,0.07277758706936999,0.08720891992683201,,,3.8654272659073854,0.07973766168814929,0.023007115415217435,0.03182795698924731,,,0.8683870967741933,,,0.03182795698924731
experiments/cikm2026_SOTA,lastfm,weighted_lightgcn,8,baseline,0.0,none,,0.1537,0.4333949186666623,0.007855626326963907,0.08720891992683201,0.1087195101403628,0.1432238010468228,0.2746648350409281,0.1874559151140961,0.07277758706936999,0.08720891992683201,,,3.8654272659073854,0.07973766168814929,0.023007115415217435,0.03182795698924731,,,0.8683870967741933,,,0.03182795698924731
experiments/cikm2026_SOTA,lastfm,weighted_lightgcn,8,baseline,0.0,none,,0.1537,0.4333949186666623,0.007855626326963907,0.08720891992683201,0.1087195101403628,0.1432238010468228,0.2746648350409281,0.1874559151140961,0.07277758706936999,0.08720891992683201,,,3.8654272659073854,0.07973766168814929,0.023007115415217435,0.03182795698924731,,,0.8683870967741933,,,0.03182795698924731
experiments/cikm2026_SOTA,lastfm,weighted_lightgcn,8,baseline,0.0,none,,0.1537,0.4333949186666623,0.007855626326963907,0.08720891992683201,0.1087195101403628,0.1432238010468228,0.2746648350409281,0.1874559151140961,0.07277758706936999,0.08720891992683201,,,3.8654272659073854,0.07973766168814929,0.023007115415217435,0.03182795698924731,,,0.8683870967741933,,,0.03182795698924731
experiments/cikm2026_SOTA,lastfm,weighted_lightgcn,8,baseline,0.0,none,,0.1537,0.4333949186666623,0.007855626326963907,0.08720891992683201,0.1087195101403628,0.1432238010468228,0.2746648350409281,0.1874559151140961,0.07277758706936999,0.08720891992683201,,,3.8654272659073854,0.07973766168814929,0.023007115415217435,0.03182795698924731,,,0.8683870967741933,,,0.03182795698924731
experiments/cikm2026_SOTA,lastfm,weighted_lightgcn,8,baseline,0.0,none,,0.1537,0.4333949186666623,0.007855626326963907,0.08720891992683201,0.1087195101403628,0.1432238010468228,0.2746648350409281,0.1874559151140961,0.07277758706936999,0.08720891992683201,,,3.8654272659073854,0.07973766168814929,0.023007115415217435,0.03182795698924731,,,0.8683870967741933,,,0.03182795698924731
experiments/cikm2026,lastfm,weighted_lightgcn,9,baseline,0.0,none,,0.159,0.43251912248831836,0.006953290870488323,0.08787863736534807,0.1048855204634842,0.144641834702628,0.2973756219573631,0.20949698459201505,0.08267439698222467,0.08787863736534807,,,3.8583814135352013,0.08571915706199275,0.027727386392052553,0.028172043010752684,,,0.864301075268817,,,0.028172043010752684
experiments/cikm2026,lastfm,weighted_lightgcn,9,baseline,0.0,none,,0.159,0.43251912248831836,0.006953290870488323,0.08787863736534807,0.1048855204634842,0.144641834702628,0.2973756219573631,0.20949698459201505,0.08267439698222467,0.08787863736534807,,,3.8583814135352013,0.08571915706199275,0.027727386392052553,0.028172043010752684,,,0.864301075268817,,,0.028172043010752684
experiments/cikm2026_SOTA,lastfm,weighted_lightgcn,9,baseline,0.0,none,,0.159,0.43251912248831836,0.006953290870488323,0.08787863736534807,0.1048855204634842,0.144641834702628,0.2973756219573631,0.20949698459201505,0.08267439698222467,0.08787863736534807,,,3.8583814135352013,0.08571915706199275,0.027727386392052553,0.028172043010752684,,,0.864301075268817,,,0.028172043010752684
experiments/cikm2026_SOTA,lastfm,weighted_lightgcn,9,baseline,0.0,none,,0.159,0.43251912248831836,0.006953290870488323,0.08787863736534807,0.1048855204634842,0.144641834702628,0.2973756219573631,0.20949698459201505,0.08267439698222467,0.08787863736534807,,,3.8583814135352013,0.08571915706199275,0.027727386392052553,0.028172043010752684,,,0.864301075268817,,,0.028172043010752684
experiments/cikm2026_SOTA,lastfm,weighted_lightgcn,9,baseline,0.0,none,,0.159,0.43251912248831836,0.006953290870488323,0.08787863736534807,0.1048855204634842,0.144641834702628,0.2973756219573631,0.20949698459201505,0.08267439698222467,0.08787863736534807,,,3.8583814135352013,0.08571915706199275,0.027727386392052553,0.028172043010752684,,,0.864301075268817,,,0.028172043010752684
experiments/cikm2026_SOTA,lastfm,weighted_lightgcn,9,baseline,0.0,none,,0.159,0.43251912248831836,0.006953290870488323,0.08787863736534807,0.1048855204634842,0.144641834702628,0.2973756219573631,0.20949698459201505,0.08267439698222467,0.08787863736534807,,,3.8583814135352013,0.08571915706199275,0.027727386392052553,0.028172043010752684,,,0.864301075268817,,,0.028172043010752684
experiments/cikm2026_SOTA,lastfm,weighted_lightgcn,9,baseline,0.0,none,,0.159,0.43251912248831836,0.006953290870488323,0.08787863736534807,0.1048855204634842,0.144641834702628,0.2973756219573631,0.20949698459201505,0.08267439698222467,0.08787863736534807,,,3.8583814135352013,0.08571915706199275,0.027727386392052553,0.028172043010752684,,,0.864301075268817,,,0.028172043010752684
experiments/cikm2026,lastfm,weighted_lightgcn,0,alpha_0.1,0.1,none,,0.1608,0.42768897386836086,0.008067940552016985,0.08143004433138962,0.1070554147074755,0.16114190062911407,0.29215790929641544,0.21072786496502582,0.08130588412884447,0.08143004433138962,0.6360966664813436,0.7745966692414834,3.819205255859419,0.12466571188251606,0.02344086021505376,0.03268817204301075,0.06878810611743824,0.0335483870967741,0.8230107526881719,,,0.03268817204301075
experiments/cikm2026,lastfm,weighted_lightgcn,0,alpha_0.1_beta_0.3,0.1,none,,0.1608,0.42768897386836086,0.008067940552016985,0.08143004433138962,0.1070554147074755,0.16114190062911407,0.29215790929641544,0.21072786496502582,0.08130588412884447,0.08143004433138962,0.6360966664813436,0.7745966692414834,3.819205255859419,0.12466571188251606,0.02344086021505376,0.03268817204301075,0.06878810611743824,0.0335483870967741,0.8230107526881719,,,0.03268817204301075
experiments/cikm2026,lastfm,weighted_lightgcn,0,alpha_0.1_beta_0.0,0.1,none,,0.1608,0.42768897386836086,0.008067940552016985,0.08143004433138962,0.1070554147074755,0.16114190062911407,0.29215790929641544,0.21072786496502582,0.08130588412884447,0.08143004433138962,0.6360966664813436,0.7745966692414834,3.819205255859419,0.12466571188251606,0.02344086021505376,0.03268817204301075,0.06878810611743824,0.0335483870967741,0.8230107526881719,,,0.03268817204301075
experiments/cikm2026,lastfm,weighted_lightgcn,0,alpha_0.1_beta_0.1,0.1,none,,0.1608,0.42768897386836086,0.008067940552016985,0.08143004433138962,0.1070554147074755,0.16114190062911407,0.29215790929641544,0.21072786496502582,0.08130588412884447,0.08143004433138962,0.6360966664813436,0.7745966692414834,3.819205255859419,0.12466571188251606,0.02344086021505376,0.03268817204301075,0.06878810611743824,0.0335483870967741,0.8230107526881719,,,0.03268817204301075
experiments/cikm2026,lastfm,weighted_lightgcn,0,alpha_0.1_beta_0.5,0.1,none,,0.1608,0.42768897386836086,0.008067940552016985,0.08143004433138962,0.1070554147074755,0.16114190062911407,0.29215790929641544,0.21072786496502582,0.08130588412884447,0.08143004433138962,0.6360966664813436,0.7745966692414834,3.819205255859419,0.12466571188251606,0.02344086021505376,0.03268817204301075,0.06878810611743824,0.0335483870967741,0.8230107526881719,,,0.03268817204301075
experiments/cikm2026,lastfm,weighted_lightgcn,0,alpha_0.1_beta_0.0,0.1,none,,0.1608,0.42768897386836086,0.008067940552016985,0.08143004433138962,0.1070554147074755,0.16114190062911407,0.29215790929641544,0.21072786496502582,0.08130588412884447,0.08143004433138962,0.6360966664813436,0.7745966692414834,3.819205255859419,0.12466571188251606,0.02344086021505376,0.03268817204301075,0.06878810611743824,0.0335483870967741,0.8230107526881719,,,0.03268817204301075
experiments/cikm2026_SOTA,lastfm,weighted_lightgcn,0,alpha_0.1_beta_0.0,0.1,none,,0.1608,0.42768897386836086,0.008067940552016985,0.08143004433138962,0.1070554147074755,0.16114190062911407,0.29215790929641544,0.21072786496502582,0.08130588412884447,0.08143004433138962,0.6360966664813436,0.7745966692414834,3.819205255859419,0.12466571188251606,0.02344086021505376,0.03268817204301075,0.06878810611743824,0.0335483870967741,0.8230107526881719,,,0.03268817204301075
experiments/cikm2026,lastfm,weighted_lightgcn,1,alpha_0.1_beta_0.0,0.1,none,,0.1559,0.42901593777494257,0.009819532908704883,0.0808137601396622,0.11434521567192138,0.15313710592023175,0.2738782201107099,0.1930644599710477,0.07295671553615778,0.0808137601396622,-0.3540439920496974,-0.2581988897471611,3.8299543067585073,0.10596330900907043,0.0242974379958626,0.039784946236559135,0.060178681033894864,0.029032258064516148,0.833548387096774,,,0.039784946236559135
experiments/cikm2026,lastfm,weighted_lightgcn,1,alpha_0.1_beta_0.0,0.1,none,,0.1559,0.42901593777494257,0.009819532908704883,0.0808137601396622,0.11434521567192138,0.15313710592023175,0.2738782201107099,0.1930644599710477,0.07295671553615778,0.0808137601396622,-0.3540439920496974,-0.2581988897471611,3.8299543067585073,0.10596330900907043,0.0242974379958626,0.039784946236559135,0.060178681033894864,0.029032258064516148,0.833548387096774,,,0.039784946236559135
experiments/cikm2026_SOTA,lastfm,weighted_lightgcn,1,alpha_0.1_beta_0.0,0.1,none,,0.1559,0.42901593777494257,0.009819532908704883,0.0808137601396622,0.11434521567192138,0.15313710592023175,0.2738782201107099,0.1930644599710477,0.07295671553615778,0.0808137601396622,-0.3540439920496974,-0.2581988897471611,3.8299543067585073,0.10596330900907043,0.0242974379958626,0.039784946236559135,0.060178681033894864,0.029032258064516148,0.833548387096774,,,0.039784946236559135
experiments/cikm2026,lastfm,weighted_lightgcn,2,alpha_0.1_beta_0.0,0.1,none,,0.1582,0.428113602318467,0.009766454352441613,0.08751096880145397,0.11128033338105614,0.1564586261320785,0.27644936345883536,0.18893839465738138,0.07277368291343284,0.08751096880145397,0.9172706307808364,0.7745966692414834,3.8226897633499277,0.1134392689081361,0.0243010752688172,0.03956989247311827,0.04986337493464269,0.02408602150537631,0.829032258064516,,,0.03956989247311827
experiments/cikm2026,lastfm,weighted_lightgcn,2,alpha_0.1_beta_0.0,0.1,none,,0.1582,0.428113602318467,0.009766454352441613,0.08751096880145397,0.11128033338105614,0.1564586261320785,0.27644936345883536,0.18893839465738138,0.07277368291343284,0.08751096880145397,0.9172706307808364,0.7745966692414834,3.8226897633499277,0.1134392689081361,0.0243010752688172,0.03956989247311827,0.04986337493464269,0.02408602150537631,0.829032258064516,,,0.03956989247311827
experiments/cikm2026_SOTA,lastfm,weighted_lightgcn,2,alpha_0.1_beta_0.0,0.1,none,,0.1582,0.428113602318467,0.009766454352441613,0.08751096880145397,0.11128033338105614,0.1564586261320785,0.27644936345883536,0.18893839465738138,0.07277368291343284,0.08751096880145397,0.9172706307808364,0.7745966692414834,3.8226897633499277,0.1134392689081361,0.0243010752688172,0.03956989247311827,0.04986337493464269,0.02408602150537631,0.829032258064516,,,0.03956989247311827
experiments/cikm2026,lastfm,weighted_lightgcn,3,alpha_0.1_beta_0.0,0.1,none,,0.1633,0.4272643454182547,0.009447983014861995,0.08451229327668912,0.11762815908254923,0.15305774894124383,0.29681218092805706,0.21229988765136792,0.08096831502015722,0.08451229327668912,0.7908422387477236,0.7745966692414834,3.8157534838255014,0.11757984950783147,0.028387096774193543,0.03827956989247311,0.06360499215713031,0.030322580645161357,0.8189247311827955,,,0.03827956989247311
experiments/cikm2026,lastfm,weighted_lightgcn,3,alpha_0.1_beta_0.0,0.1,none,,0.1633,0.4272643454182547,0.009447983014861995,0.08451229327668912,0.11762815908254923,0.15305774894124383,0.29681218092805706,0.21229988765136792,0.08096831502015722,0.08451229327668912,0.7908422387477236,0.7745966692414834,3.8157534838255014,0.11757984950783147,0.028387096774193543,0.03827956989247311,0.06360499215713031,0.030322580645161357,0.8189247311827955,,,0.03827956989247311
experiments/cikm2026_SOTA,lastfm,weighted_lightgcn,3,alpha_0.1_beta_0.0,0.1,none,,0.1633,0.4272643454182547,0.009447983014861995,0.08451229327668912,0.11762815908254923,0.15305774894124383,0.29681218092805706,0.21229988765136792,0.08096831502015722,0.08451229327668912,0.7908422387477236,0.7745966692414834,3.8157534838255014,0.11757984950783147,0.028387096774193543,0.03827956989247311,0.06360499215713031,0.030322580645161357,0.8189247311827955,,,0.03827956989247311
experiments/cikm2026,lastfm,weighted_lightgcn,4,alpha_0.1_beta_0.0,0.1,none,,0.155,0.427821670259019,0.008174097664543524,0.08163182588186127,0.1127745908453583,0.15772127140376993,0.26647008395848976,0.1848382580766285,0.0699970848083938,0.08163182588186127,0.8109287854717588,0.7745966692414834,3.820313260133214,0.11710609470549453,0.029462365591397845,0.03311827956989247,0.06275932619518525,0.030322580645161357,0.8260215053763439,,,0.03311827956989247
experiments/cikm2026,lastfm,weighted_lightgcn,4,alpha_0.1_beta_0.0,0.1,none,,0.155,0.427821670259019,0.008174097664543524,0.08163182588186127,0.1127745908453583,0.15772127140376993,0.26647008395848976,0.1848382580766285,0.0699970848083938,0.08163182588186127,0.8109287854717588,0.7745966692414834,3.820313260133214,0.11710609470549453,0.029462365591397845,0.03311827956989247,0.06275932619518525,0.030322580645161357,0.8260215053763439,,,0.03311827956989247
experiments/cikm2026_SOTA,lastfm,weighted_lightgcn,4,alpha_0.1_beta_0.0,0.1,none,,0.155,0.427821670259019,0.008174097664543524,0.08163182588186127,0.1127745908453583,0.15772127140376993,0.26647008395848976,0.1848382580766285,0.0699970848083938,0.08163182588186127,0.8109287854717588,0.7745966692414834,3.820313260133214,0.11710609470549453,0.029462365591397845,0.03311827956989247,0.06275932619518525,0.030322580645161357,0.8260215053763439,,,0.03311827956989247
experiments/cikm2026,lastfm,weighted_lightgcn,5,alpha_0.1_beta_0.0,0.1,none,,0.1633,0.4299182732314182,0.007643312101910828,0.08274432409612452,0.11482830377634018,0.15786218031648036,0.2965567201351267,0.21381239603900215,0.08158627411866388,0.08274432409612452,-0.20339690744968175,-0.2581988897471611,3.8372261247129957,0.10062333765259494,0.031182795698924726,0.030967741935483864,0.04987064948055201,0.024301075268817307,0.8384946236559138,,,0.030967741935483864
experiments/cikm2026,lastfm,weighted_lightgcn,5,alpha_0.1_beta_0.0,0.1,none,,0.1633,0.4299182732314182,0.007643312101910828,0.08274432409612452,0.11482830377634018,0.15786218031648036,0.2965567201351267,0.21381239603900215,0.08158627411866388,0.08274432409612452,-0.20339690744968175,-0.2581988897471611,3.8372261247129957,0.10062333765259494,0.031182795698924726,0.030967741935483864,0.04987064948055201,0.024301075268817307,0.8384946236559138,,,0.030967741935483864
experiments/cikm2026_SOTA,lastfm,weighted_lightgcn,5,alpha_0.1_beta_0.0,0.1,none,,0.1633,0.4299182732314182,0.007643312101910828,0.08274432409612452,0.11482830377634018,0.15786218031648036,0.2965567201351267,0.21381239603900215,0.08158627411866388,0.08274432409612452,-0.20339690744968175,-0.2581988897471611,3.8372261247129957,0.10062333765259494,0.031182795698924726,0.030967741935483864,0.04987064948055201,0.024301075268817307,0.8384946236559138,,,0.030967741935483864
experiments/cikm2026,lastfm,weighted_lightgcn,6,alpha_0.1_beta_0.0,0.1,none,,0.1573,0.42952018405944364,0.009288747346072187,0.07731536115626621,0.11818205671732657,0.15169510252558466,0.280682988546946,0.20336762739067982,0.07612833589893706,0.07731536115626621,-0.3342587766673024,-0.2581988897471611,3.834076700993429,0.10292345813726156,0.025365432267157696,0.03763440860215053,0.056293164200140834,0.026666666666666616,0.839784946236559,,,0.03763440860215053
experiments/cikm2026,lastfm,weighted_lightgcn,6,alpha_0.1_beta_0.0,0.1,none,,0.1573,0.42952018405944364,0.009288747346072187,0.07731536115626621,0.11818205671732657,0.15169510252558466,0.280682988546946,0.20336762739067982,0.07612833589893706,0.07731536115626621,-0.3342587766673024,-0.2581988897471611,3.834076700993429,0.10292345813726156,0.025365432267157696,0.03763440860215053,0.056293164200140834,0.026666666666666616,0.839784946236559,,,0.03763440860215053
experiments/cikm2026_SOTA,lastfm,weighted_lightgcn,6,alpha_0.1_beta_0.0,0.1,none,,0.1573,0.42952018405944364,0.009288747346072187,0.07731536115626621,0.11818205671732657,0.15169510252558466,0.280682988546946,0.20336762739067982,0.07612833589893706,0.07731536115626621,-0.3342587766673024,-0.2581988897471611,3.834076700993429,0.10292345813726156,0.025365432267157696,0.03763440860215053,0.056293164200140834,0.026666666666666616,0.839784946236559,,,0.03763440860215053
experiments/cikm2026,lastfm,weighted_lightgcn,7,alpha_0.1_beta_0.0,0.1,none,,0.1533,0.42922825199999565,0.009076433121019108,0.07848160741939916,0.09709042939597222,0.15211809530029352,0.2841876426899896,0.20570603527059042,0.08045160429355887,0.07848160741939916,-0.9977301472568514,-0.7745966692414834,3.831656550501261,0.0997412989611039,0.03182795698924731,0.03677419354838709,0.04812839573529752,0.02279569892473121,0.8341935483870966,,,0.03677419354838709
experiments/cikm2026,lastfm,weighted_lightgcn,7,alpha_0.1_beta_0.0,0.1,none,,0.1533,0.42922825199999565,0.009076433121019108,0.07848160741939916,0.09709042939597222,0.15211809530029352,0.2841876426899896,0.20570603527059042,0.08045160429355887,0.07848160741939916,-0.9977301472568514,-0.7745966692414834,3.831656550501261,0.0997412989611039,0.03182795698924731,0.03677419354838709,0.04812839573529752,0.02279569892473121,0.8341935483870966,,,0.03677419354838709
experiments/cikm2026_SOTA,lastfm,weighted_lightgcn,7,alpha_0.1_beta_0.0,0.1,none,,0.1533,0.42922825199999565,0.009076433121019108,0.07848160741939916,0.09709042939597222,0.15211809530029352,0.2841876426899896,0.20570603527059042,0.08045160429355887,0.07848160741939916,-0.9977301472568514,-0.7745966692414834,3.831656550501261,0.0997412989611039,0.03182795698924731,0.03677419354838709,0.04812839573529752,0.02279569892473121,0.8341935483870966,,,0.03677419354838709
experiments/cikm2026,lastfm,weighted_lightgcn,8,alpha_0.1_beta_0.0,0.1,none,,0.1553,0.42954672333757526,0.008280254777070064,0.09037408675499892,0.10969320503245464,0.14428382071629164,0.27555240390213864,0.18517831714713973,0.07224425684913571,0.09037408675499892,0.9979421124882282,0.7745966692414834,3.8342772056650523,0.10465116279069765,0.0275232444474755,0.033548387096774185,0.06230012048466655,0.029247311827956923,0.8391397849462364,,,0.033548387096774185
experiments/cikm2026,lastfm,weighted_lightgcn,8,alpha_0.1_beta_0.0,0.1,none,,0.1553,0.42954672333757526,0.008280254777070064,0.09037408675499892,0.10969320503245464,0.14428382071629164,0.27555240390213864,0.18517831714713973,0.07224425684913571,0.09037408675499892,0.9979421124882282,0.7745966692414834,3.8342772056650523,0.10465116279069765,0.0275232444474755,0.033548387096774185,0.06230012048466655,0.029247311827956923,0.8391397849462364,,,0.033548387096774185
experiments/cikm2026_SOTA,lastfm,weighted_lightgcn,8,alpha_0.1_beta_0.0,0.1,none,,0.1553,0.42954672333757526,0.008280254777070064,0.09037408675499892,0.10969320503245464,0.14428382071629164,0.27555240390213864,0.18517831714713973,0.07224425684913571,0.09037408675499892,0.9979421124882282,0.7745966692414834,3.8342772056650523,0.10465116279069765,0.0275232444474755,0.033548387096774185,0.06230012048466655,0.029247311827956923,0.8391397849462364,,,0.033548387096774185
experiments/cikm2026,lastfm,weighted_lightgcn,9,alpha_0.1_beta_0.0,0.1,none,,0.1594,0.42898939849681095,0.0074309978768577496,0.08816650473843712,0.1060795447628972,0.14459857116526487,0.2974599306160226,0.20929342587758548,0.08245679017563813,0.08816650473843712,-0.11073791410121188,0.2581988897471611,3.829808361181204,0.10612016640523765,0.0339639455318375,0.030107526881720425,0.05714610470799513,0.026881720430107503,0.8374193548387096,,,0.030107526881720425
experiments/cikm2026,lastfm,weighted_lightgcn,9,alpha_0.1_beta_0.0,0.1,none,,0.1594,0.42898939849681095,0.0074309978768577496,0.08816650473843712,0.1060795447628972,0.14459857116526487,0.2974599306160226,0.20929342587758548,0.08245679017563813,0.08816650473843712,-0.11073791410121188,0.2581988897471611,3.829808361181204,0.10612016640523765,0.0339639455318375,0.030107526881720425,0.05714610470799513,0.026881720430107503,0.8374193548387096,,,0.030107526881720425
experiments/cikm2026_SOTA,lastfm,weighted_lightgcn,9,alpha_0.1_beta_0.0,0.1,none,,0.1594,0.42898939849681095,0.0074309978768577496,0.08816650473843712,0.1060795447628972,0.14459857116526487,0.2974599306160226,0.20929342587758548,0.08245679017563813,0.08816650473843712,-0.11073791410121188,0.2581988897471611,3.829808361181204,0.10612016640523765,0.0339639455318375,0.030107526881720425,0.05714610470799513,0.026881720430107503,0.8374193548387096,,,0.030107526881720425
experiments/cikm2026,lastfm,weighted_lightgcn,0,alpha_0.2_beta_0.1,0.2,none,,0.1601,0.4239203963736687,0.00881104033970276,0.0793249084209167,0.10515332908437298,0.16212055018134292,0.29251417539538993,0.2131892669744732,0.08228142927931682,0.0793249084209167,-0.24869728798189453,-0.2581988897471611,3.788700356907408,0.1480738366409784,0.0275268817204301,0.03569892473118279,0.12979790402145974,0.06215053763440859,0.7944086021505374,,,0.03569892473118279
experiments/cikm2026,lastfm,weighted_lightgcn,0,alpha_0.2_beta_0.3,0.2,none,,0.1601,0.4239203963736687,0.00881104033970276,0.0793249084209167,0.10515332908437298,0.16212055018134292,0.29251417539538993,0.2131892669744732,0.08228142927931682,0.0793249084209167,-0.24869728798189453,-0.2581988897471611,3.788700356907408,0.1480738366409784,0.0275268817204301,0.03569892473118279,0.12979790402145974,0.06215053763440859,0.7944086021505374,,,0.03569892473118279
experiments/cikm2026,lastfm,weighted_lightgcn,0,alpha_0.2_beta_0.5,0.2,none,,0.1601,0.4239203963736687,0.00881104033970276,0.0793249084209167,0.10515332908437298,0.16212055018134292,0.29251417539538993,0.2131892669744732,0.08228142927931682,0.0793249084209167,-0.24869728798189453,-0.2581988897471611,3.788700356907408,0.1480738366409784,0.0275268817204301,0.03569892473118279,0.12979790402145974,0.06215053763440859,0.7944086021505374,,,0.03569892473118279
experiments/cikm2026,lastfm,weighted_lightgcn,0,alpha_0.2_beta_0.0,0.2,none,,0.1601,0.4239203963736687,0.00881104033970276,0.0793249084209167,0.10515332908437298,0.16212055018134292,0.29251417539538993,0.2131892669744732,0.08228142927931682,0.0793249084209167,-0.24869728798189453,-0.2581988897471611,3.788700356907408,0.1480738366409784,0.0275268817204301,0.03569892473118279,0.12979790402145974,0.06215053763440859,0.7944086021505374,,,0.03569892473118279
experiments/cikm2026,lastfm,weighted_lightgcn,0,alpha_0.2,0.2,none,,0.1601,0.4239203963736687,0.00881104033970276,0.0793249084209167,0.10515332908437298,0.16212055018134292,0.29251417539538993,0.2131892669744732,0.08228142927931682,0.0793249084209167,-0.24869728798189453,-0.2581988897471611,3.788700356907408,0.1480738366409784,0.0275268817204301,0.03569892473118279,0.12979790402145974,0.06215053763440859,0.7944086021505374,,,0.03569892473118279
experiments/cikm2026,lastfm,weighted_lightgcn,0,alpha_0.2_beta_0.0,0.2,none,,0.1601,0.4239203963736687,0.00881104033970276,0.0793249084209167,0.10515332908437298,0.16212055018134292,0.29251417539538993,0.2131892669744732,0.08228142927931682,0.0793249084209167,-0.24869728798189453,-0.2581988897471611,3.788700356907408,0.1480738366409784,0.0275268817204301,0.03569892473118279,0.12979790402145974,0.06215053763440859,0.7944086021505374,,,0.03569892473118279
experiments/cikm2026_SOTA,lastfm,weighted_lightgcn,0,alpha_0.2_beta_0.0,0.2,none,,0.1601,0.4239203963736687,0.00881104033970276,0.0793249084209167,0.10515332908437298,0.16212055018134292,0.29251417539538993,0.2131892669744732,0.08228142927931682,0.0793249084209167,-0.24869728798189453,-0.2581988897471611,3.788700356907408,0.1480738366409784,0.0275268817204301,0.03569892473118279,0.12979790402145974,0.06215053763440859,0.7944086021505374,,,0.03569892473118279
experiments/cikm2026,lastfm,weighted_lightgcn,1,alpha_0.2_beta_0.0,0.2,none,,0.1559,0.4258312243991464,0.010721868365180466,0.08297138441910043,0.11384390035011557,0.15359318973294586,0.2721507383387786,0.1891793539196782,0.0717749664171802,0.08297138441910043,0.9173212750949872,0.7745966692414834,3.8041805906021953,0.121636772829571,0.0307417763531792,0.04344086021505376,0.11172611334651852,0.05290322580645168,0.8096774193548385,,,0.04344086021505376
experiments/cikm2026,lastfm,weighted_lightgcn,1,alpha_0.2_beta_0.0,0.2,none,,0.1559,0.4258312243991464,0.010721868365180466,0.08297138441910043,0.11384390035011557,0.15359318973294586,0.2721507383387786,0.1891793539196782,0.0717749664171802,0.08297138441910043,0.9173212750949872,0.7745966692414834,3.8041805906021953,0.121636772829571,0.0307417763531792,0.04344086021505376,0.11172611334651852,0.05290322580645168,0.8096774193548385,,,0.04344086021505376
experiments/cikm2026_SOTA,lastfm,weighted_lightgcn,1,alpha_0.2_beta_0.0,0.2,none,,0.1559,0.4258312243991464,0.010721868365180466,0.08297138441910043,0.11384390035011557,0.15359318973294586,0.2721507383387786,0.1891793539196782,0.0717749664171802,0.08297138441910043,0.9173212750949872,0.7745966692414834,3.8041805906021953,0.121636772829571,0.0307417763531792,0.04344086021505376,0.11172611334651852,0.05290322580645168,0.8096774193548385,,,0.04344086021505376
experiments/cikm2026,lastfm,weighted_lightgcn,2,alpha_0.2_beta_0.0,0.2,none,,0.1576,0.42458387832695954,0.01019108280254777,0.086277007100145,0.11002737126443189,0.15676248476720073,0.2761389031777344,0.18986189607758935,0.0731470108255005,0.086277007100145,0.2995115938573838,0.2581988897471611,3.794127622814794,0.13146377503466775,0.03311827956989247,0.041290322580645154,0.10698765600491031,0.05032258064516126,0.802795698924731,,,0.041290322580645154
experiments/cikm2026,lastfm,weighted_lightgcn,2,alpha_0.2_beta_0.0,0.2,none,,0.1576,0.42458387832695954,0.01019108280254777,0.086277007100145,0.11002737126443189,0.15676248476720073,0.2761389031777344,0.18986189607758935,0.0731470108255005,0.086277007100145,0.2995115938573838,0.2581988897471611,3.794127622814794,0.13146377503466775,0.03311827956989247,0.041290322580645154,0.10698765600491031,0.05032258064516126,0.802795698924731,,,0.041290322580645154
experiments/cikm2026_SOTA,lastfm,weighted_lightgcn,2,alpha_0.2_beta_0.0,0.2,none,,0.1576,0.42458387832695954,0.01019108280254777,0.086277007100145,0.11002737126443189,0.15676248476720073,0.2761389031777344,0.18986189607758935,0.0731470108255005,0.086277007100145,0.2995115938573838,0.2581988897471611,3.794127622814794,0.13146377503466775,0.03311827956989247,0.041290322580645154,0.10698765600491031,0.05032258064516126,0.802795698924731,,,0.041290322580645154
experiments/cikm2026,lastfm,weighted_lightgcn,3,alpha_0.2_beta_0.0,0.2,none,,0.1626,0.4239203963736687,0.010509554140127388,0.08441986487245362,0.11654497019993652,0.15144346988385088,0.29673486077716943,0.2123149959047158,0.08116254282348462,0.08441986487245362,0.9644558490655827,0.7745966692414834,3.7886894450885444,0.13690195276091746,0.03182795698924731,0.042580645161290315,0.11773306963104412,0.05548387096774199,0.7937634408602149,,,0.042580645161290315
experiments/cikm2026,lastfm,weighted_lightgcn,3,alpha_0.2_beta_0.0,0.2,none,,0.1626,0.4239203963736687,0.010509554140127388,0.08441986487245362,0.11654497019993652,0.15144346988385088,0.29673486077716943,0.2123149959047158,0.08116254282348462,0.08441986487245362,0.9644558490655827,0.7745966692414834,3.7886894450885444,0.13690195276091746,0.03182795698924731,0.042580645161290315,0.11773306963104412,0.05548387096774199,0.7937634408602149,,,0.042580645161290315
experiments/cikm2026_SOTA,lastfm,weighted_lightgcn,3,alpha_0.2_beta_0.0,0.2,none,,0.1626,0.4239203963736687,0.010509554140127388,0.08441986487245362,0.11654497019993652,0.15144346988385088,0.29673486077716943,0.2123149959047158,0.08116254282348462,0.08441986487245362,0.9644558490655827,0.7745966692414834,3.7886894450885444,0.13690195276091746,0.03182795698924731,0.042580645161290315,0.11773306963104412,0.05548387096774199,0.7937634408602149,,,0.042580645161290315
experiments/cikm2026,lastfm,weighted_lightgcn,4,alpha_0.2_beta_0.0,0.2,none,,0.1543,0.42386731781740544,0.009182590233545647,0.08067736008203479,0.11241715230231843,0.15750985746098953,0.26534228050821584,0.18466492042618105,0.06984762802667077,0.08067736008203479,0.6247049877244303,0.7745966692414834,3.788292073018254,0.14332083020755187,0.031182795698924726,0.03720430107526881,0.1268017004251063,0.061075268817204376,0.7952688172043009,,,0.03720430107526881
experiments/cikm2026,lastfm,weighted_lightgcn,4,alpha_0.2_beta_0.0,0.2,none,,0.1543,0.42386731781740544,0.009182590233545647,0.08067736008203479,0.11241715230231843,0.15750985746098953,0.26534228050821584,0.18466492042618105,0.06984762802667077,0.08067736008203479,0.6247049877244303,0.7745966692414834,3.788292073018254,0.14332083020755187,0.031182795698924726,0.03720430107526881,0.1268017004251063,0.061075268817204376,0.7952688172043009,,,0.03720430107526881
experiments/cikm2026_SOTA,lastfm,weighted_lightgcn,4,alpha_0.2_beta_0.0,0.2,none,,0.1543,0.42386731781740544,0.009182590233545647,0.08067736008203479,0.11241715230231843,0.15750985746098953,0.26534228050821584,0.18466492042618105,0.06984762802667077,0.08067736008203479,0.6247049877244303,0.7745966692414834,3.788292073018254,0.14332083020755187,0.031182795698924726,0.03720430107526881,0.1268017004251063,0.061075268817204376,0.7952688172043009,,,0.03720430107526881
experiments/cikm2026,lastfm,weighted_lightgcn,5,alpha_0.2_beta_0.0,0.2,none,,0.1622,0.4269724133588067,0.008492569002123142,0.07990365374806485,0.11434497824350098,0.15713875903782926,0.2959170722563088,0.21601341850824396,0.08210984126323334,0.07990365374806485,-0.6702051343282075,-0.7745966692414834,3.8133660687899242,0.11330059787674189,0.03892473118279569,0.03440860215053763,0.09759076132669542,0.04752688172043018,0.8152688172043009,,,0.03440860215053763
experiments/cikm2026,lastfm,weighted_lightgcn,5,alpha_0.2_beta_0.0,0.2,none,,0.1622,0.4269724133588067,0.008492569002123142,0.07990365374806485,0.11434497824350098,0.15713875903782926,0.2959170722563088,0.21601341850824396,0.08210984126323334,0.07990365374806485,-0.6702051343282075,-0.7745966692414834,3.8133660687899242,0.11330059787674189,0.03892473118279569,0.03440860215053763,0.09759076132669542,0.04752688172043018,0.8152688172043009,,,0.03440860215053763
experiments/cikm2026_SOTA,lastfm,weighted_lightgcn,5,alpha_0.2_beta_0.0,0.2,none,,0.1622,0.4269724133588067,0.008492569002123142,0.07990365374806485,0.11434497824350098,0.15713875903782926,0.2959170722563088,0.21601341850824396,0.08210984126323334,0.07990365374806485,-0.6702051343282075,-0.7745966692414834,3.8133660687899242,0.11330059787674189,0.03892473118279569,0.03440860215053763,0.09759076132669542,0.04752688172043018,0.8152688172043009,,,0.03440860215053763
experiments/cikm2026,lastfm,weighted_lightgcn,6,alpha_0.2_beta_0.0,0.2,none,,0.1572,0.425353517392777,0.01029723991507431,0.07868896538401428,0.11854932019849325,0.14976592561524835,0.2803071654356849,0.20161820005167064,0.07561075196239678,0.07868896538401428,0.45386834224255734,0.2581988897471611,3.8003714565004882,0.12910182090977287,0.02880629248221146,0.04172043010752687,0.12370365318602368,0.05698924731182786,0.8094623655913977,,,0.04172043010752687
experiments/cikm2026,lastfm,weighted_lightgcn,6,alpha_0.2_beta_0.0,0.2,none,,0.1572,0.425353517392777,0.01029723991507431,0.07868896538401428,0.11854932019849325,0.14976592561524835,0.2803071654356849,0.20161820005167064,0.07561075196239678,0.07868896538401428,0.45386834224255734,0.2581988897471611,3.8003714565004882,0.12910182090977287,0.02880629248221146,0.04172043010752687,0.12370365318602368,0.05698924731182786,0.8094623655913977,,,0.04172043010752687
experiments/cikm2026_SOTA,lastfm,weighted_lightgcn,6,alpha_0.2_beta_0.0,0.2,none,,0.1572,0.425353517392777,0.01029723991507431,0.07868896538401428,0.11854932019849325,0.14976592561524835,0.2803071654356849,0.20161820005167064,0.07561075196239678,0.07868896538401428,0.45386834224255734,0.2581988897471611,3.8003714565004882,0.12910182090977287,0.02880629248221146,0.04172043010752687,0.12370365318602368,0.05698924731182786,0.8094623655913977,,,0.04172043010752687
experiments/cikm2026,lastfm,weighted_lightgcn,7,alpha_0.2_beta_0.0,0.2,none,,0.1534,0.4258312243991464,0.009554140127388535,0.07866589603851375,0.09764610739649685,0.15139785085476523,0.28447675045303655,0.2058108544145228,0.08043367846300192,0.07866589603851375,-0.8661128095391225,-0.7745966692414834,3.8041551296915133,0.11950078428698081,0.03763440860215053,0.038709677419354833,0.10313123735479335,0.04881720430107528,0.8081720430107525,,,0.038709677419354833
experiments/cikm2026,lastfm,weighted_lightgcn,7,alpha_0.2_beta_0.0,0.2,none,,0.1534,0.4258312243991464,0.009554140127388535,0.07866589603851375,0.09764610739649685,0.15139785085476523,0.28447675045303655,0.2058108544145228,0.08043367846300192,0.07866589603851375,-0.8661128095391225,-0.7745966692414834,3.8041551296915133,0.11950078428698081,0.03763440860215053,0.038709677419354833,0.10313123735479335,0.04881720430107528,0.8081720430107525,,,0.038709677419354833
experiments/cikm2026_SOTA,lastfm,weighted_lightgcn,7,alpha_0.2_beta_0.0,0.2,none,,0.1534,0.4258312243991464,0.009554140127388535,0.07866589603851375,0.09764610739649685,0.15139785085476523,0.28447675045303655,0.2058108544145228,0.08043367846300192,0.07866589603851375,-0.8661128095391225,-0.7745966692414834,3.8041551296915133,0.11950078428698081,0.03763440860215053,0.038709677419354833,0.10313123735479335,0.04881720430107528,0.8081720430107525,,,0.038709677419354833
experiments/cikm2026,lastfm,weighted_lightgcn,8,alpha_0.2_beta_0.0,0.2,none,,0.1549,0.4266804812993587,0.008651804670912951,0.09018690919934104,0.1085477627078476,0.14339158710905173,0.2764127933873744,0.18622588418803337,0.07285917091310992,0.09018690919934104,0.819982196452088,0.7745966692414834,3.8110732228511663,0.12355407033576574,0.030318943372206683,0.03505376344086021,0.1087080861124371,0.0511827956989247,0.8172043010752686,,,0.03505376344086021
experiments/cikm2026,lastfm,weighted_lightgcn,8,alpha_0.2_beta_0.0,0.2,none,,0.1549,0.4266804812993587,0.008651804670912951,0.09018690919934104,0.1085477627078476,0.14339158710905173,0.2764127933873744,0.18622588418803337,0.07285917091310992,0.09018690919934104,0.819982196452088,0.7745966692414834,3.8110732228511663,0.12355407033576574,0.030318943372206683,0.03505376344086021,0.1087080861124371,0.0511827956989247,0.8172043010752686,,,0.03505376344086021
experiments/cikm2026_SOTA,lastfm,weighted_lightgcn,8,alpha_0.2_beta_0.0,0.2,none,,0.1549,0.4266804812993587,0.008651804670912951,0.09018690919934104,0.1085477627078476,0.14339158710905173,0.2764127933873744,0.18622588418803337,0.07285917091310992,0.09018690919934104,0.819982196452088,0.7745966692414834,3.8110732228511663,0.12355407033576574,0.030318943372206683,0.03505376344086021,0.1087080861124371,0.0511827956989247,0.8172043010752686,,,0.03505376344086021
experiments/cikm2026,lastfm,weighted_lightgcn,9,alpha_0.2_beta_0.0,0.2,none,,0.1594,0.42543313522717185,0.009023354564755838,0.08792862384600544,0.1075978647076966,0.14363752784432682,0.2973537703734099,0.20942514652740443,0.08226637272075046,0.08792862384600544,-0.13718488601131024,0.7378647873726218,3.80102389233672,0.12523085316783739,0.037189751983450405,0.036555502511991626,0.11471504239696291,0.05376344086021512,0.8105376344086019,,,0.03634408602150537
experiments/cikm2026,lastfm,weighted_lightgcn,9,alpha_0.2_beta_0.0,0.2,none,,0.1594,0.42543313522717185,0.009023354564755838,0.08792862384600544,0.1075978647076966,0.14363752784432682,0.2973537703734099,0.20942514652740443,0.08226637272075046,0.08792862384600544,-0.13718488601131024,0.7378647873726218,3.80102389233672,0.12523085316783739,0.037189751983450405,0.036555502511991626,0.11471504239696291,0.05376344086021512,0.8105376344086019,,,0.03634408602150537
experiments/cikm2026_SOTA,lastfm,weighted_lightgcn,9,alpha_0.2_beta_0.0,0.2,none,,0.1594,0.42543313522717185,0.009023354564755838,0.08792862384600544,0.1075978647076966,0.14363752784432682,0.2973537703734099,0.20942514652740443,0.08226637272075046,0.08792862384600544,-0.13718488601131024,0.7378647873726218,3.80102389233672,0.12523085316783739,0.037189751983450405,0.036555502511991626,0.11471504239696291,0.05376344086021512,0.8105376344086019,,,0.03634408602150537
experiments/cikm2026,lastfm,weighted_lightgcn,0,alpha_0.4_beta_0.1,0.4,none,,0.1588,0.41651593777494256,0.01157112526539278,0.07625720588509402,0.10306204187794249,0.16282496748075947,0.2916757679517716,0.21541856206667756,0.08305378798753113,0.07625720588509402,-0.5980719100343207,-0.7745966692414834,3.728784014185364,0.1849794266748505,0.03935483870967741,0.04688172043010752,0.24963058946554803,0.1172043010752688,0.7393548387096772,,,0.04688172043010752
experiments/cikm2026,lastfm,weighted_lightgcn,0,alpha_0.4_beta_0.3,0.4,none,,0.1588,0.41651593777494256,0.01157112526539278,0.07625720588509402,0.10306204187794249,0.16282496748075947,0.2916757679517716,0.21541856206667756,0.08305378798753113,0.07625720588509402,-0.5980719100343207,-0.7745966692414834,3.728784014185364,0.1849794266748505,0.03935483870967741,0.04688172043010752,0.24963058946554803,0.1172043010752688,0.7393548387096772,,,0.04688172043010752
experiments/cikm2026,lastfm,weighted_lightgcn,0,alpha_0.4,0.4,none,,0.1588,0.41651593777494256,0.01157112526539278,0.07625720588509402,0.10306204187794249,0.16282496748075947,0.2916757679517716,0.21541856206667756,0.08305378798753113,0.07625720588509402,-0.5980719100343207,-0.7745966692414834,3.728784014185364,0.1849794266748505,0.03935483870967741,0.04688172043010752,0.24963058946554803,0.1172043010752688,0.7393548387096772,,,0.04688172043010752
experiments/cikm2026,lastfm,weighted_lightgcn,0,alpha_0.4_beta_0.5,0.4,none,,0.1588,0.41651593777494256,0.01157112526539278,0.07625720588509402,0.10306204187794249,0.16282496748075947,0.2916757679517716,0.21541856206667756,0.08305378798753113,0.07625720588509402,-0.5980719100343207,-0.7745966692414834,3.728784014185364,0.1849794266748505,0.03935483870967741,0.04688172043010752,0.24963058946554803,0.1172043010752688,0.7393548387096772,,,0.04688172043010752
experiments/cikm2026,lastfm,weighted_lightgcn,0,alpha_0.4_beta_0.0,0.4,none,,0.1588,0.41651593777494256,0.01157112526539278,0.07625720588509402,0.10306204187794249,0.16282496748075947,0.2916757679517716,0.21541856206667756,0.08305378798753113,0.07625720588509402,-0.5980719100343207,-0.7745966692414834,3.728784014185364,0.1849794266748505,0.03935483870967741,0.04688172043010752,0.24963058946554803,0.1172043010752688,0.7393548387096772,,,0.04688172043010752
experiments/cikm2026,lastfm,weighted_lightgcn,0,alpha_0.4_beta_0.0,0.4,none,,0.1588,0.41651593777494256,0.01157112526539278,0.07625720588509402,0.10306204187794249,0.16282496748075947,0.2916757679517716,0.21541856206667756,0.08305378798753113,0.07625720588509402,-0.5980719100343207,-0.7745966692414834,3.728784014185364,0.1849794266748505,0.03935483870967741,0.04688172043010752,0.24963058946554803,0.1172043010752688,0.7393548387096772,,,0.04688172043010752
experiments/cikm2026_SOTA,lastfm,weighted_lightgcn,0,alpha_0.4_beta_0.0,0.4,none,,0.1588,0.41651593777494256,0.01157112526539278,0.07625720588509402,0.10306204187794249,0.16282496748075947,0.2916757679517716,0.21541856206667756,0.08305378798753113,0.07625720588509402,-0.5980719100343207,-0.7745966692414834,3.728784014185364,0.1849794266748505,0.03935483870967741,0.04688172043010752,0.24963058946554803,0.1172043010752688,0.7393548387096772,,,0.04688172043010752
experiments/cikm2026,lastfm,weighted_lightgcn,1,alpha_0.4_beta_0.0,0.4,none,,0.1545,0.4191167870318428,0.012048832271762209,0.08263855091786992,0.11230710111269342,0.1510421870734813,0.2706877332953285,0.1880491823774586,0.07151121571495257,0.08263855091786992,0.9297134756197099,0.7745966692414834,3.7498483711837043,0.15383300370547182,0.04750142080974788,0.04881720430107526,0.22039055218350037,0.10279569892473117,0.759784946236559,,,0.04881720430107526
experiments/cikm2026,lastfm,weighted_lightgcn,1,alpha_0.4_beta_0.0,0.4,none,,0.1545,0.4191167870318428,0.012048832271762209,0.08263855091786992,0.11230710111269342,0.1510421870734813,0.2706877332953285,0.1880491823774586,0.07151121571495257,0.08263855091786992,0.9297134756197099,0.7745966692414834,3.7498483711837043,0.15383300370547182,0.04750142080974788,0.04881720430107526,0.22039055218350037,0.10279569892473117,0.759784946236559,,,0.04881720430107526
experiments/cikm2026_SOTA,lastfm,weighted_lightgcn,1,alpha_0.4_beta_0.0,0.4,none,,0.1545,0.4191167870318428,0.012048832271762209,0.08263855091786992,0.11230710111269342,0.1510421870734813,0.2706877332953285,0.1880491823774586,0.07151121571495257,0.08263855091786992,0.9297134756197099,0.7745966692414834,3.7498483711837043,0.15383300370547182,0.04750142080974788,0.04881720430107526,0.22039055218350037,0.10279569892473117,0.759784946236559,,,0.04881720430107526
experiments/cikm2026,lastfm,weighted_lightgcn,2,alpha_0.4_beta_0.0,0.4,none,,0.1566,0.41709980189383855,0.012048832271762209,0.08611782985189942,0.109504792718072,0.1547952906549716,0.2749834733661148,0.18886564351421536,0.07280684942464904,0.08611782985189942,0.9207110381550487,0.7745966692414834,3.733573393348337,0.1657923571802041,0.05181704517038349,0.04881720430107526,0.2280961149378253,0.10559139784946237,0.7475268817204299,,,0.04881720430107526
experiments/cikm2026,lastfm,weighted_lightgcn,2,alpha_0.4_beta_0.0,0.4,none,,0.1566,0.41709980189383855,0.012048832271762209,0.08611782985189942,0.109504792718072,0.1547952906549716,0.2749834733661148,0.18886564351421536,0.07280684942464904,0.08611782985189942,0.9207110381550487,0.7745966692414834,3.733573393348337,0.1657923571802041,0.05181704517038349,0.04881720430107526,0.2280961149378253,0.10559139784946237,0.7475268817204299,,,0.04881720430107526
experiments/cikm2026_SOTA,lastfm,weighted_lightgcn,2,alpha_0.4_beta_0.0,0.4,none,,0.1566,0.41709980189383855,0.012048832271762209,0.08611782985189942,0.109504792718072,0.1547952906549716,0.2749834733661148,0.18886564351421536,0.07280684942464904,0.08611782985189942,0.9207110381550487,0.7745966692414834,3.733573393348337,0.1657923571802041,0.05181704517038349,0.04881720430107526,0.2280961149378253,0.10559139784946237,0.7475268817204299,,,0.04881720430107526
experiments/cikm2026,lastfm,weighted_lightgcn,3,alpha_0.4_beta_0.0,0.4,none,,0.1618,0.4164628592186793,0.012261146496815287,0.08178355287934973,0.11712319928141167,0.15042496056558322,0.296318024190979,0.21453447131162928,0.08158207195477027,0.08178355287934973,-0.06980929664094869,-0.2581988897471611,3.7283320830207547,0.1791947986996749,0.042795698924731174,0.0496774193548387,0.23844779376662353,0.11161290322580653,0.7376344086021503,,,0.0496774193548387
experiments/cikm2026,lastfm,weighted_lightgcn,3,alpha_0.4_beta_0.0,0.4,none,,0.1618,0.4164628592186793,0.012261146496815287,0.08178355287934973,0.11712319928141167,0.15042496056558322,0.296318024190979,0.21453447131162928,0.08158207195477027,0.08178355287934973,-0.06980929664094869,-0.2581988897471611,3.7283320830207547,0.1791947986996749,0.042795698924731174,0.0496774193548387,0.23844779376662353,0.11161290322580653,0.7376344086021503,,,0.0496774193548387
experiments/cikm2026_SOTA,lastfm,weighted_lightgcn,3,alpha_0.4_beta_0.0,0.4,none,,0.1618,0.4164628592186793,0.012261146496815287,0.08178355287934973,0.11712319928141167,0.15042496056558322,0.296318024190979,0.21453447131162928,0.08158207195477027,0.08178355287934973,-0.06980929664094869,-0.2581988897471611,3.7283320830207547,0.1791947986996749,0.042795698924731174,0.0496774193548387,0.23844779376662353,0.11161290322580653,0.7376344086021503,,,0.0496774193548387
experiments/cikm2026,lastfm,weighted_lightgcn,4,alpha_0.4_beta_0.0,0.4,none,,0.1535,0.4155870630403354,0.011093418259023354,0.08038066986598665,0.11161625892417688,0.15528579638686624,0.265421937747897,0.1850412678819104,0.0700535044612302,0.08038066986598665,0.7137747734448762,0.9486832980505139,3.721300779740389,0.18731228261610852,0.046444338357316595,0.04494259928618517,0.2607842869808361,0.12193548387096775,0.7344086021505375,,,0.04473118279569892
experiments/cikm2026,lastfm,weighted_lightgcn,4,alpha_0.4_beta_0.0,0.4,none,,0.1535,0.4155870630403354,0.011093418259023354,0.08038066986598665,0.11161625892417688,0.15528579638686624,0.265421937747897,0.1850412678819104,0.0700535044612302,0.08038066986598665,0.7137747734448762,0.9486832980505139,3.721300779740389,0.18731228261610852,0.046444338357316595,0.04494259928618517,0.2607842869808361,0.12193548387096775,0.7344086021505375,,,0.04473118279569892
experiments/cikm2026_SOTA,lastfm,weighted_lightgcn,4,alpha_0.4_beta_0.0,0.4,none,,0.1535,0.4155870630403354,0.011093418259023354,0.08038066986598665,0.11161625892417688,0.15528579638686624,0.265421937747897,0.1850412678819104,0.0700535044612302,0.08038066986598665,0.7137747734448762,0.9486832980505139,3.721300779740389,0.18731228261610852,0.046444338357316595,0.04494259928618517,0.2607842869808361,0.12193548387096775,0.7344086021505375,,,0.04473118279569892
experiments/cikm2026,lastfm,weighted_lightgcn,5,alpha_0.4_beta_0.0,0.4,none,,0.1605,0.41895755136305296,0.010774946921443736,0.07770453849081004,0.11504643613966965,0.15401870075077329,0.2938359499194069,0.21613141142859688,0.08176354876225861,0.07770453849081004,-0.9152574877572062,-0.7745966692414834,3.7484998522357857,0.1540844301984587,0.05375980358726044,0.043655913978494616,0.22732319443497231,0.10774193548387101,0.7550537634408601,,,0.043655913978494616
experiments/cikm2026,lastfm,weighted_lightgcn,5,alpha_0.4_beta_0.0,0.4,none,,0.1605,0.41895755136305296,0.010774946921443736,0.07770453849081004,0.11504643613966965,0.15401870075077329,0.2938359499194069,0.21613141142859688,0.08176354876225861,0.07770453849081004,-0.9152574877572062,-0.7745966692414834,3.7484998522357857,0.1540844301984587,0.05375980358726044,0.043655913978494616,0.22732319443497231,0.10774193548387101,0.7550537634408601,,,0.043655913978494616
experiments/cikm2026_SOTA,lastfm,weighted_lightgcn,5,alpha_0.4_beta_0.0,0.4,none,,0.1605,0.41895755136305296,0.010774946921443736,0.07770453849081004,0.11504643613966965,0.15401870075077329,0.2938359499194069,0.21613141142859688,0.08176354876225861,0.07770453849081004,-0.9152574877572062,-0.7745966692414834,3.7484998522357857,0.1540844301984587,0.05375980358726044,0.043655913978494616,0.22732319443497231,0.10774193548387101,0.7550537634408601,,,0.043655913978494616
experiments/cikm2026,lastfm,weighted_lightgcn,6,alpha_0.4_beta_0.0,0.4,none,,0.1565,0.41771020529086617,0.012154989384288748,0.07627100887892209,0.11842686142559063,0.1497445510020861,0.28023558245765307,0.203964573578731,0.0762265512075655,0.07627100887892209,-0.42700958712856035,-0.2581988897471611,3.7384978062697485,0.17120507399577162,0.04104980790652207,0.04924731182795698,0.2474509536475027,0.11526881720430104,0.7511827956989245,,,0.04924731182795698
experiments/cikm2026,lastfm,weighted_lightgcn,6,alpha_0.4_beta_0.0,0.4,none,,0.1565,0.41771020529086617,0.012154989384288748,0.07627100887892209,0.11842686142559063,0.1497445510020861,0.28023558245765307,0.203964573578731,0.0762265512075655,0.07627100887892209,-0.42700958712856035,-0.2581988897471611,3.7384978062697485,0.17120507399577162,0.04104980790652207,0.04924731182795698,0.2474509536475027,0.11526881720430104,0.7511827956989245,,,0.04924731182795698
experiments/cikm2026_SOTA,lastfm,weighted_lightgcn,6,alpha_0.4_beta_0.0,0.4,none,,0.1565,0.41771020529086617,0.012154989384288748,0.07627100887892209,0.11842686142559063,0.1497445510020861,0.28023558245765307,0.203964573578731,0.0762265512075655,0.07627100887892209,-0.42700958712856035,-0.2581988897471611,3.7384978062697485,0.17120507399577162,0.04104980790652207,0.04924731182795698,0.2474509536475027,0.11526881720430104,0.7511827956989245,,,0.04924731182795698
experiments/cikm2026,lastfm,weighted_lightgcn,7,alpha_0.4_beta_0.0,0.4,none,,0.1527,0.4191964048662377,0.011146496815286623,0.07967011796986272,0.09661403563931441,0.14765367311612224,0.28565386800570164,0.2059837500358389,0.08090245747178292,0.07967011796986272,0.023811553167962463,-0.10540925533894598,3.7504316988337987,0.1523676373638864,0.05204301075268816,0.04515765304962603,0.21057809907022212,0.10021505376344086,0.7567741935483869,,,0.04494623655913978
experiments/cikm2026,lastfm,weighted_lightgcn,7,alpha_0.4_beta_0.0,0.4,none,,0.1527,0.4191964048662377,0.011146496815286623,0.07967011796986272,0.09661403563931441,0.14765367311612224,0.28565386800570164,0.2059837500358389,0.08090245747178292,0.07967011796986272,0.023811553167962463,-0.10540925533894598,3.7504316988337987,0.1523676373638864,0.05204301075268816,0.04515765304962603,0.21057809907022212,0.10021505376344086,0.7567741935483869,,,0.04494623655913978
experiments/cikm2026_SOTA,lastfm,weighted_lightgcn,7,alpha_0.4_beta_0.0,0.4,none,,0.1527,0.4191964048662377,0.011146496815286623,0.07967011796986272,0.09661403563931441,0.14765367311612224,0.28565386800570164,0.2059837500358389,0.08090245747178292,0.07967011796986272,0.023811553167962463,-0.10540925533894598,3.7504316988337987,0.1523676373638864,0.05204301075268816,0.04515765304962603,0.21057809907022212,0.10021505376344086,0.7567741935483869,,,0.04494623655913978
experiments/cikm2026,lastfm,weighted_lightgcn,8,alpha_0.4_beta_0.0,0.4,none,,0.1547,0.41824099085349886,0.011305732484076432,0.08937738812986001,0.10740150092646483,0.14498486406116629,0.27603741147891697,0.18666002334905696,0.07300872124071775,0.08937738812986001,0.40973489350604264,0.316227766016838,3.742784332446747,0.16584691627452314,0.04558412330355315,0.04578462797517561,0.2452858669212756,0.11376344086021495,0.7546236559139784,,,0.04451612903225806
experiments/cikm2026,lastfm,weighted_lightgcn,8,alpha_0.4_beta_0.0,0.4,none,,0.1547,0.41824099085349886,0.011305732484076432,0.08937738812986001,0.10740150092646483,0.14498486406116629,0.27603741147891697,0.18666002334905696,0.07300872124071775,0.08937738812986001,0.40973489350604264,0.316227766016838,3.742784332446747,0.16584691627452314,0.04558412330355315,0.04578462797517561,0.2452858669212756,0.11376344086021495,0.7546236559139784,,,0.04451612903225806
experiments/cikm2026_SOTA,lastfm,weighted_lightgcn,8,alpha_0.4_beta_0.0,0.4,none,,0.1547,0.41824099085349886,0.011305732484076432,0.08937738812986001,0.10740150092646483,0.14498486406116629,0.27603741147891697,0.18666002334905696,0.07300872124071775,0.08937738812986001,0.40973489350604264,0.316227766016838,3.742784332446747,0.16584691627452314,0.04558412330355315,0.04578462797517561,0.2452858669212756,0.11376344086021495,0.7546236559139784,,,0.04451612903225806
experiments/cikm2026,lastfm,weighted_lightgcn,9,alpha_0.4_beta_0.0,0.4,none,,0.1578,0.4172324982844967,0.01199575371549894,0.08384196390728951,0.10643500496884317,0.1408805619445136,0.29877594465376334,0.21493398074647382,0.08406580331990282,0.08384196390728951,-0.5934856649626571,-0.316227766016838,3.7346159267089494,0.16734138079974537,0.04945145377253403,0.04859123871877059,0.24795380663347646,0.11763440860215058,0.7466666666666665,,,0.047956989247311815
experiments/cikm2026,lastfm,weighted_lightgcn,9,alpha_0.4_beta_0.0,0.4,none,,0.1578,0.4172324982844967,0.01199575371549894,0.08384196390728951,0.10643500496884317,0.1408805619445136,0.29877594465376334,0.21493398074647382,0.08406580331990282,0.08384196390728951,-0.5934856649626571,-0.316227766016838,3.7346159267089494,0.16734138079974537,0.04945145377253403,0.04859123871877059,0.24795380663347646,0.11763440860215058,0.7466666666666665,,,0.047956989247311815
experiments/cikm2026_SOTA,lastfm,weighted_lightgcn,9,alpha_0.4_beta_0.0,0.4,none,,0.1578,0.4172324982844967,0.01199575371549894,0.08384196390728951,0.10643500496884317,0.1408805619445136,0.29877594465376334,0.21493398074647382,0.08406580331990282,0.08384196390728951,-0.5934856649626571,-0.316227766016838,3.7346159267089494,0.16734138079974537,0.04945145377253403,0.04859123871877059,0.24795380663347646,0.11763440860215058,0.7466666666666665,,,0.047956989247311815
experiments/cikm2026,lastfm,weighted_lightgcn,0,alpha_0.8,0.8,none,,0.156,0.39650532206368994,0.027547770700636943,0.06386075268011433,0.10418530241588146,0.1647086815495844,0.2898495203905574,0.22598876771044307,0.08538947827589435,0.06386075268011433,-0.9677114728224723,-0.7999999999999999,3.5669571938439146,0.21014844620245968,0.11132146673031892,0.1115728932233058,0.573284230148446,0.2602150537634408,0.5963440860215052,,,0.10924731182795697
experiments/cikm2026,lastfm,weighted_lightgcn,0,alpha_0.8_beta_0.0,0.8,none,,0.156,0.39650532206368994,0.027547770700636943,0.06386075268011433,0.10418530241588146,0.1647086815495844,0.2898495203905574,0.22598876771044307,0.08538947827589435,0.06386075268011433,-0.9677114728224723,-0.7999999999999999,3.5669571938439146,0.21014844620245968,0.11132146673031892,0.1115728932233058,0.573284230148446,0.2602150537634408,0.5963440860215052,,,0.10924731182795697
experiments/cikm2026_SOTA,lastfm,weighted_lightgcn,0,alpha_0.8_beta_0.0,0.8,none,,0.156,0.39650532206368994,0.027547770700636943,0.06386075268011433,0.10418530241588146,0.1647086815495844,0.2898495203905574,0.22598876771044307,0.08538947827589435,0.06386075268011433,-0.9677114728224723,-0.7999999999999999,3.5669571938439146,0.21014844620245968,0.11132146673031892,0.1115728932233058,0.573284230148446,0.2602150537634408,0.5963440860215052,,,0.10924731182795697
experiments/cikm2026,lastfm,weighted_lightgcn,1,alpha_0.8_beta_0.0,0.8,none,,0.155,0.3979915216390615,0.024575371549893844,0.07364114874865765,0.1209699918508508,0.15329786693777475,0.2706818141590157,0.19704066541035806,0.07273580113977379,0.07364114874865765,-0.7213786604453686,-0.19999999999999998,3.579087499147514,0.19612994157630312,0.12523085316783739,0.09955170610834525,0.5619122962558821,0.24903225806451612,0.6135483870967741,,,0.09849462365591397
experiments/cikm2026,lastfm,weighted_lightgcn,1,alpha_0.8_beta_0.0,0.8,none,,0.155,0.3979915216390615,0.024575371549893844,0.07364114874865765,0.1209699918508508,0.15329786693777475,0.2706818141590157,0.19704066541035806,0.07273580113977379,0.07364114874865765,-0.7213786604453686,-0.19999999999999998,3.579087499147514,0.19612994157630312,0.12523085316783739,0.09955170610834525,0.5619122962558821,0.24903225806451612,0.6135483870967741,,,0.09849462365591397
experiments/cikm2026_SOTA,lastfm,weighted_lightgcn,1,alpha_0.8_beta_0.0,0.8,none,,0.155,0.3979915216390615,0.024575371549893844,0.07364114874865765,0.1209699918508508,0.15329786693777475,0.2706818141590157,0.19704066541035806,0.07273580113977379,0.07364114874865765,-0.7213786604453686,-0.19999999999999998,3.579087499147514,0.19612994157630312,0.12523085316783739,0.09955170610834525,0.5619122962558821,0.24903225806451612,0.6135483870967741,,,0.09849462365591397
experiments/cikm2026,lastfm,weighted_lightgcn,2,alpha_0.8_beta_0.0,0.8,none,,0.1527,0.39454141548194893,0.02961783439490446,0.07315299942839837,0.1102486925577368,0.15361010011421808,0.272519797429004,0.19936679800060564,0.0749784114351606,0.07315299942839837,-0.9551855189112646,-0.19999999999999998,3.551225078997021,0.20043465411807496,0.12843847325467728,0.11990179363022571,0.5927927436404553,0.26193548387096766,0.5911827956989246,,,0.11419354838709675
experiments/cikm2026,lastfm,weighted_lightgcn,2,alpha_0.8_beta_0.0,0.8,none,,0.1527,0.39454141548194893,0.02961783439490446,0.07315299942839837,0.1102486925577368,0.15361010011421808,0.272519797429004,0.19936679800060564,0.0749784114351606,0.07315299942839837,-0.9551855189112646,-0.19999999999999998,3.551225078997021,0.20043465411807496,0.12843847325467728,0.11990179363022571,0.5927927436404553,0.26193548387096766,0.5911827956989246,,,0.11419354838709675
experiments/cikm2026_SOTA,lastfm,weighted_lightgcn,2,alpha_0.8_beta_0.0,0.8,none,,0.1527,0.39454141548194893,0.02961783439490446,0.07315299942839837,0.1102486925577368,0.15361010011421808,0.272519797429004,0.19936679800060564,0.0749784114351606,0.07315299942839837,-0.9551855189112646,-0.19999999999999998,3.551225078997021,0.20043465411807496,0.12843847325467728,0.11990179363022571,0.5927927436404553,0.26193548387096766,0.5911827956989246,,,0.11419354838709675
experiments/cikm2026,lastfm,weighted_lightgcn,3,alpha_0.8_beta_0.0,0.8,none,,0.1617,0.395629525885346,0.027707006369426752,0.07273027755491021,0.12191634252930514,0.1548475935386069,0.295632521705952,0.2229022441510418,0.08288927374043088,0.07273027755491021,-0.8967263244238385,-0.19999999999999998,3.5598895178340033,0.20306985837368427,0.12483711837050168,0.11220350542180997,0.5753329241401259,0.25827956989247314,0.5909677419354837,,,0.10903225806451611
experiments/cikm2026,lastfm,weighted_lightgcn,3,alpha_0.8_beta_0.0,0.8,none,,0.1617,0.395629525885346,0.027707006369426752,0.07273027755491021,0.12191634252930514,0.1548475935386069,0.295632521705952,0.2229022441510418,0.08288927374043088,0.07273027755491021,-0.8967263244238385,-0.19999999999999998,3.5598895178340033,0.20306985837368427,0.12483711837050168,0.11220350542180997,0.5753329241401259,0.25827956989247314,0.5909677419354837,,,0.10903225806451611
experiments/cikm2026_SOTA,lastfm,weighted_lightgcn,3,alpha_0.8_beta_0.0,0.8,none,,0.1617,0.395629525885346,0.027707006369426752,0.07273027755491021,0.12191634252930514,0.1548475935386069,0.295632521705952,0.2229022441510418,0.08288927374043088,0.07273027755491021,-0.8967263244238385,-0.19999999999999998,3.5598895178340033,0.20306985837368427,0.12483711837050168,0.11220350542180997,0.5753329241401259,0.25827956989247314,0.5909677419354837,,,0.10903225806451611
experiments/cikm2026,lastfm,weighted_lightgcn,4,alpha_0.8_beta_0.0,0.8,none,,0.15,0.39326753013163046,0.026167728237791933,0.0670670224908316,0.11224202393011534,0.1543939623338359,0.26477735967363136,0.19771033718279976,0.07330776799569604,0.0670670224908316,-0.9417513719764685,-0.316227766016838,3.5409534201732242,0.23019618540998882,0.12287981086180634,0.10597058355497962,0.6214790061151649,0.2724731182795699,0.5838709677419354,,,0.10301075268817202
experiments/cikm2026,lastfm,weighted_lightgcn,4,alpha_0.8_beta_0.0,0.8,none,,0.15,0.39326753013163046,0.026167728237791933,0.0670670224908316,0.11224202393011534,0.1543939623338359,0.26477735967363136,0.19771033718279976,0.07330776799569604,0.0670670224908316,-0.9417513719764685,-0.316227766016838,3.5409534201732242,0.23019618540998882,0.12287981086180634,0.10597058355497962,0.6214790061151649,0.2724731182795699,0.5838709677419354,,,0.10301075268817202
experiments/cikm2026_SOTA,lastfm,weighted_lightgcn,4,alpha_0.8_beta_0.0,0.8,none,,0.15,0.39326753013163046,0.026167728237791933,0.0670670224908316,0.11224202393011534,0.1543939623338359,0.26477735967363136,0.19771033718279976,0.07330776799569604,0.0670670224908316,-0.9417513719764685,-0.316227766016838,3.5409534201732242,0.23019618540998882,0.12287981086180634,0.10597058355497962,0.6214790061151649,0.2724731182795699,0.5838709677419354,,,0.10301075268817202
experiments/cikm2026,lastfm,weighted_lightgcn,5,alpha_0.8_beta_0.0,0.8,none,,0.1586,0.39894693565180034,0.02526539278131635,0.06316153897401956,0.11755478060483646,0.15676761312787624,0.295430891509699,0.23226935253567943,0.08590504780630737,0.06316153897401956,-0.9900336019914958,-0.39999999999999997,3.5866948555320644,0.1891277364795744,0.12185182659301187,0.10232558139534881,0.5509331878424152,0.2494623655913979,0.6133333333333332,,,0.09999999999999998
experiments/cikm2026,lastfm,weighted_lightgcn,5,alpha_0.8_beta_0.0,0.8,none,,0.1586,0.39894693565180034,0.02526539278131635,0.06316153897401956,0.11755478060483646,0.15676761312787624,0.295430891509699,0.23226935253567943,0.08590504780630737,0.06316153897401956,-0.9900336019914958,-0.39999999999999997,3.5866948555320644,0.1891277364795744,0.12185182659301187,0.10232558139534881,0.5509331878424152,0.2494623655913979,0.6133333333333332,,,0.09999999999999998
experiments/cikm2026_SOTA,lastfm,weighted_lightgcn,5,alpha_0.8_beta_0.0,0.8,none,,0.1586,0.39894693565180034,0.02526539278131635,0.06316153897401956,0.11755478060483646,0.15676761312787624,0.295430891509699,0.23226935253567943,0.08590504780630737,0.06316153897401956,-0.9900336019914958,-0.39999999999999997,3.5866948555320644,0.1891277364795744,0.12185182659301187,0.10232558139534881,0.5509331878424152,0.2494623655913979,0.6133333333333332,,,0.09999999999999998
experiments/cikm2026,lastfm,weighted_lightgcn,6,alpha_0.8_beta_0.0,0.8,none,,0.1558,0.3952579759915031,0.028343949044585988,0.06778903775707643,0.12181909751174427,0.15150559763935972,0.28048261130541174,0.21269357354833532,0.07820515285843191,0.06778903775707643,-0.980876652677242,-0.39999999999999997,3.5569806087885603,0.215648912228057,0.11258269112732727,0.1147877878560549,0.6104853486098796,0.27247311827956977,0.5939784946236558,,,0.11182795698924729
experiments/cikm2026,lastfm,weighted_lightgcn,6,alpha_0.8_beta_0.0,0.8,none,,0.1558,0.3952579759915031,0.028343949044585988,0.06778903775707643,0.12181909751174427,0.15150559763935972,0.28048261130541174,0.21269357354833532,0.07820515285843191,0.06778903775707643,-0.980876652677242,-0.39999999999999997,3.5569806087885603,0.215648912228057,0.11258269112732727,0.1147877878560549,0.6104853486098796,0.27247311827956977,0.5939784946236558,,,0.11182795698924729
experiments/cikm2026_SOTA,lastfm,weighted_lightgcn,6,alpha_0.8_beta_0.0,0.8,none,,0.1558,0.3952579759915031,0.028343949044585988,0.06778903775707643,0.12181909751174427,0.15150559763935972,0.28048261130541174,0.21269357354833532,0.07820515285843191,0.06778903775707643,-0.980876652677242,-0.39999999999999997,3.5569806087885603,0.215648912228057,0.11258269112732727,0.1147877878560549,0.6104853486098796,0.27247311827956977,0.5939784946236558,,,0.11182795698924729
experiments/cikm2026,lastfm,weighted_lightgcn,7,alpha_0.8_beta_0.0,0.8,none,,0.1519,0.39921232843311666,0.025690021231422507,0.07108763948823357,0.09902344359802201,0.15026897357507818,0.2858783672220123,0.21479072773377875,0.0825817488953692,0.07108763948823357,-0.9371761404290924,-0.316227766016838,3.5888235695287447,0.1816081293050535,0.12552592693627948,0.1040423742299211,0.5337943576803291,0.24279569892473118,0.6141935483870966,,,0.101505376344086
experiments/cikm2026,lastfm,weighted_lightgcn,7,alpha_0.8_beta_0.0,0.8,none,,0.1519,0.39921232843311666,0.025690021231422507,0.07108763948823357,0.09902344359802201,0.15026897357507818,0.2858783672220123,0.21479072773377875,0.0825817488953692,0.07108763948823357,-0.9371761404290924,-0.316227766016838,3.5888235695287447,0.1816081293050535,0.12552592693627948,0.1040423742299211,0.5337943576803291,0.24279569892473118,0.6141935483870966,,,0.101505376344086
experiments/cikm2026_SOTA,lastfm,weighted_lightgcn,7,alpha_0.8_beta_0.0,0.8,none,,0.1519,0.39921232843311666,0.025690021231422507,0.07108763948823357,0.09902344359802201,0.15026897357507818,0.2858783672220123,0.21479072773377875,0.0825817488953692,0.07108763948823357,-0.9371761404290924,-0.316227766016838,3.5888235695287447,0.1816081293050535,0.12552592693627948,0.1040423742299211,0.5337943576803291,0.24279569892473118,0.6141935483870966,,,0.101505376344086
experiments/cikm2026,lastfm,weighted_lightgcn,8,alpha_0.8_beta_0.0,0.8,none,,0.1517,0.3972484218513757,0.02643312101910828,0.07673138097323409,0.10950114212010147,0.14479001566597954,0.2743519002367195,0.19762051926348542,0.0749862752513399,0.07673138097323409,-0.9893246734615522,-0.632455532033676,3.5731060037736695,0.2046884448384823,0.11515969901566298,0.10704585237218393,0.5846425242674302,0.2584946236559139,0.6098924731182794,,,0.10408602150537632
experiments/cikm2026,lastfm,weighted_lightgcn,8,alpha_0.8_beta_0.0,0.8,none,,0.1517,0.3972484218513757,0.02643312101910828,0.07673138097323409,0.10950114212010147,0.14479001566597954,0.2743519002367195,0.19762051926348542,0.0749862752513399,0.07673138097323409,-0.9893246734615522,-0.632455532033676,3.5731060037736695,0.2046884448384823,0.11515969901566298,0.10704585237218393,0.5846425242674302,0.2584946236559139,0.6098924731182794,,,0.10408602150537632
experiments/cikm2026_SOTA,lastfm,weighted_lightgcn,8,alpha_0.8_beta_0.0,0.8,none,,0.1517,0.3972484218513757,0.02643312101910828,0.07673138097323409,0.10950114212010147,0.14479001566597954,0.2743519002367195,0.19762051926348542,0.0749862752513399,0.07673138097323409,-0.9893246734615522,-0.632455532033676,3.5731060037736695,0.2046884448384823,0.11515969901566298,0.10704585237218393,0.5846425242674302,0.2584946236559139,0.6098924731182794,,,0.10408602150537632
experiments/cikm2026,lastfm,weighted_lightgcn,9,alpha_0.8_beta_0.0,0.8,none,,0.1553,0.39573568299787254,0.0279723991507431,0.06909958550935959,0.1081931812967089,0.14423606231016076,0.2983347525147637,0.22923516700540414,0.0869345565171771,0.06909958550935959,-0.9758539861455147,-0.39999999999999997,3.5608152038009493,0.20410147991543337,0.12186273841187567,0.11322057787174064,0.5951324194685033,0.26860215053763437,0.5956989247311827,,,0.10666666666666665
experiments/cikm2026,lastfm,weighted_lightgcn,9,alpha_0.8_beta_0.0,0.8,none,,0.1553,0.39573568299787254,0.0279723991507431,0.06909958550935959,0.1081931812967089,0.14423606231016076,0.2983347525147637,0.22923516700540414,0.0869345565171771,0.06909958550935959,-0.9758539861455147,-0.39999999999999997,3.5608152038009493,0.20410147991543337,0.12186273841187567,0.11322057787174064,0.5951324194685033,0.26860215053763437,0.5956989247311827,,,0.10666666666666665
experiments/cikm2026_SOTA,lastfm,weighted_lightgcn,9,alpha_0.8_beta_0.0,0.8,none,,0.1553,0.39573568299787254,0.0279723991507431,0.06909958550935959,0.1081931812967089,0.14423606231016076,0.2983347525147637,0.22923516700540414,0.0869345565171771,0.06909958550935959,-0.9758539861455147,-0.39999999999999997,3.5608152038009493,0.20410147991543337,0.12186273841187567,0.11322057787174064,0.5951324194685033,0.26860215053763437,0.5956989247311827,,,0.10666666666666665
experiments/cikm2026,lastfm,weighted_neumf,0,alpha_0.0,0.0,none,,0.1524,0.44114438788109966,0.0015392781316348196,0.07444637483002617,0.10625457992917897,0.15369683135389284,0.2740553793493079,0.19960900451928174,0.075841202125681,0.07444637483002617,,,3.928226602105071,0.05994544090568095,0.005591397849462365,0.006236559139784945,0.0,0.0,0.9313978494623654,,,0.006236559139784945
experiments/cikm2026,lastfm,weighted_neumf,0,alpha_0.0_beta_0.1,0.0,none,,0.1524,0.44114438788109966,0.0015392781316348196,0.07444637483002617,0.10625457992917897,0.15369683135389284,0.2740553793493079,0.19960900451928174,0.075841202125681,0.07444637483002617,,,3.928226602105071,0.05994544090568095,0.005591397849462365,0.006236559139784945,0.0,0.0,0.9313978494623654,,,0.006236559139784945
experiments/cikm2026,lastfm,weighted_neumf,0,baseline,0.0,none,,0.1524,0.44114438788109966,0.0015392781316348196,0.07444637483002617,0.10625457992917897,0.15369683135389284,0.2740553793493079,0.19960900451928174,0.075841202125681,0.07444637483002617,,,3.928226602105071,0.05994544090568095,0.005591397849462365,0.006236559139784945,,,0.9313978494623654,,,0.006236559139784945
experiments/cikm2026,lastfm,weighted_neumf,0,alpha_0.0_beta_0.5,0.0,none,,0.1524,0.44114438788109966,0.0015392781316348196,0.07444637483002617,0.10625457992917897,0.15369683135389284,0.2740553793493079,0.19960900451928174,0.075841202125681,0.07444637483002617,,,3.928226602105071,0.05994544090568095,0.005591397849462365,0.006236559139784945,0.0,0.0,0.9313978494623654,,,0.006236559139784945
experiments/cikm2026,lastfm,weighted_neumf,0,alpha_0.0_beta_0.0,0.0,none,,0.1524,0.44114438788109966,0.0015392781316348196,0.07444637483002617,0.10625457992917897,0.15369683135389284,0.2740553793493079,0.19960900451928174,0.075841202125681,0.07444637483002617,,,3.928226602105071,0.05994544090568095,0.005591397849462365,0.006236559139784945,0.0,0.0,0.9313978494623654,,,0.006236559139784945
experiments/cikm2026,lastfm,weighted_neumf,0,alpha_0.0_beta_0.3,0.0,none,,0.1524,0.44114438788109966,0.0015392781316348196,0.07444637483002617,0.10625457992917897,0.15369683135389284,0.2740553793493079,0.19960900451928174,0.075841202125681,0.07444637483002617,,,3.928226602105071,0.05994544090568095,0.005591397849462365,0.006236559139784945,0.0,0.0,0.9313978494623654,,,0.006236559139784945
experiments/cikm2026_SOTA,lastfm,weighted_neumf,0,baseline,0.0,none,,0.1524,0.44114438788109966,0.0015392781316348196,0.07444637483002617,0.10625457992917897,0.15369683135389284,0.2740553793493079,0.19960900451928174,0.075841202125681,0.07444637483002617,,,3.928226602105071,0.05994544090568095,0.005591397849462365,0.006236559139784945,,,0.9313978494623654,,,0.006236559139784945
experiments/cikm2026_SOTA,lastfm,weighted_neumf,0,baseline,0.0,none,,0.1524,0.44114438788109966,0.0015392781316348196,0.07444637483002617,0.10625457992917897,0.15369683135389284,0.2740553793493079,0.19960900451928174,0.075841202125681,0.07444637483002617,,,3.928226602105071,0.05994544090568095,0.005591397849462365,0.006236559139784945,,,0.9313978494623654,,,0.006236559139784945
experiments/cikm2026_SOTA,lastfm,weighted_neumf,0,baseline,0.0,none,,0.1524,0.44114438788109966,0.0015392781316348196,0.07444637483002617,0.10625457992917897,0.15369683135389284,0.2740553793493079,0.19960900451928174,0.075841202125681,0.07444637483002617,,,3.928226602105071,0.05994544090568095,0.005591397849462365,0.006236559139784945,,,0.9313978494623654,,,0.006236559139784945
experiments/cikm2026_SOTA,lastfm,weighted_neumf,0,baseline,0.0,none,,0.1524,0.44114438788109966,0.0015392781316348196,0.07444637483002617,0.10625457992917897,0.15369683135389284,0.2740553793493079,0.19960900451928174,0.075841202125681,0.07444637483002617,,,3.928226602105071,0.05994544090568095,0.005591397849462365,0.006236559139784945,,,0.9313978494623654,,,0.006236559139784945
experiments/cikm2026_SOTA,lastfm,weighted_neumf,0,baseline,0.0,none,,0.1524,0.44114438788109966,0.0015392781316348196,0.07444637483002617,0.10625457992917897,0.15369683135389284,0.2740553793493079,0.19960900451928174,0.075841202125681,0.07444637483002617,,,3.928226602105071,0.05994544090568095,0.005591397849462365,0.006236559139784945,,,0.9313978494623654,,,0.006236559139784945
experiments/cikm2026,lastfm,weighted_neumf,1,baseline,0.0,none,,0.1482,0.4442229441443693,0.00010615711252653928,0.07350407557750252,0.10710400262775864,0.1497390298453237,0.26131425745116615,0.18781018187366363,0.07082591661040129,0.07350407557750252,,,3.9531982995748924,0.04271567891972992,0.003655913978494623,0.0004301075268817203,,,0.9578494623655912,,,0.0004301075268817203
experiments/cikm2026_SOTA,lastfm,weighted_neumf,1,baseline,0.0,none,,0.1482,0.4442229441443693,0.00010615711252653928,0.07350407557750252,0.10710400262775864,0.1497390298453237,0.26131425745116615,0.18781018187366363,0.07082591661040129,0.07350407557750252,,,3.9531982995748924,0.04271567891972992,0.003655913978494623,0.0004301075268817203,,,0.9578494623655912,,,0.0004301075268817203
experiments/cikm2026_SOTA,lastfm,weighted_neumf,1,baseline,0.0,none,,0.1482,0.4442229441443693,0.00010615711252653928,0.07350407557750252,0.10710400262775864,0.1497390298453237,0.26131425745116615,0.18781018187366363,0.07082591661040129,0.07350407557750252,,,3.9531982995748924,0.04271567891972992,0.003655913978494623,0.0004301075268817203,,,0.9578494623655912,,,0.0004301075268817203
experiments/cikm2026_SOTA,lastfm,weighted_neumf,1,baseline,0.0,none,,0.1482,0.4442229441443693,0.00010615711252653928,0.07350407557750252,0.10710400262775864,0.1497390298453237,0.26131425745116615,0.18781018187366363,0.07082591661040129,0.07350407557750252,,,3.9531982995748924,0.04271567891972992,0.003655913978494623,0.0004301075268817203,,,0.9578494623655912,,,0.0004301075268817203
experiments/cikm2026_SOTA,lastfm,weighted_neumf,1,baseline,0.0,none,,0.1482,0.4442229441443693,0.00010615711252653928,0.07350407557750252,0.10710400262775864,0.1497390298453237,0.26131425745116615,0.18781018187366363,0.07082591661040129,0.07350407557750252,,,3.9531982995748924,0.04271567891972992,0.003655913978494623,0.0004301075268817203,,,0.9578494623655912,,,0.0004301075268817203
experiments/cikm2026_SOTA,lastfm,weighted_neumf,1,baseline,0.0,none,,0.1482,0.4442229441443693,0.00010615711252653928,0.07350407557750252,0.10710400262775864,0.1497390298453237,0.26131425745116615,0.18781018187366363,0.07082591661040129,0.07350407557750252,,,3.9531982995748924,0.04271567891972992,0.003655913978494623,0.0004301075268817203,,,0.9578494623655912,,,0.0004301075268817203
experiments/cikm2026,lastfm,weighted_neumf,2,baseline,0.0,none,,0.1515,0.4463460863949001,0.00010615711252653928,0.0706503126819863,0.11187868821074683,0.1538948311191388,0.26803814139939225,0.19738782871740596,0.07364238338550162,0.0706503126819863,,,3.9703735024665248,0.02661574484530223,0.002580645161290322,0.0004301075268817203,,,0.9733333333333332,,,0.0004301075268817203
experiments/cikm2026_SOTA,lastfm,weighted_neumf,2,baseline,0.0,none,,0.1515,0.4463460863949001,0.00010615711252653928,0.0706503126819863,0.11187868821074683,0.1538948311191388,0.26803814139939225,0.19738782871740596,0.07364238338550162,0.0706503126819863,,,3.9703735024665248,0.02661574484530223,0.002580645161290322,0.0004301075268817203,,,0.9733333333333332,,,0.0004301075268817203
experiments/cikm2026_SOTA,lastfm,weighted_neumf,2,baseline,0.0,none,,0.1515,0.4463460863949001,0.00010615711252653928,0.0706503126819863,0.11187868821074683,0.1538948311191388,0.26803814139939225,0.19738782871740596,0.07364238338550162,0.0706503126819863,,,3.9703735024665248,0.02661574484530223,0.002580645161290322,0.0004301075268817203,,,0.9733333333333332,,,0.0004301075268817203
experiments/cikm2026_SOTA,lastfm,weighted_neumf,2,baseline,0.0,none,,0.1515,0.4463460863949001,0.00010615711252653928,0.0706503126819863,0.11187868821074683,0.1538948311191388,0.26803814139939225,0.19738782871740596,0.07364238338550162,0.0706503126819863,,,3.9703735024665248,0.02661574484530223,0.002580645161290322,0.0004301075268817203,,,0.9733333333333332,,,0.0004301075268817203
experiments/cikm2026_SOTA,lastfm,weighted_neumf,2,baseline,0.0,none,,0.1515,0.4463460863949001,0.00010615711252653928,0.0706503126819863,0.11187868821074683,0.1538948311191388,0.26803814139939225,0.19738782871740596,0.07364238338550162,0.0706503126819863,,,3.9703735024665248,0.02661574484530223,0.002580645161290322,0.0004301075268817203,,,0.9733333333333332,,,0.0004301075268817203
experiments/cikm2026_SOTA,lastfm,weighted_neumf,2,baseline,0.0,none,,0.1515,0.4463460863949001,0.00010615711252653928,0.0706503126819863,0.11187868821074683,0.1538948311191388,0.26803814139939225,0.19738782871740596,0.07364238338550162,0.0706503126819863,,,3.9703735024665248,0.02661574484530223,0.002580645161290322,0.0004301075268817203,,,0.9733333333333332,,,0.0004301075268817203
experiments/cikm2026,lastfm,weighted_neumf,3,baseline,0.0,none,,0.1582,0.4380923708959617,0.0009554140127388535,0.07300324861899249,0.11822571452312663,0.1602070977046829,0.2801054455325305,0.20710219691353798,0.07700811659396098,0.07300324861899249,,,3.9035681647684637,0.08159676282707039,0.010964104662529266,0.003870967741935483,,,0.9109677419354837,,,0.003870967741935483
experiments/cikm2026_SOTA,lastfm,weighted_neumf,3,baseline,0.0,none,,0.1582,0.4380923708959617,0.0009554140127388535,0.07300324861899249,0.11822571452312663,0.1602070977046829,0.2801054455325305,0.20710219691353798,0.07700811659396098,0.07300324861899249,,,3.9035681647684637,0.08159676282707039,0.010964104662529266,0.003870967741935483,,,0.9109677419354837,,,0.003870967741935483
experiments/cikm2026_SOTA,lastfm,weighted_neumf,3,baseline,0.0,none,,0.1582,0.4380923708959617,0.0009554140127388535,0.07300324861899249,0.11822571452312663,0.1602070977046829,0.2801054455325305,0.20710219691353798,0.07700811659396098,0.07300324861899249,,,3.9035681647684637,0.08159676282707039,0.010964104662529266,0.003870967741935483,,,0.9109677419354837,,,0.003870967741935483
experiments/cikm2026_SOTA,lastfm,weighted_neumf,3,baseline,0.0,none,,0.1582,0.4380923708959617,0.0009554140127388535,0.07300324861899249,0.11822571452312663,0.1602070977046829,0.2801054455325305,0.20710219691353798,0.07700811659396098,0.07300324861899249,,,3.9035681647684637,0.08159676282707039,0.010964104662529266,0.003870967741935483,,,0.9109677419354837,,,0.003870967741935483
experiments/cikm2026_SOTA,lastfm,weighted_neumf,3,baseline,0.0,none,,0.1582,0.4380923708959617,0.0009554140127388535,0.07300324861899249,0.11822571452312663,0.1602070977046829,0.2801054455325305,0.20710219691353798,0.07700811659396098,0.07300324861899249,,,3.9035681647684637,0.08159676282707039,0.010964104662529266,0.003870967741935483,,,0.9109677419354837,,,0.003870967741935483
experiments/cikm2026_SOTA,lastfm,weighted_neumf,3,baseline,0.0,none,,0.1582,0.4380923708959617,0.0009554140127388535,0.07300324861899249,0.11822571452312663,0.1602070977046829,0.2801054455325305,0.20710219691353798,0.07700811659396098,0.07300324861899249,,,3.9035681647684637,0.08159676282707039,0.010964104662529266,0.003870967741935483,,,0.9109677419354837,,,0.003870967741935483
experiments/cikm2026,lastfm,weighted_neumf,4,baseline,0.0,none,,0.1534,0.43838430295540964,0.0009023354564755839,0.08256812709157971,0.12191226159425889,0.156223769688924,0.25162789827863025,0.16905977118705054,0.0625797963504066,0.08256812709157971,,,3.9059664916229053,0.08478619654913727,0.005591397849462365,0.003655913978494623,,,0.9152688172043009,,,0.003655913978494623
experiments/cikm2026_SOTA,lastfm,weighted_neumf,4,baseline,0.0,none,,0.1534,0.43838430295540964,0.0009023354564755839,0.08256812709157971,0.12191226159425889,0.156223769688924,0.25162789827863025,0.16905977118705054,0.0625797963504066,0.08256812709157971,,,3.9059664916229053,0.08478619654913727,0.005591397849462365,0.003655913978494623,,,0.9152688172043009,,,0.003655913978494623
experiments/cikm2026_SOTA,lastfm,weighted_neumf,4,baseline,0.0,none,,0.1534,0.43838430295540964,0.0009023354564755839,0.08256812709157971,0.12191226159425889,0.156223769688924,0.25162789827863025,0.16905977118705054,0.0625797963504066,0.08256812709157971,,,3.9059664916229053,0.08478619654913727,0.005591397849462365,0.003655913978494623,,,0.9152688172043009,,,0.003655913978494623
experiments/cikm2026_SOTA,lastfm,weighted_neumf,4,baseline,0.0,none,,0.1534,0.43838430295540964,0.0009023354564755839,0.08256812709157971,0.12191226159425889,0.156223769688924,0.25162789827863025,0.16905977118705054,0.0625797963504066,0.08256812709157971,,,3.9059664916229053,0.08478619654913727,0.005591397849462365,0.003655913978494623,,,0.9152688172043009,,,0.003655913978494623
experiments/cikm2026_SOTA,lastfm,weighted_neumf,4,baseline,0.0,none,,0.1534,0.43838430295540964,0.0009023354564755839,0.08256812709157971,0.12191226159425889,0.156223769688924,0.25162789827863025,0.16905977118705054,0.0625797963504066,0.08256812709157971,,,3.9059664916229053,0.08478619654913727,0.005591397849462365,0.003655913978494623,,,0.9152688172043009,,,0.003655913978494623
experiments/cikm2026_SOTA,lastfm,weighted_neumf,4,baseline,0.0,none,,0.1534,0.43838430295540964,0.0009023354564755839,0.08256812709157971,0.12191226159425889,0.156223769688924,0.25162789827863025,0.16905977118705054,0.0625797963504066,0.08256812709157971,,,3.9059664916229053,0.08478619654913727,0.005591397849462365,0.003655913978494623,,,0.9152688172043009,,,0.003655913978494623
experiments/cikm2026,lastfm,weighted_neumf,5,baseline,0.0,none,,0.1575,0.44172825199999566,0.0018577494692144374,0.07817179616248206,0.11692770567308594,0.1458430116211652,0.28780075468332,0.20962895852083796,0.07914046404400472,0.07817179616248206,,,3.933012343995089,0.050643569983404926,0.008817204301075268,0.007526881720430106,,,0.9393548387096773,,,0.007526881720430106
experiments/cikm2026_SOTA,lastfm,weighted_neumf,5,baseline,0.0,none,,0.1575,0.44172825199999566,0.0018577494692144374,0.07817179616248206,0.11692770567308594,0.1458430116211652,0.28780075468332,0.20962895852083796,0.07914046404400472,0.07817179616248206,,,3.933012343995089,0.050643569983404926,0.008817204301075268,0.007526881720430106,,,0.9393548387096773,,,0.007526881720430106
experiments/cikm2026_SOTA,lastfm,weighted_neumf,5,baseline,0.0,none,,0.1575,0.44172825199999566,0.0018577494692144374,0.07817179616248206,0.11692770567308594,0.1458430116211652,0.28780075468332,0.20962895852083796,0.07914046404400472,0.07817179616248206,,,3.933012343995089,0.050643569983404926,0.008817204301075268,0.007526881720430106,,,0.9393548387096773,,,0.007526881720430106
experiments/cikm2026_SOTA,lastfm,weighted_neumf,5,baseline,0.0,none,,0.1575,0.44172825199999566,0.0018577494692144374,0.07817179616248206,0.11692770567308594,0.1458430116211652,0.28780075468332,0.20962895852083796,0.07914046404400472,0.07817179616248206,,,3.933012343995089,0.050643569983404926,0.008817204301075268,0.007526881720430106,,,0.9393548387096773,,,0.007526881720430106
experiments/cikm2026_SOTA,lastfm,weighted_neumf,5,baseline,0.0,none,,0.1575,0.44172825199999566,0.0018577494692144374,0.07817179616248206,0.11692770567308594,0.1458430116211652,0.28780075468332,0.20962895852083796,0.07914046404400472,0.07817179616248206,,,3.933012343995089,0.050643569983404926,0.008817204301075268,0.007526881720430106,,,0.9393548387096773,,,0.007526881720430106
experiments/cikm2026_SOTA,lastfm,weighted_neumf,5,baseline,0.0,none,,0.1575,0.44172825199999566,0.0018577494692144374,0.07817179616248206,0.11692770567308594,0.1458430116211652,0.28780075468332,0.20962895852083796,0.07914046404400472,0.07817179616248206,,,3.933012343995089,0.050643569983404926,0.008817204301075268,0.007526881720430106,,,0.9393548387096773,,,0.007526881720430106
experiments/cikm2026,lastfm,weighted_neumf,6,baseline,0.0,none,,0.1614,0.4431613730191039,0.0013800424628450105,0.07551085802234413,0.1212106878464219,0.1604871864904841,0.2869092572150389,0.21139839919269476,0.07865269116102153,0.07551085802234413,,,3.9445815999454403,0.043163972811384656,0.006663029393712064,0.005591397849462365,,,0.9483870967741934,,,0.005591397849462365
experiments/cikm2026_SOTA,lastfm,weighted_neumf,6,baseline,0.0,none,,0.1614,0.4431613730191039,0.0013800424628450105,0.07551085802234413,0.1212106878464219,0.1604871864904841,0.2869092572150389,0.21139839919269476,0.07865269116102153,0.07551085802234413,,,3.9445815999454403,0.043163972811384656,0.006663029393712064,0.005591397849462365,,,0.9483870967741934,,,0.005591397849462365
experiments/cikm2026_SOTA,lastfm,weighted_neumf,6,baseline,0.0,none,,0.1614,0.4431613730191039,0.0013800424628450105,0.07551085802234413,0.1212106878464219,0.1604871864904841,0.2869092572150389,0.21139839919269476,0.07865269116102153,0.07551085802234413,,,3.9445815999454403,0.043163972811384656,0.006663029393712064,0.005591397849462365,,,0.9483870967741934,,,0.005591397849462365
experiments/cikm2026_SOTA,lastfm,weighted_neumf,6,baseline,0.0,none,,0.1614,0.4431613730191039,0.0013800424628450105,0.07551085802234413,0.1212106878464219,0.1604871864904841,0.2869092572150389,0.21139839919269476,0.07865269116102153,0.07551085802234413,,,3.9445815999454403,0.043163972811384656,0.006663029393712064,0.005591397849462365,,,0.9483870967741934,,,0.005591397849462365
experiments/cikm2026_SOTA,lastfm,weighted_neumf,6,baseline,0.0,none,,0.1614,0.4431613730191039,0.0013800424628450105,0.07551085802234413,0.1212106878464219,0.1604871864904841,0.2869092572150389,0.21139839919269476,0.07865269116102153,0.07551085802234413,,,3.9445815999454403,0.043163972811384656,0.006663029393712064,0.005591397849462365,,,0.9483870967741934,,,0.005591397849462365
experiments/cikm2026_SOTA,lastfm,weighted_neumf,6,baseline,0.0,none,,0.1614,0.4431613730191039,0.0013800424628450105,0.07551085802234413,0.1212106878464219,0.1604871864904841,0.2869092572150389,0.21139839919269476,0.07865269116102153,0.07551085802234413,,,3.9445815999454403,0.043163972811384656,0.006663029393712064,0.005591397849462365,,,0.9483870967741934,,,0.005591397849462365
experiments/cikm2026,lastfm,weighted_neumf,7,baseline,0.0,none,,0.1512,0.4393662562462802,0.0019639065817409766,0.07048163365079785,0.10975477459724373,0.15721995078900164,0.26617298083800983,0.19569134718721198,0.07329366427899246,0.07048163365079785,,,3.913898019959535,0.07083316283616357,0.007311827956989246,0.007956989247311827,,,0.9217204301075267,,,0.007956989247311827
experiments/cikm2026_SOTA,lastfm,weighted_neumf,7,baseline,0.0,none,,0.1512,0.4393662562462802,0.0019639065817409766,0.07048163365079785,0.10975477459724373,0.15721995078900164,0.26617298083800983,0.19569134718721198,0.07329366427899246,0.07048163365079785,,,3.913898019959535,0.07083316283616357,0.007311827956989246,0.007956989247311827,,,0.9217204301075267,,,0.007956989247311827
experiments/cikm2026_SOTA,lastfm,weighted_neumf,7,baseline,0.0,none,,0.1512,0.4393662562462802,0.0019639065817409766,0.07048163365079785,0.10975477459724373,0.15721995078900164,0.26617298083800983,0.19569134718721198,0.07329366427899246,0.07048163365079785,,,3.913898019959535,0.07083316283616357,0.007311827956989246,0.007956989247311827,,,0.9217204301075267,,,0.007956989247311827
experiments/cikm2026_SOTA,lastfm,weighted_neumf,7,baseline,0.0,none,,0.1512,0.4393662562462802,0.0019639065817409766,0.07048163365079785,0.10975477459724373,0.15721995078900164,0.26617298083800983,0.19569134718721198,0.07329366427899246,0.07048163365079785,,,3.913898019959535,0.07083316283616357,0.007311827956989246,0.007956989247311827,,,0.9217204301075267,,,0.007956989247311827
experiments/cikm2026_SOTA,lastfm,weighted_neumf,7,baseline,0.0,none,,0.1512,0.4393662562462802,0.0019639065817409766,0.07048163365079785,0.10975477459724373,0.15721995078900164,0.26617298083800983,0.19569134718721198,0.07329366427899246,0.07048163365079785,,,3.913898019959535,0.07083316283616357,0.007311827956989246,0.007956989247311827,,,0.9217204301075267,,,0.007956989247311827
experiments/cikm2026_SOTA,lastfm,weighted_neumf,7,baseline,0.0,none,,0.1512,0.4393662562462802,0.0019639065817409766,0.07048163365079785,0.10975477459724373,0.15721995078900164,0.26617298083800983,0.19569134718721198,0.07329366427899246,0.07048163365079785,,,3.913898019959535,0.07083316283616357,0.007311827956989246,0.007956989247311827,,,0.9217204301075267,,,0.007956989247311827
experiments/cikm2026,lastfm,weighted_neumf,8,baseline,0.0,none,,0.1501,0.44034820953715065,0.0019639065817409766,0.07745533623360623,0.1063132289413063,0.1512387317176667,0.2643553426555792,0.18690000642197296,0.07115096538271763,0.07745533623360623,,,3.921796812839573,0.05433221941849097,0.015913978494623653,0.007956989247311827,,,0.9262365591397848,,,0.007956989247311827
experiments/cikm2026_SOTA,lastfm,weighted_neumf,8,baseline,0.0,none,,0.1501,0.44034820953715065,0.0019639065817409766,0.07745533623360623,0.1063132289413063,0.1512387317176667,0.2643553426555792,0.18690000642197296,0.07115096538271763,0.07745533623360623,,,3.921796812839573,0.05433221941849097,0.015913978494623653,0.007956989247311827,,,0.9262365591397848,,,0.007956989247311827
experiments/cikm2026_SOTA,lastfm,weighted_neumf,8,baseline,0.0,none,,0.1501,0.44034820953715065,0.0019639065817409766,0.07745533623360623,0.1063132289413063,0.1512387317176667,0.2643553426555792,0.18690000642197296,0.07115096538271763,0.07745533623360623,,,3.921796812839573,0.05433221941849097,0.015913978494623653,0.007956989247311827,,,0.9262365591397848,,,0.007956989247311827
experiments/cikm2026_SOTA,lastfm,weighted_neumf,8,baseline,0.0,none,,0.1501,0.44034820953715065,0.0019639065817409766,0.07745533623360623,0.1063132289413063,0.1512387317176667,0.2643553426555792,0.18690000642197296,0.07115096538271763,0.07745533623360623,,,3.921796812839573,0.05433221941849097,0.015913978494623653,0.007956989247311827,,,0.9262365591397848,,,0.007956989247311827
experiments/cikm2026_SOTA,lastfm,weighted_neumf,8,baseline,0.0,none,,0.1501,0.44034820953715065,0.0019639065817409766,0.07745533623360623,0.1063132289413063,0.1512387317176667,0.2643553426555792,0.18690000642197296,0.07115096538271763,0.07745533623360623,,,3.921796812839573,0.05433221941849097,0.015913978494623653,0.007956989247311827,,,0.9262365591397848,,,0.007956989247311827
experiments/cikm2026_SOTA,lastfm,weighted_neumf,8,baseline,0.0,none,,0.1501,0.44034820953715065,0.0019639065817409766,0.07745533623360623,0.1063132289413063,0.1512387317176667,0.2643553426555792,0.18690000642197296,0.07115096538271763,0.07745533623360623,,,3.921796812839573,0.05433221941849097,0.015913978494623653,0.007956989247311827,,,0.9262365591397848,,,0.007956989247311827
experiments/cikm2026,lastfm,weighted_neumf,9,baseline,0.0,none,,0.159,0.4429755980721825,0.0,0.0799641824988788,0.11150533383342418,0.14947403482168234,0.2936900559942244,0.21372587349534558,0.08175281677302391,0.0799641824988788,,,3.943098047239082,0.05217076996521857,0.004731182795698924,,,,0.9481720430107525,,,
experiments/cikm2026,lastfm,weighted_neumf,9,baseline,0.0,none,,0.159,0.4429755980721825,0.0,0.0799641824988788,0.11150533383342418,0.14947403482168234,0.2936900559942244,0.21372587349534558,0.08175281677302391,0.0799641824988788,,,3.943098047239082,0.05217076996521857,0.004731182795698924,,,,0.9481720430107525,,,
experiments/cikm2026_SOTA,lastfm,weighted_neumf,9,baseline,0.0,none,,0.159,0.4429755980721825,0.0,0.0799641824988788,0.11150533383342418,0.14947403482168234,0.2936900559942244,0.21372587349534558,0.08175281677302391,0.0799641824988788,,,3.943098047239082,0.05217076996521857,0.004731182795698924,,,,0.9481720430107525,,,
experiments/cikm2026_SOTA,lastfm,weighted_neumf,9,baseline,0.0,none,,0.159,0.4429755980721825,0.0,0.0799641824988788,0.11150533383342418,0.14947403482168234,0.2936900559942244,0.21372587349534558,0.08175281677302391,0.0799641824988788,,,3.943098047239082,0.05217076996521857,0.004731182795698924,,,,0.9481720430107525,,,
experiments/cikm2026_SOTA,lastfm,weighted_neumf,9,baseline,0.0,none,,0.159,0.4429755980721825,0.0,0.0799641824988788,0.11150533383342418,0.14947403482168234,0.2936900559942244,0.21372587349534558,0.08175281677302391,0.0799641824988788,,,3.943098047239082,0.05217076996521857,0.004731182795698924,,,,0.9481720430107525,,,
experiments/cikm2026_SOTA,lastfm,weighted_neumf,9,baseline,0.0,none,,0.159,0.4429755980721825,0.0,0.0799641824988788,0.11150533383342418,0.14947403482168234,0.2936900559942244,0.21372587349534558,0.08175281677302391,0.0799641824988788,,,3.943098047239082,0.05217076996521857,0.004731182795698924,,,,0.9481720430107525,,,
experiments/cikm2026_SOTA,lastfm,weighted_neumf,9,baseline,0.0,none,,0.159,0.4429755980721825,0.0,0.0799641824988788,0.11150533383342418,0.14947403482168234,0.2936900559942244,0.21372587349534558,0.08175281677302391,0.0799641824988788,,,3.943098047239082,0.05217076996521857,0.004731182795698924,,,,0.9481720430107525,,,
experiments/cikm2026,lastfm,weighted_neumf,0,alpha_0.1,0.1,none,,0.1525,0.43822506728661986,0.0011146496815286624,0.0730767890222114,0.10033655791850107,0.1495945909559118,0.285806445445737,0.21272965642352562,0.08186539181667096,0.0730767890222114,0.1217266286826576,-0.2581988897471611,3.904636159039759,0.08009866102889358,0.010749050899088407,0.004516129032258063,0.050621746345677204,0.01978494623655913,0.9116129032258062,,,0.004516129032258063
experiments/cikm2026,lastfm,weighted_neumf,0,alpha_0.1_beta_0.3,0.1,none,,0.1525,0.43822506728661986,0.0011146496815286624,0.0730767890222114,0.10033655791850107,0.1495945909559118,0.285806445445737,0.21272965642352562,0.08186539181667096,0.0730767890222114,0.1217266286826576,-0.2581988897471611,3.904636159039759,0.08009866102889358,0.010749050899088407,0.004516129032258063,0.050621746345677204,0.01978494623655913,0.9116129032258062,,,0.004516129032258063
experiments/cikm2026,lastfm,weighted_neumf,0,alpha_0.1_beta_0.0,0.1,none,,0.1525,0.43822506728661986,0.0011146496815286624,0.0730767890222114,0.10033655791850107,0.1495945909559118,0.285806445445737,0.21272965642352562,0.08186539181667096,0.0730767890222114,0.1217266286826576,-0.2581988897471611,3.904636159039759,0.08009866102889358,0.010749050899088407,0.004516129032258063,0.050621746345677204,0.01978494623655913,0.9116129032258062,,,0.004516129032258063
experiments/cikm2026,lastfm,weighted_neumf,0,alpha_0.1_beta_0.1,0.1,none,,0.1525,0.43822506728661986,0.0011146496815286624,0.0730767890222114,0.10033655791850107,0.1495945909559118,0.285806445445737,0.21272965642352562,0.08186539181667096,0.0730767890222114,0.1217266286826576,-0.2581988897471611,3.904636159039759,0.08009866102889358,0.010749050899088407,0.004516129032258063,0.050621746345677204,0.01978494623655913,0.9116129032258062,,,0.004516129032258063
experiments/cikm2026,lastfm,weighted_neumf,0,alpha_0.1_beta_0.5,0.1,none,,0.1525,0.43822506728661986,0.0011146496815286624,0.0730767890222114,0.10033655791850107,0.1495945909559118,0.285806445445737,0.21272965642352562,0.08186539181667096,0.0730767890222114,0.1217266286826576,-0.2581988897471611,3.904636159039759,0.08009866102889358,0.010749050899088407,0.004516129032258063,0.050621746345677204,0.01978494623655913,0.9116129032258062,,,0.004516129032258063
experiments/cikm2026_SOTA,lastfm,weighted_neumf,0,alpha_0.1_beta_0.0,0.1,none,,0.1525,0.43822506728661986,0.0011146496815286624,0.0730767890222114,0.10033655791850107,0.1495945909559118,0.285806445445737,0.21272965642352562,0.08186539181667096,0.0730767890222114,0.1217266286826576,-0.2581988897471611,3.904636159039759,0.08009866102889358,0.010749050899088407,0.004516129032258063,0.050621746345677204,0.01978494623655913,0.9116129032258062,,,0.004516129032258063
experiments/cikm2026,lastfm,weighted_neumf,1,alpha_0.1_beta_0.0,0.1,none,,0.1455,0.441993644781312,0.0009023354564755839,0.07200443618631609,0.10843070080931162,0.14280565142481583,0.2575023823345114,0.18549794614819531,0.06951102268829909,0.07200443618631609,0.23407924243622413,0.2581988897471611,3.935162881629498,0.055804860305985575,0.005376344086021504,0.003655913978494623,0.036070835890790756,0.01634408602150539,0.9415053763440858,,,0.003655913978494623
experiments/cikm2026_SOTA,lastfm,weighted_neumf,1,alpha_0.1_beta_0.0,0.1,none,,0.1455,0.441993644781312,0.0009023354564755839,0.07200443618631609,0.10843070080931162,0.14280565142481583,0.2575023823345114,0.18549794614819531,0.06951102268829909,0.07200443618631609,0.23407924243622413,0.2581988897471611,3.935162881629498,0.055804860305985575,0.005376344086021504,0.003655913978494623,0.036070835890790756,0.01634408602150539,0.9415053763440858,,,0.003655913978494623
experiments/cikm2026,lastfm,weighted_neumf,2,alpha_0.1_beta_0.0,0.1,none,,0.146,0.44602761505732047,0.0001592356687898089,0.0652005998929324,0.10497525958635782,0.14904956158841035,0.26334287370679205,0.19814227381385963,0.07414463867056605,0.0652005998929324,0.015685867116770946,-0.2581988897471611,3.9677855827593254,0.028558503262179177,0.0030107526881720426,0.0006451612903225805,0.007712837300234174,0.0030107526881720803,0.9703225806451611,,,0.0006451612903225805
experiments/cikm2026_SOTA,lastfm,weighted_neumf,2,alpha_0.1_beta_0.0,0.1,none,,0.146,0.44602761505732047,0.0001592356687898089,0.0652005998929324,0.10497525958635782,0.14904956158841035,0.26334287370679205,0.19814227381385963,0.07414463867056605,0.0652005998929324,0.015685867116770946,-0.2581988897471611,3.9677855827593254,0.028558503262179177,0.0030107526881720426,0.0006451612903225805,0.007712837300234174,0.0030107526881720803,0.9703225806451611,,,0.0006451612903225805
experiments/cikm2026,lastfm,weighted_neumf,3,alpha_0.1_beta_0.0,0.1,none,,0.1542,0.4405339844840721,0.0009023354564755839,0.06934538150416227,0.10813930889663312,0.15817331069104168,0.27960413934392064,0.2102587578397584,0.07915694482232927,0.06934538150416227,-0.42560806350886604,-0.316227766016838,3.9233531110050235,0.06310213917115641,0.009892473118279567,0.0036522767055400204,0.04337538930187088,0.01978494623655913,0.9307526881720428,,,0.0034408602150537626
experiments/cikm2026_SOTA,lastfm,weighted_neumf,3,alpha_0.1_beta_0.0,0.1,none,,0.1542,0.4405339844840721,0.0009023354564755839,0.06934538150416227,0.10813930889663312,0.15817331069104168,0.27960413934392064,0.2102587578397584,0.07915694482232927,0.06934538150416227,-0.42560806350886604,-0.316227766016838,3.9233531110050235,0.06310213917115641,0.009892473118279567,0.0036522767055400204,0.04337538930187088,0.01978494623655913,0.9307526881720428,,,0.0034408602150537626
experiments/cikm2026,lastfm,weighted_neumf,4,alpha_0.1_beta_0.0,0.1,none,,0.1483,0.4410647700467048,0.0009023354564755839,0.07580864866556003,0.11388970521675629,0.15098466988634493,0.2514770689597902,0.1756684202942302,0.06536724918701937,0.07580864866556003,,,3.9276469117279316,0.06633158289572391,0.002365591397849462,0.003655913978494623,0.04336084021005261,0.01935483870967747,0.9346236559139783,,,0.003655913978494623
experiments/cikm2026_SOTA,lastfm,weighted_neumf,4,alpha_0.1_beta_0.0,0.1,none,,0.1483,0.4410647700467048,0.0009023354564755839,0.07580864866556003,0.11388970521675629,0.15098466988634493,0.2514770689597902,0.1756684202942302,0.06536724918701937,0.07580864866556003,,,3.9276469117279316,0.06633158289572391,0.002365591397849462,0.003655913978494623,0.04336084021005261,0.01935483870967747,0.9346236559139783,,,0.003655913978494623
experiments/cikm2026,lastfm,weighted_neumf,5,alpha_0.1_beta_0.0,0.1,none,,0.1546,0.4412770842717579,0.0015923566878980893,0.07796142737328002,0.11116014987217908,0.14651726163297138,0.28143119245435366,0.20346976508107364,0.07731676924853975,0.07796142737328002,-0.49274730086031543,-0.2581988897471611,3.929381890927276,0.06008047466412056,0.004086021505376344,0.006451612903225806,0.01887380936143137,0.007956989247311828,0.9372043010752686,,,0.006451612903225806
experiments/cikm2026_SOTA,lastfm,weighted_neumf,5,alpha_0.1_beta_0.0,0.1,none,,0.1546,0.4412770842717579,0.0015923566878980893,0.07796142737328002,0.11116014987217908,0.14651726163297138,0.28143119245435366,0.20346976508107364,0.07731676924853975,0.07796142737328002,-0.49274730086031543,-0.2581988897471611,3.929381890927276,0.06008047466412056,0.004086021505376344,0.006451612903225806,0.01887380936143137,0.007956989247311828,0.9372043010752686,,,0.006451612903225806
experiments/cikm2026,lastfm,weighted_neumf,6,alpha_0.1_beta_0.0,0.1,none,,0.1568,0.44286944095965597,0.0016985138004246285,0.07329410912091927,0.1149487827975249,0.15740513797174052,0.2802307657058425,0.20693665658492322,0.07739483495728872,0.07329410912091927,0.6971775019173835,0.7745966692414834,3.9422596558230456,0.04656118575098319,0.004297437995862602,0.006881720430107525,0.010650844529313964,0.002748414376321353,0.9486021505376342,,,0.006881720430107525
experiments/cikm2026_SOTA,lastfm,weighted_neumf,6,alpha_0.1_beta_0.0,0.1,none,,0.1568,0.44286944095965597,0.0016985138004246285,0.07329410912091927,0.1149487827975249,0.15740513797174052,0.2802307657058425,0.20693665658492322,0.07739483495728872,0.07329410912091927,0.6971775019173835,0.7745966692414834,3.9422596558230456,0.04656118575098319,0.004297437995862602,0.006881720430107525,0.010650844529313964,0.002748414376321353,0.9486021505376342,,,0.006881720430107525
experiments/cikm2026,lastfm,weighted_neumf,7,alpha_0.1_beta_0.0,0.1,none,,0.1497,0.4393927955244118,0.0015392781316348196,0.07186866704996013,0.10687232689672722,0.15672760897175134,0.2621343165554127,0.19026564950545255,0.0717328909024947,0.07186866704996013,-0.794057023185099,-0.7745966692414834,3.9141494464525213,0.07015890336220416,0.009455091045488643,0.006236559139784945,0.013246038782422915,0.002365591397849469,0.9240860215053761,,,0.006236559139784945
experiments/cikm2026_SOTA,lastfm,weighted_neumf,7,alpha_0.1_beta_0.0,0.1,none,,0.1497,0.4393927955244118,0.0015392781316348196,0.07186866704996013,0.10687232689672722,0.15672760897175134,0.2621343165554127,0.19026564950545255,0.0717328909024947,0.07186866704996013,-0.794057023185099,-0.7745966692414834,3.9141494464525213,0.07015890336220416,0.009455091045488643,0.006236559139784945,0.013246038782422915,0.002365591397849469,0.9240860215053761,,,0.006236559139784945
experiments/cikm2026,lastfm,weighted_neumf,8,alpha_0.1_beta_0.0,0.1,none,,0.1463,0.43843738151167294,0.003131634819532909,0.0762168466030169,0.10633259359346287,0.14563211486827765,0.25592653201693194,0.17970968541391502,0.06805726722599809,0.0762168466030169,0.43919696956094034,0.2581988897471611,3.9063456773284226,0.06419559435313373,0.016770556275432492,0.01268817204301075,0.031747936984246106,0.013548387096774195,0.9126881720430106,,,0.01268817204301075
experiments/cikm2026_SOTA,lastfm,weighted_neumf,8,alpha_0.1_beta_0.0,0.1,none,,0.1463,0.43843738151167294,0.003131634819532909,0.0762168466030169,0.10633259359346287,0.14563211486827765,0.25592653201693194,0.17970968541391502,0.06805726722599809,0.0762168466030169,0.43919696956094034,0.2581988897471611,3.9063456773284226,0.06419559435313373,0.016770556275432492,0.01268817204301075,0.031747936984246106,0.013548387096774195,0.9126881720430106,,,0.01268817204301075
experiments/cikm2026,lastfm,weighted_neumf,9,alpha_0.1_beta_0.0,0.1,none,,0.1567,0.44194056622504874,0.00047770700636942675,0.07343190305456576,0.10877500573586131,0.14918058375687643,0.29388065472205,0.22044875166748423,0.08382253284699544,0.07343190305456576,-0.9093534265166707,-0.7745966692414834,3.93473641137557,0.05451090045238581,0.008817204301075268,0.0019354838709677415,0.017568937688967647,0.006881720430107596,0.9412903225806449,,,0.0019354838709677415
experiments/cikm2026_SOTA,lastfm,weighted_neumf,9,alpha_0.1_beta_0.0,0.1,none,,0.1567,0.44194056622504874,0.00047770700636942675,0.07343190305456576,0.10877500573586131,0.14918058375687643,0.29388065472205,0.22044875166748423,0.08382253284699544,0.07343190305456576,-0.9093534265166707,-0.7745966692414834,3.93473641137557,0.05451090045238581,0.008817204301075268,0.0019354838709677415,0.017568937688967647,0.006881720430107596,0.9412903225806449,,,0.0019354838709677415
experiments/cikm2026,lastfm,weighted_neumf,0,alpha_0.2_beta_0.1,0.2,none,,0.1459,0.43769428172398717,0.0015923566878980893,0.06716536970468726,0.09837396085672387,0.14339544139024912,0.2733638685188805,0.20619849881419325,0.07859827226450289,0.06716536970468726,-0.6102040658907799,-0.7745966692414834,3.9004078292300344,0.08260656073109184,0.01053763440860215,0.006447975630271203,0.055637545750073805,0.01978494623655913,0.9116129032258062,,,0.006236559139784945
experiments/cikm2026,lastfm,weighted_neumf,0,alpha_0.2_beta_0.3,0.2,none,,0.1459,0.43769428172398717,0.0015923566878980893,0.06716536970468726,0.09837396085672387,0.14339544139024912,0.2733638685188805,0.20619849881419325,0.07859827226450289,0.06716536970468726,-0.6102040658907799,-0.7745966692414834,3.9004078292300344,0.08260656073109184,0.01053763440860215,0.006447975630271203,0.055637545750073805,0.01978494623655913,0.9116129032258062,,,0.006236559139784945
experiments/cikm2026,lastfm,weighted_neumf,0,alpha_0.2_beta_0.5,0.2,none,,0.1459,0.43769428172398717,0.0015923566878980893,0.06716536970468726,0.09837396085672387,0.14339544139024912,0.2733638685188805,0.20619849881419325,0.07859827226450289,0.06716536970468726,-0.6102040658907799,-0.7745966692414834,3.9004078292300344,0.08260656073109184,0.01053763440860215,0.006447975630271203,0.055637545750073805,0.01978494623655913,0.9116129032258062,,,0.006236559139784945
experiments/cikm2026,lastfm,weighted_neumf,0,alpha_0.2_beta_0.0,0.2,none,,0.1459,0.43769428172398717,0.0015923566878980893,0.06716536970468726,0.09837396085672387,0.14339544139024912,0.2733638685188805,0.20619849881419325,0.07859827226450289,0.06716536970468726,-0.6102040658907799,-0.7745966692414834,3.9004078292300344,0.08260656073109184,0.01053763440860215,0.006447975630271203,0.055637545750073805,0.01978494623655913,0.9116129032258062,,,0.006236559139784945
experiments/cikm2026,lastfm,weighted_neumf,0,alpha_0.2,0.2,none,,0.1459,0.43769428172398717,0.0015923566878980893,0.06716536970468726,0.09837396085672387,0.14339544139024912,0.2733638685188805,0.20619849881419325,0.07859827226450289,0.06716536970468726,-0.6102040658907799,-0.7745966692414834,3.9004078292300344,0.08260656073109184,0.01053763440860215,0.006447975630271203,0.055637545750073805,0.01978494623655913,0.9116129032258062,,,0.006236559139784945
experiments/cikm2026_SOTA,lastfm,weighted_neumf,0,alpha_0.2_beta_0.0,0.2,none,,0.1459,0.43769428172398717,0.0015923566878980893,0.06716536970468726,0.09837396085672387,0.14339544139024912,0.2733638685188805,0.20619849881419325,0.07859827226450289,0.06716536970468726,-0.6102040658907799,-0.7745966692414834,3.9004078292300344,0.08260656073109184,0.01053763440860215,0.006447975630271203,0.055637545750073805,0.01978494623655913,0.9116129032258062,,,0.006236559139784945
experiments/cikm2026,lastfm,weighted_neumf,1,alpha_0.2_beta_0.0,0.2,none,,0.1447,0.4387823921273842,0.0012738853503184713,0.06925432671285651,0.0991275070750623,0.1457895867886185,0.2632702414191015,0.19401591470624496,0.07387240656727706,0.06925432671285651,-0.11283531501086558,-0.2581988897471611,3.909286867171337,0.07953033712973695,0.006021505376344085,0.005161290322580644,0.08782286480711085,0.0337634408602151,0.9240860215053761,,,0.005161290322580644
experiments/cikm2026_SOTA,lastfm,weighted_neumf,1,alpha_0.2_beta_0.0,0.2,none,,0.1447,0.4387823921273842,0.0012738853503184713,0.06925432671285651,0.0991275070750623,0.1457895867886185,0.2632702414191015,0.19401591470624496,0.07387240656727706,0.06925432671285651,-0.11283531501086558,-0.2581988897471611,3.909286867171337,0.07953033712973695,0.006021505376344085,0.005161290322580644,0.08782286480711085,0.0337634408602151,0.9240860215053761,,,0.005161290322580644
experiments/cikm2026,lastfm,weighted_neumf,2,alpha_0.2_beta_0.0,0.2,none,,0.1443,0.445337593825898,0.0001592356687898089,0.05900211262028601,0.10315026218169697,0.14676382852563918,0.2667097958554916,0.20770768323520558,0.07739289327306068,0.05900211262028601,-0.6813240413829561,-0.7745966692414834,3.9621978221828176,0.0343613176021278,0.0027956989247311824,0.0006451612903225805,0.01719702652935956,0.008387096774193581,0.9649462365591396,,,0.0006451612903225805
experiments/cikm2026_SOTA,lastfm,weighted_neumf,2,alpha_0.2_beta_0.0,0.2,none,,0.1443,0.445337593825898,0.0001592356687898089,0.05900211262028601,0.10315026218169697,0.14676382852563918,0.2667097958554916,0.20770768323520558,0.07739289327306068,0.05900211262028601,-0.6813240413829561,-0.7745966692414834,3.9621978221828176,0.0343613176021278,0.0027956989247311824,0.0006451612903225805,0.01719702652935956,0.008387096774193581,0.9649462365591396,,,0.0006451612903225805
experiments/cikm2026,lastfm,weighted_neumf,3,alpha_0.2_beta_0.0,0.2,none,,0.1468,0.44005627747770265,0.0006369426751592356,0.06746947425640043,0.10806489967869874,0.14805973281961493,0.2623466728813212,0.19487719862492076,0.0727082602655912,0.06746947425640043,-0.772259821096847,-0.7745966692414834,3.9195003296278603,0.07254995567073586,0.005369069540112299,0.002580645161290322,0.03693832549046356,0.016989247311827937,0.9279569892473116,,,0.002580645161290322
experiments/cikm2026_SOTA,lastfm,weighted_neumf,3,alpha_0.2_beta_0.0,0.2,none,,0.1468,0.44005627747770265,0.0006369426751592356,0.06746947425640043,0.10806489967869874,0.14805973281961493,0.2623466728813212,0.19487719862492076,0.0727082602655912,0.06746947425640043,-0.772259821096847,-0.7745966692414834,3.9195003296278603,0.07254995567073586,0.005369069540112299,0.002580645161290322,0.03693832549046356,0.016989247311827937,0.9279569892473116,,,0.002580645161290322
experiments/cikm2026,lastfm,weighted_neumf,4,alpha_0.2_beta_0.0,0.2,none,,0.145,0.43997665964330773,0.0016985138004246285,0.06902814774131348,0.10603630501606547,0.14539167029534025,0.2583362010510676,0.1893080533097541,0.07094852908351496,0.06902814774131348,-0.334599916061485,-0.2581988897471611,3.9188515310645835,0.06932778649207755,0.004938962013230579,0.006881720430107525,0.033067357748528065,0.013978494623655913,0.9270967741935482,,,0.006881720430107525
experiments/cikm2026_SOTA,lastfm,weighted_neumf,4,alpha_0.2_beta_0.0,0.2,none,,0.145,0.43997665964330773,0.0016985138004246285,0.06902814774131348,0.10603630501606547,0.14539167029534025,0.2583362010510676,0.1893080533097541,0.07094852908351496,0.06902814774131348,-0.334599916061485,-0.2581988897471611,3.9188515310645835,0.06932778649207755,0.004938962013230579,0.006881720430107525,0.033067357748528065,0.013978494623655913,0.9270967741935482,,,0.006881720430107525
experiments/cikm2026,lastfm,weighted_neumf,5,alpha_0.2_beta_0.0,0.2,none,,0.1507,0.43926009913375363,0.0034501061571125266,0.07294965153351521,0.10806714362187952,0.14163212451824436,0.27871782219983016,0.20576817066631495,0.07799511641593802,0.07294965153351521,0.4337688500553017,0.2581988897471611,3.9130414421787254,0.05599445315874422,0.01698561003887335,0.013978494623655911,0.03994180363272637,0.018279569892473146,0.9210752688172041,,,0.013978494623655911
experiments/cikm2026_SOTA,lastfm,weighted_neumf,5,alpha_0.2_beta_0.0,0.2,none,,0.1507,0.43926009913375363,0.0034501061571125266,0.07294965153351521,0.10806714362187952,0.14163212451824436,0.27871782219983016,0.20576817066631495,0.07799511641593802,0.07294965153351521,0.4337688500553017,0.2581988897471611,3.9130414421787254,0.05599445315874422,0.01698561003887335,0.013978494623655911,0.03994180363272637,0.018279569892473146,0.9210752688172041,,,0.013978494623655911
experiments/cikm2026,lastfm,weighted_neumf,6,alpha_0.2_beta_0.0,0.2,none,,0.1526,0.4393131776900169,0.0025477707006369425,0.06726575858919881,0.11127393424121829,0.15413700405044448,0.2762053374519832,0.20893957886278441,0.077893905797219,0.06726575858919881,0.17875011217616563,0.10540925533894598,3.913507922435153,0.06585782809338697,0.010315306099252084,0.010318943372206686,0.06214735502057344,0.02473118279569897,0.9236559139784944,,,0.010107526881720428
experiments/cikm2026_SOTA,lastfm,weighted_neumf,6,alpha_0.2_beta_0.0,0.2,none,,0.1526,0.4393131776900169,0.0025477707006369425,0.06726575858919881,0.11127393424121829,0.15413700405044448,0.2762053374519832,0.20893957886278441,0.077893905797219,0.06726575858919881,0.17875011217616563,0.10540925533894598,3.913507922435153,0.06585782809338697,0.010315306099252084,0.010318943372206686,0.06214735502057344,0.02473118279569897,0.9236559139784944,,,0.010107526881720428
experiments/cikm2026,lastfm,weighted_neumf,7,alpha_0.2_beta_0.0,0.2,none,,0.1456,0.4423121161188916,0.000583864118895966,0.06338899758078191,0.10746666659751553,0.14834830655033782,0.2616973089298312,0.19830831134904925,0.07365184455282753,0.06338899758078191,0.3248770748771042,0.2581988897471611,3.93776898770147,0.05384755279729022,0.006017868103389483,0.002365591397849462,0.05070176635067855,0.023870967741935534,0.9455913978494622,,,0.002365591397849462
experiments/cikm2026_SOTA,lastfm,weighted_neumf,7,alpha_0.2_beta_0.0,0.2,none,,0.1456,0.4423121161188916,0.000583864118895966,0.06338899758078191,0.10746666659751553,0.14834830655033782,0.2616973089298312,0.19830831134904925,0.07365184455282753,0.06338899758078191,0.3248770748771042,0.2581988897471611,3.93776898770147,0.05384755279729022,0.006017868103389483,0.002365591397849462,0.05070176635067855,0.023870967741935534,0.9455913978494622,,,0.002365591397849462
experiments/cikm2026,lastfm,weighted_neumf,8,alpha_0.2_beta_0.0,0.2,none,,0.1437,0.4415159377749426,0.0006369426751592356,0.07055566469649328,0.10396943266024695,0.1424890781790976,0.2566488409776539,0.18609317628116062,0.07015553362907306,0.07055566469649328,0.11207207514723193,-0.2581988897471611,3.931321012071199,0.05921662233740252,0.006881720430107525,0.002580645161290322,0.03600536497760807,0.013118279569892533,0.9393548387096773,,,0.002580645161290322
experiments/cikm2026_SOTA,lastfm,weighted_neumf,8,alpha_0.2_beta_0.0,0.2,none,,0.1437,0.4415159377749426,0.0006369426751592356,0.07055566469649328,0.10396943266024695,0.1424890781790976,0.2566488409776539,0.18609317628116062,0.07015553362907306,0.07055566469649328,0.11207207514723193,-0.2581988897471611,3.931321012071199,0.05921662233740252,0.006881720430107525,0.002580645161290322,0.03600536497760807,0.013118279569892533,0.9393548387096773,,,0.002580645161290322
experiments/cikm2026,lastfm,weighted_neumf,9,alpha_0.2_beta_0.0,0.2,none,,0.1509,0.44013589531209757,0.000743099787685775,0.06823848030509924,0.10310970977910813,0.1457292774304747,0.2851237097627967,0.21688522945769748,0.08240007605547729,0.06823848030509924,-0.7336569954253299,-0.7745966692414834,3.9201163927345464,0.06203414489986132,0.014838709677419352,0.0030107526881720426,0.048500306894905615,0.021290322580645227,0.9268817204301073,,,0.0030107526881720426
experiments/cikm2026_SOTA,lastfm,weighted_neumf,9,alpha_0.2_beta_0.0,0.2,none,,0.1509,0.44013589531209757,0.000743099787685775,0.06823848030509924,0.10310970977910813,0.1457292774304747,0.2851237097627967,0.21688522945769748,0.08240007605547729,0.06823848030509924,-0.7336569954253299,-0.7745966692414834,3.9201163927345464,0.06203414489986132,0.014838709677419352,0.0030107526881720426,0.048500306894905615,0.021290322580645227,0.9268817204301073,,,0.0030107526881720426
experiments/cikm2026,lastfm,weighted_neumf,0,alpha_0.4_beta_0.1,0.4,none,,0.1429,0.4402155131464925,0.0016454352441613589,0.06049038229759186,0.09315061670297702,0.14268401295302835,0.27370474677977635,0.2132143644821845,0.0812029221216949,0.06049038229759186,-0.46085682970008923,-0.7745966692414834,3.9207761031166877,0.062019595808042914,0.01053763440860215,0.006666666666666665,0.01963218077246562,0.0049462365591397845,0.9283870967741934,,,0.006666666666666665
experiments/cikm2026,lastfm,weighted_neumf,0,alpha_0.4_beta_0.3,0.4,none,,0.1429,0.4402155131464925,0.0016454352441613589,0.06049038229759186,0.09315061670297702,0.14268401295302835,0.27370474677977635,0.2132143644821845,0.0812029221216949,0.06049038229759186,-0.46085682970008923,-0.7745966692414834,3.9207761031166877,0.062019595808042914,0.01053763440860215,0.006666666666666665,0.01963218077246562,0.0049462365591397845,0.9283870967741934,,,0.006666666666666665
experiments/cikm2026,lastfm,weighted_neumf,0,alpha_0.4,0.4,none,,0.1429,0.4402155131464925,0.0016454352441613589,0.06049038229759186,0.09315061670297702,0.14268401295302835,0.27370474677977635,0.2132143644821845,0.0812029221216949,0.06049038229759186,-0.46085682970008923,-0.7745966692414834,3.9207761031166877,0.062019595808042914,0.01053763440860215,0.006666666666666665,0.01963218077246562,0.0049462365591397845,0.9283870967741934,,,0.006666666666666665
experiments/cikm2026,lastfm,weighted_neumf,0,alpha_0.4_beta_0.5,0.4,none,,0.1429,0.4402155131464925,0.0016454352441613589,0.06049038229759186,0.09315061670297702,0.14268401295302835,0.27370474677977635,0.2132143644821845,0.0812029221216949,0.06049038229759186,-0.46085682970008923,-0.7745966692414834,3.9207761031166877,0.062019595808042914,0.01053763440860215,0.006666666666666665,0.01963218077246562,0.0049462365591397845,0.9283870967741934,,,0.006666666666666665
experiments/cikm2026,lastfm,weighted_neumf,0,alpha_0.4_beta_0.0,0.4,none,,0.1429,0.4402155131464925,0.0016454352441613589,0.06049038229759186,0.09315061670297702,0.14268401295302835,0.27370474677977635,0.2132143644821845,0.0812029221216949,0.06049038229759186,-0.46085682970008923,-0.7745966692414834,3.9207761031166877,0.062019595808042914,0.01053763440860215,0.006666666666666665,0.01963218077246562,0.0049462365591397845,0.9283870967741934,,,0.006666666666666665
experiments/cikm2026_SOTA,lastfm,weighted_neumf,0,alpha_0.4_beta_0.0,0.4,none,,0.1429,0.4402155131464925,0.0016454352441613589,0.06049038229759186,0.09315061670297702,0.14268401295302835,0.27370474677977635,0.2132143644821845,0.0812029221216949,0.06049038229759186,-0.46085682970008923,-0.7745966692414834,3.9207761031166877,0.062019595808042914,0.01053763440860215,0.006666666666666665,0.01963218077246562,0.0049462365591397845,0.9283870967741934,,,0.006666666666666665
experiments/cikm2026,lastfm,weighted_neumf,1,alpha_0.4_beta_0.0,0.4,none,,0.136,0.4395520311932016,0.0008492569002123143,0.058658581091377726,0.09633799888196927,0.13733490349599636,0.2503098824403745,0.19165130134899677,0.07180327139259343,0.058658581091377726,-0.902808705151364,-0.316227766016838,3.91554524994885,0.07242265111732478,0.008594875991725204,0.0034372229420991606,0.07530609925208574,0.026236559139784954,0.9316129032258063,,,0.003225806451612903
experiments/cikm2026_SOTA,lastfm,weighted_neumf,1,alpha_0.4_beta_0.0,0.4,none,,0.136,0.4395520311932016,0.0008492569002123143,0.058658581091377726,0.09633799888196927,0.13733490349599636,0.2503098824403745,0.19165130134899677,0.07180327139259343,0.058658581091377726,-0.902808705151364,-0.316227766016838,3.91554524994885,0.07242265111732478,0.008594875991725204,0.0034372229420991606,0.07530609925208574,0.026236559139784954,0.9316129032258063,,,0.003225806451612903
experiments/cikm2026,lastfm,weighted_neumf,2,alpha_0.4_beta_0.0,0.4,none,,0.1364,0.44228557684076,0.0002653927813163482,0.05792218326513522,0.09804970786953146,0.13339192616349427,0.254780658571142,0.1968584753060068,0.07357311299021319,0.05792218326513522,0.43021439131371014,0.7745966692414834,3.9375721203028022,0.05791538793789355,0.0034372229420991606,0.0010752688172043009,0.0656027643274455,0.026881720430107503,0.9464516129032257,,,0.0010752688172043009
experiments/cikm2026_SOTA,lastfm,weighted_neumf,2,alpha_0.4_beta_0.0,0.4,none,,0.1364,0.44228557684076,0.0002653927813163482,0.05792218326513522,0.09804970786953146,0.13339192616349427,0.254780658571142,0.1968584753060068,0.07357311299021319,0.05792218326513522,0.43021439131371014,0.7745966692414834,3.9375721203028022,0.05791538793789355,0.0034372229420991606,0.0010752688172043009,0.0656027643274455,0.026881720430107503,0.9464516129032257,,,0.0010752688172043009
experiments/cikm2026,lastfm,weighted_neumf,3,alpha_0.4_beta_0.0,0.4,none,,0.1425,0.44064014159659864,0.0009554140127388535,0.05765501766614095,0.10095508960343694,0.13924689466536522,0.27051396308877723,0.21285894542263628,0.07956466648011205,0.05765501766614095,-0.16464286275633966,-0.316227766016838,3.924264247880151,0.06305121734979198,0.008817204301075268,0.0038673304689808806,0.054499988633522095,0.023655913978494647,0.9346236559139783,,,0.003655913978494623
experiments/cikm2026_SOTA,lastfm,weighted_neumf,3,alpha_0.4_beta_0.0,0.4,none,,0.1425,0.44064014159659864,0.0009554140127388535,0.05765501766614095,0.10095508960343694,0.13924689466536522,0.27051396308877723,0.21285894542263628,0.07956466648011205,0.05765501766614095,-0.16464286275633966,-0.316227766016838,3.924264247880151,0.06305121734979198,0.008817204301075268,0.0038673304689808806,0.054499988633522095,0.023655913978494647,0.9346236559139783,,,0.003655913978494623
experiments/cikm2026,lastfm,weighted_neumf,4,alpha_0.4_beta_0.0,0.4,none,,0.1359,0.43949895263693833,0.0006369426751592356,0.060944547550500425,0.09931142641195691,0.1390339349719772,0.24300272130369457,0.18205817375319416,0.06789225052290343,0.060944547550500425,0.43026586352741514,0.2581988897471611,3.915056946054695,0.07829093637045623,0.004071472413557934,0.002580645161290322,0.03171156425469997,0.012473118279569873,0.9277419354838707,,,0.002580645161290322
experiments/cikm2026_SOTA,lastfm,weighted_neumf,4,alpha_0.4_beta_0.0,0.4,none,,0.1359,0.43949895263693833,0.0006369426751592356,0.060944547550500425,0.09931142641195691,0.1390339349719772,0.24300272130369457,0.18205817375319416,0.06789225052290343,0.060944547550500425,0.43026586352741514,0.2581988897471611,3.915056946054695,0.07829093637045623,0.004071472413557934,0.002580645161290322,0.03171156425469997,0.012473118279569873,0.9277419354838707,,,0.002580645161290322
experiments/cikm2026,lastfm,weighted_neumf,5,alpha_0.4_beta_0.0,0.4,none,,0.1452,0.4405339844840721,0.0011146496815286624,0.06296948139990871,0.10011452944865926,0.14777775842897925,0.2684812594049636,0.20551177800505488,0.07745795780891863,0.06296948139990871,0.17233744863759654,-0.316227766016838,3.9233858464616147,0.06715542521994132,0.004946236559139784,0.004512491759303462,0.03344654345404527,0.013763440860215054,0.9326881720430106,,,0.004301075268817203
experiments/cikm2026_SOTA,lastfm,weighted_neumf,5,alpha_0.4_beta_0.0,0.4,none,,0.1452,0.4405339844840721,0.0011146496815286624,0.06296948139990871,0.10011452944865926,0.14777775842897925,0.2684812594049636,0.20551177800505488,0.07745795780891863,0.06296948139990871,0.17233744863759654,-0.316227766016838,3.9233858464616147,0.06715542521994132,0.004946236559139784,0.004512491759303462,0.03344654345404527,0.013763440860215054,0.9326881720430106,,,0.004301075268817203
experiments/cikm2026,lastfm,weighted_neumf,6,alpha_0.4_beta_0.0,0.4,none,,0.1421,0.44143631994054766,0.00148619957537155,0.05940467782259538,0.10075426017667508,0.13986565826643715,0.2668527757089057,0.20744809788631033,0.07764607884915338,0.05940467782259538,0.5627184696738053,0.632455532033676,3.9306649389620123,0.059883607265452714,0.003433585669144558,0.006017868103389483,0.034715042396962895,0.013548387096774195,0.9380645161290321,,,0.0058064516129032245
experiments/cikm2026_SOTA,lastfm,weighted_neumf,6,alpha_0.4_beta_0.0,0.4,none,,0.1421,0.44143631994054766,0.00148619957537155,0.05940467782259538,0.10075426017667508,0.13986565826643715,0.2668527757089057,0.20744809788631033,0.07764607884915338,0.05940467782259538,0.5627184696738053,0.632455532033676,3.9306649389620123,0.059883607265452714,0.003433585669144558,0.006017868103389483,0.034715042396962895,0.013548387096774195,0.9380645161290321,,,0.0058064516129032245
experiments/cikm2026,lastfm,weighted_neumf,7,alpha_0.4_beta_0.0,0.4,none,,0.1383,0.44148939849681096,0.0009023354564755839,0.060049857966860104,0.09832906381928702,0.13786981878849763,0.255813378846266,0.19576352087940588,0.07336555056369592,0.060049857966860104,-0.3785000557218205,-0.2581988897471611,3.931098683761849,0.06072927322739775,0.004516129032258063,0.003655913978494623,0.036938325490463456,0.016989247311827937,0.9387096774193546,,,0.003655913978494623
experiments/cikm2026_SOTA,lastfm,weighted_neumf,7,alpha_0.4_beta_0.0,0.4,none,,0.1383,0.44148939849681096,0.0009023354564755839,0.060049857966860104,0.09832906381928702,0.13786981878849763,0.255813378846266,0.19576352087940588,0.07336555056369592,0.060049857966860104,-0.3785000557218205,-0.2581988897471611,3.931098683761849,0.06072927322739775,0.004516129032258063,0.003655913978494623,0.036938325490463456,0.016989247311827937,0.9387096774193546,,,0.003655913978494623
experiments/cikm2026,lastfm,weighted_neumf,8,alpha_0.4_beta_0.0,0.4,none,,0.1383,0.4413832413842844,0.0004246284501061571,0.058465974304365766,0.09682109603578921,0.13598721430101618,0.26069139741247005,0.2022254231081043,0.07595820131149736,0.058465974304365766,0.7092973467868224,0.7745966692414834,3.9302857532564954,0.06176816931505603,0.006225647320921139,0.0017204301075268813,0.044957603037122824,0.01440860215053763,0.9406451612903224,,,0.0017204301075268813
experiments/cikm2026_SOTA,lastfm,weighted_neumf,8,alpha_0.4_beta_0.0,0.4,none,,0.1383,0.4413832413842844,0.0004246284501061571,0.058465974304365766,0.09682109603578921,0.13598721430101618,0.26069139741247005,0.2022254231081043,0.07595820131149736,0.058465974304365766,0.7092973467868224,0.7745966692414834,3.9302857532564954,0.06176816931505603,0.006225647320921139,0.0017204301075268813,0.044957603037122824,0.01440860215053763,0.9406451612903224,,,0.0017204301075268813
experiments/cikm2026,lastfm,weighted_neumf,9,alpha_0.4_beta_0.0,0.4,none,,0.1428,0.43790659594904024,0.0012738853503184713,0.05412965357723957,0.09096591045331148,0.1388185744378549,0.2856613935854323,0.23153174000819274,0.08799683655751231,0.05412965357723957,-0.7641032255703012,-0.7745966692414834,3.902190092977789,0.0793225579122053,0.013326058787424128,0.005161290322580644,0.08181590852258527,0.031182795698924792,0.9169892473118277,,,0.005161290322580644
experiments/cikm2026_SOTA,lastfm,weighted_neumf,9,alpha_0.4_beta_0.0,0.4,none,,0.1428,0.43790659594904024,0.0012738853503184713,0.05412965357723957,0.09096591045331148,0.1388185744378549,0.2856613935854323,0.23153174000819274,0.08799683655751231,0.05412965357723957,-0.7641032255703012,-0.7745966692414834,3.902190092977789,0.0793225579122053,0.013326058787424128,0.005161290322580644,0.08181590852258527,0.031182795698924792,0.9169892473118277,,,0.005161290322580644
experiments/cikm2026,lastfm,weighted_neumf,0,alpha_0.8,0.8,none,,0.1296,0.4383312243991464,0.0007961783439490446,0.04776839608683904,0.0906679218704616,0.12236465312025628,0.2562113282805321,0.2084429321936931,0.07793332947405741,0.04776839608683904,0.39498509469294085,0.7378647873726218,3.9056891495601165,0.0872213507922435,0.003870967741935483,0.003218531905703698,0.055397485735070015,0.012688172043010745,0.9238709677419353,,,0.0027956989247311824
experiments/cikm2026_SOTA,lastfm,weighted_neumf,0,alpha_0.8_beta_0.0,0.8,none,,0.1296,0.4383312243991464,0.0007961783439490446,0.04776839608683904,0.0906679218704616,0.12236465312025628,0.2562113282805321,0.2084429321936931,0.07793332947405741,0.04776839608683904,0.39498509469294085,0.7378647873726218,3.9056891495601165,0.0872213507922435,0.003870967741935483,0.003218531905703698,0.055397485735070015,0.012688172043010745,0.9238709677419353,,,0.0027956989247311824
experiments/cikm2026,lastfm,weighted_neumf,1,alpha_0.8_beta_0.0,0.8,none,,0.119,0.4388354706836475,0.0007961783439490446,0.04067839395225255,0.0784933953406042,0.12462555619956996,0.23100319336390196,0.19032479941164943,0.07132857338479172,0.04067839395225255,-0.7551016241498867,-0.632455532033676,3.9098406419786755,0.08265429993862101,0.004286526176998795,0.003218531905703698,0.08714542271931619,0.026021505376344067,0.9318279569892471,,,0.0027956989247311824
experiments/cikm2026_SOTA,lastfm,weighted_neumf,1,alpha_0.8_beta_0.0,0.8,none,,0.119,0.4388354706836475,0.0007961783439490446,0.04067839395225255,0.0784933953406042,0.12462555619956996,0.23100319336390196,0.19032479941164943,0.07132857338479172,0.04067839395225255,-0.7551016241498867,-0.632455532033676,3.9098406419786755,0.08265429993862101,0.004286526176998795,0.003218531905703698,0.08714542271931619,0.026021505376344067,0.9318279569892471,,,0.0027956989247311824
experiments/cikm2026,lastfm,weighted_neumf,2,alpha_0.8_beta_0.0,0.8,none,,0.1213,0.438941627796174,0.0006369426751592356,0.0436065479816622,0.08306820466452215,0.11087238112300522,0.2463596612148492,0.202753113233187,0.07623348782673041,0.0436065479816622,0.22652378847369076,0.2581988897471611,3.9105699152060738,0.07976357725795084,0.007085862374684579,0.002580645161290322,0.1196071745209029,0.048387096774193505,0.9249462365591397,,,0.002580645161290322
experiments/cikm2026_SOTA,lastfm,weighted_neumf,2,alpha_0.8_beta_0.0,0.8,none,,0.1213,0.438941627796174,0.0006369426751592356,0.0436065479816622,0.08306820466452215,0.11087238112300522,0.2463596612148492,0.202753113233187,0.07623348782673041,0.0436065479816622,0.22652378847369076,0.2581988897471611,3.9105699152060738,0.07976357725795084,0.007085862374684579,0.002580645161290322,0.1196071745209029,0.048387096774193505,0.9249462365591397,,,0.002580645161290322
experiments/cikm2026,lastfm,weighted_neumf,3,alpha_0.8_beta_0.0,0.8,none,,0.1278,0.43594268936729924,0.001167728237791932,0.04240878288144137,0.08029672551862885,0.12250421259766027,0.2644889671040174,0.22208018422257605,0.08405292477847111,0.04240878288144137,-0.17438564346206925,-0.21081851067789195,3.88632703630453,0.09970174361772259,0.009243674555002385,0.0047275455227443215,0.03792311714292193,0.008668076109936584,0.9040860215053762,,,0.004516129032258063
experiments/cikm2026_SOTA,lastfm,weighted_neumf,3,alpha_0.8_beta_0.0,0.8,none,,0.1278,0.43594268936729924,0.001167728237791932,0.04240878288144137,0.08029672551862885,0.12250421259766027,0.2644889671040174,0.22208018422257605,0.08405292477847111,0.04240878288144137,-0.17438564346206925,-0.21081851067789195,3.88632703630453,0.09970174361772259,0.009243674555002385,0.0047275455227443215,0.03792311714292193,0.008668076109936584,0.9040860215053762,,,0.004516129032258063
experiments/cikm2026,lastfm,weighted_neumf,4,alpha_0.8_beta_0.0,0.8,none,,0.1219,0.43411147917621645,0.0009023354564755839,0.04570674084434369,0.07726490382245811,0.12328170765276283,0.23998009657716152,0.19427335573281784,0.07372593846430416,0.04570674084434369,,,3.871513787537793,0.11087362749778351,0.013956670985928298,0.003655913978494623,0.06890540817022432,0.024516129032258083,0.8907526881720428,,,0.003655913978494623
experiments/cikm2026_SOTA,lastfm,weighted_neumf,4,alpha_0.8_beta_0.0,0.8,none,,0.1219,0.43411147917621645,0.0009023354564755839,0.04570674084434369,0.07726490382245811,0.12328170765276283,0.23998009657716152,0.19427335573281784,0.07372593846430416,0.04570674084434369,,,3.871513787537793,0.11087362749778351,0.013956670985928298,0.003655913978494623,0.06890540817022432,0.024516129032258083,0.8907526881720428,,,0.003655913978494623
experiments/cikm2026,lastfm,weighted_neumf,5,alpha_0.8_beta_0.0,0.8,none,,0.1292,0.4363407785392738,0.001167728237791932,0.049241371188382226,0.0821830200901739,0.11946465067958163,0.2647017146371777,0.21546034344879544,0.08224825963185758,0.049241371188382226,0.08699959033282141,0.2581988897471611,3.8895492054831884,0.09733615221987313,0.008383459501238946,0.004731182795698924,0.09380799745390886,0.035698924731182795,0.9070967741935482,,,0.004731182795698924
experiments/cikm2026_SOTA,lastfm,weighted_neumf,5,alpha_0.8_beta_0.0,0.8,none,,0.1292,0.4363407785392738,0.001167728237791932,0.049241371188382226,0.0821830200901739,0.11946465067958163,0.2647017146371777,0.21546034344879544,0.08224825963185758,0.049241371188382226,0.08699959033282141,0.2581988897471611,3.8895492054831884,0.09733615221987313,0.008383459501238946,0.004731182795698924,0.09380799745390886,0.035698924731182795,0.9070967741935482,,,0.004731182795698924
experiments/cikm2026,lastfm,weighted_neumf,6,alpha_0.8_beta_0.0,0.8,none,,0.1262,0.4380127530615668,0.0003715498938428875,0.03907871186939546,0.08032421860185539,0.12402061783038838,0.2597563559271128,0.22067764405771736,0.0829700245601085,0.03907871186939546,0.07449907993326615,-0.632455532033676,3.9030830434881443,0.08854804610243468,0.006870808611243719,0.0014981017981768167,0.09245947850599026,0.03333333333333333,0.9197849462365589,,,0.0010752688172043009
experiments/cikm2026_SOTA,lastfm,weighted_neumf,6,alpha_0.8_beta_0.0,0.8,none,,0.1262,0.4380127530615668,0.0003715498938428875,0.03907871186939546,0.08032421860185539,0.12402061783038838,0.2597563559271128,0.22067764405771736,0.0829700245601085,0.03907871186939546,0.07449907993326615,-0.632455532033676,3.9030830434881443,0.08854804610243468,0.006870808611243719,0.0014981017981768167,0.09245947850599026,0.03333333333333333,0.9197849462365589,,,0.0010752688172043009
experiments/cikm2026,lastfm,weighted_neumf,7,alpha_0.8_beta_0.0,0.8,none,,0.1155,0.4372165747176177,0.0006369426751592356,0.043801850585617065,0.07927277933304572,0.10928433396050932,0.22851241267223718,0.18471056208662012,0.0693958889655787,0.043801850585617065,-0.6425527599166817,-0.7745966692414834,3.8966241560390094,0.08855168337538928,0.01224351542431062,0.002580645161290322,0.04530041601309413,0.010107526881720424,0.9129032258064514,,,0.002580645161290322
experiments/cikm2026_SOTA,lastfm,weighted_neumf,7,alpha_0.8_beta_0.0,0.8,none,,0.1155,0.4372165747176177,0.0006369426751592356,0.043801850585617065,0.07927277933304572,0.10928433396050932,0.22851241267223718,0.18471056208662012,0.0693958889655787,0.043801850585617065,-0.6425527599166817,-0.7745966692414834,3.8966241560390094,0.08855168337538928,0.01224351542431062,0.002580645161290322,0.04530041601309413,0.010107526881720424,0.9129032258064514,,,0.002580645161290322
experiments/cikm2026,lastfm,weighted_neumf,8,alpha_0.8_beta_0.0,0.8,none,,0.1213,0.43225372970700204,0.0009554140127388535,0.04309472594438125,0.0731802650580484,0.12117288690986262,0.24639722312062917,0.20330249717624793,0.07758937787066206,0.04309472594438125,0.40865971665828293,0.19999999999999998,3.8566455250176173,0.13220805201300323,0.007290004319261633,0.003856418650117074,0.15997999499874963,0.054408602150537624,0.8866666666666665,,,0.0030107526881720426
experiments/cikm2026_SOTA,lastfm,weighted_neumf,8,alpha_0.8_beta_0.0,0.8,none,,0.1213,0.43225372970700204,0.0009554140127388535,0.04309472594438125,0.0731802650580484,0.12117288690986262,0.24639722312062917,0.20330249717624793,0.07758937787066206,0.04309472594438125,0.40865971665828293,0.19999999999999998,3.8566455250176173,0.13220805201300323,0.007290004319261633,0.003856418650117074,0.15997999499874963,0.054408602150537624,0.8866666666666665,,,0.0030107526881720426
experiments/cikm2026,lastfm,weighted_neumf,9,alpha_0.8_beta_0.0,0.8,none,,0.1293,0.43814544945222494,0.0002653927813163482,0.04717265563761609,0.08207990669842308,0.11781388030890157,0.26888938583563754,0.22171673019802146,0.08454492666071618,0.04717265563761609,-0.6100024133064355,-0.632455532033676,3.9041037532110296,0.08881038441428538,0.00601423083043488,0.0010716315442496984,0.07798858805610488,0.030537634408602132,0.9176344086021504,,,0.0008602150537634406
experiments/cikm2026_SOTA,lastfm,weighted_neumf,9,alpha_0.8_beta_0.0,0.8,none,,0.1293,0.43814544945222494,0.0002653927813163482,0.04717265563761609,0.08207990669842308,0.11781388030890157,0.26888938583563754,0.22171673019802146,0.08454492666071618,0.04717265563761609,-0.6100024133064355,-0.632455532033676,3.9041037532110296,0.08881038441428538,0.00601423083043488,0.0010716315442496984,0.07798858805610488,0.030537634408602132,0.9176344086021504,,,0.0008602150537634406
experiments/cikm2026,lastfm,weighted_ngcf,0,alpha_0.0,0.0,none,,0.1619,0.4223545789639022,0.010031847133757961,0.07297190251138554,0.10738186587644329,0.16950847051713228,0.2952396265407227,0.2222677240293372,0.08472930150164293,0.07297190251138554,-0.5715923467986946,-0.7745966692414834,3.7759285275864416,0.13009297778990198,0.05333333333333332,0.04064516129032257,0.006444338357316653,0.0030107526881720803,0.776774193548387,,,0.04064516129032257
experiments/cikm2026,lastfm,weighted_ngcf,0,alpha_0.0_beta_0.1,0.0,none,,0.1611,0.42227496112950735,0.009554140127388535,0.07290455362448571,0.10767558646904668,0.1703248775749653,0.29231505630794,0.2194105026834543,0.0835684540276955,0.07290455362448571,0.3715274473284712,0.2581988897471611,3.7752833662961187,0.13439405305871918,0.051612903225806445,0.038709677419354833,0.012035736206778985,0.005806451612903218,0.7761290322580644,,,0.038709677419354833
experiments/cikm2026,lastfm,weighted_ngcf,0,baseline,0.0,none,,0.1615,0.42275266813587675,0.009766454352441613,0.07405066639828284,0.10709454049258209,0.17047346073233519,0.29396057109169643,0.2199099046934136,0.08401431664162376,0.07405066639828284,,,3.7791506967650994,0.1283761849553297,0.052903225806451605,0.03956989247311827,,,0.779784946236559,,,0.03956989247311827
experiments/cikm2026,lastfm,weighted_ngcf,0,alpha_0.0_beta_0.5,0.0,none,,0.1613,0.42251381463269205,0.009660297239915074,0.07562318497110754,0.10850664490266326,0.16972168372420388,0.2946205425866708,0.21899735761556327,0.08362157350284151,0.07562318497110754,-0.5337889494723582,-0.7745966692414834,3.7772115756211777,0.1290249835186069,0.05462365591397848,0.03913978494623655,0.005584123303553217,0.0021505376344086446,0.7776344086021504,,,0.03913978494623655
experiments/cikm2026,lastfm,weighted_ngcf,0,alpha_0.0_beta_0.0,0.0,none,,0.1616,0.42280574669214005,0.009607218683651804,0.07456634031458029,0.10812087723880501,0.16956669485163609,0.2949952498329015,0.2204289095183212,0.08410180605263351,0.07456634031458029,-0.0714971661644353,0.2581988897471611,3.7795808042919816,0.13009661506285658,0.05139784946236558,0.03892473118279569,0.004301075268817137,0.0017204301075268713,0.7802150537634407,,,0.03892473118279569
experiments/cikm2026,lastfm,weighted_ngcf,0,alpha_0.0_beta_0.3,0.0,none,,0.1617,0.4225403539108237,0.009288747346072187,0.07425653028467777,0.10861302960666132,0.16983754369223353,0.29403450734219144,0.21977797705751367,0.0837305610573586,0.07425653028467777,0.06288839227384227,-0.2581988897471611,3.777433903930527,0.13116824660710627,0.05376344086021504,0.03763440860215053,0.007304553411080116,0.002580645161290307,0.7782795698924729,,,0.03763440860215053
experiments/cikm2026,lastfm,weighted_ngcf,0,baseline,0.0,none,,0.1615,0.42248727535456043,0.009766454352441613,0.07348018218306197,0.10800495468516097,0.16956806165455043,0.2927754153490113,0.21929523316594934,0.08352598063813925,0.07348018218306197,,,3.777000159130691,0.13074177635317916,0.05268817204301074,0.03956989247311827,,,0.7776344086021504,,,0.03956989247311827
experiments/cikm2026_SOTA,lastfm,weighted_ngcf,0,baseline,0.0,none,,0.162,0.4226995895796135,0.009660297239915074,0.07384117330006998,0.1080837291413805,0.17013786462547528,0.294549630186315,0.22070845688624505,0.08413395707330966,0.07384117330006998,,,3.7787169519652632,0.1294550910454886,0.05268817204301074,0.03913978494623655,,,0.7791397849462364,,,0.03913978494623655
experiments/cikm2026_SOTA,lastfm,weighted_ngcf,0,baseline,0.0,none,,0.1617,0.4225403539108237,0.009554140127388535,0.0748559863064212,0.1086696784087642,0.17045841238139406,0.2945016521587652,0.21964566585234402,0.08376511192799786,0.0748559863064212,,,3.777433903930527,0.12923276273613854,0.05462365591397848,0.038709677419354833,,,0.7782795698924729,,,0.038709677419354833
experiments/cikm2026_SOTA,lastfm,weighted_ngcf,0,baseline,0.0,none,,0.1611,0.42272612885774513,0.009394904458598726,0.07441979750669422,0.10856097512283606,0.17064905097188487,0.29348319211193796,0.21906339460524374,0.08349919229245342,0.07441979750669422,,,3.778932005728704,0.12967014480892947,0.05333333333333332,0.03806451612903225,,,0.7793548387096773,,,0.03806451612903225
experiments/cikm2026_SOTA,lastfm,weighted_ngcf,0,baseline,0.0,none,,0.162,0.4229384430827982,0.008970276008492569,0.07440303987770684,0.10768274355770716,0.17057241672263804,0.2945966163071062,0.22019357642939935,0.08408151094328019,0.07440303987770684,,,3.780656073109186,0.12751596990156627,0.055483870967741926,0.03634408602150537,,,0.781290322580645,,,0.03634408602150537
experiments/cikm2026_SOTA,lastfm,weighted_ngcf,0,baseline,0.0,none,,0.1616,0.4225403539108237,0.009925690021231422,0.07465074059362174,0.10799116736750299,0.16901356050066307,0.29391004674134824,0.21925930614772648,0.08365825707052538,0.07465074059362174,,,3.7774266293846184,0.12708949964763916,0.05526881720430107,0.04021505376344085,,,0.7778494623655913,,,0.04021505376344085
experiments/cikm2026,lastfm,weighted_ngcf,1,baseline,0.0,none,,0.1558,0.4246900354394861,0.008970276008492569,0.08335300571261002,0.11552763367304465,0.1483324768702408,0.274157303541235,0.190804297828625,0.07234260299637664,0.08335300571261002,,,3.7948605333151466,0.11911796130850892,0.0496774193548387,0.03634408602150537,,,0.7961290322580643,,,0.03634408602150537
experiments/cikm2026,lastfm,weighted_ngcf,1,baseline,0.0,none,,0.1563,0.42487581038640754,0.009819532908704883,0.08217126623726437,0.11476160832141041,0.14806248928774582,0.2732910110083313,0.19111974477106694,0.07239356124482725,0.08217126623726437,,,3.796365909659232,0.11954806883539064,0.04430107526881719,0.039784946236559135,,,0.7976344086021504,,,0.039784946236559135
experiments/cikm2026_SOTA,lastfm,weighted_ngcf,1,baseline,0.0,none,,0.1556,0.4248227318301443,0.01024416135881104,0.08316135912123038,0.11447688852448688,0.14758914852441032,0.27354512807884757,0.1903837689576172,0.0723021512882042,0.08316135912123038,,,3.795935802132351,0.11696742367410032,0.04559139784946235,0.04150537634408601,,,0.7972043010752686,,,0.04150537634408601
experiments/cikm2026_SOTA,lastfm,weighted_ngcf,1,baseline,0.0,none,,0.156,0.4250350460551974,0.009023354564755838,0.08377345598360922,0.11512371995348537,0.14781267604190548,0.27417788249783115,0.19040442651422193,0.07231556984337298,0.08377345598360922,,,3.797659869512832,0.11674873263770487,0.04903225806451612,0.03655913978494623,,,0.7991397849462364,,,0.03655913978494623
experiments/cikm2026_SOTA,lastfm,weighted_ngcf,1,baseline,0.0,none,,0.1561,0.4247431139957494,0.009076433121019108,0.08354484404886699,0.11540312163375312,0.14742584822917124,0.27359560872186894,0.19005076467300197,0.0721041573658663,0.08354484404886699,,,3.795290640842028,0.11911796130850892,0.04881720430107526,0.03677419354838709,,,0.7965591397849461,,,0.03677419354838709
experiments/cikm2026_SOTA,lastfm,weighted_ngcf,1,baseline,0.0,none,,0.1562,0.42463695688322284,0.009394904458598726,0.0822649018942033,0.11451581198186096,0.14730993831279057,0.2734061788858622,0.19114127699165892,0.07246888601217881,0.0822649018942033,,,3.7944304257882644,0.12083839141603579,0.046666666666666655,0.03806451612903225,,,0.7956989247311826,,,0.03806451612903225
experiments/cikm2026_SOTA,lastfm,weighted_ngcf,1,baseline,0.0,none,,0.1563,0.4244511819363014,0.009501061571125265,0.0838193881383477,0.11511601784248322,0.14702482204669795,0.2735385113250309,0.18971912318668316,0.07206304679362796,0.0838193881383477,,,3.792925049444179,0.12062333765259493,0.047956989247311815,0.03849462365591397,,,0.7941935483870967,,,0.03849462365591397
experiments/cikm2026,lastfm,weighted_ngcf,2,baseline,0.0,none,,0.1578,0.4227792074140084,0.012101910828025478,0.08450314649405148,0.10896178932366016,0.15032800776132826,0.2808587683855684,0.1963556218915169,0.07573996745688197,0.08450314649405148,,,3.779394848712178,0.126626656664166,0.04494623655913978,0.04903225806451612,,,0.7817204301075267,,,0.04903225806451612
experiments/cikm2026,lastfm,weighted_ngcf,2,baseline,0.0,none,,0.1566,0.4240265534861952,0.010828025477707006,0.08643883615464312,0.11067557924771106,0.1495244815922561,0.28145757089759965,0.19501873474295653,0.07528346067352444,0.08643883615464312,,,3.7894951010479883,0.11824683443588167,0.04838709677419354,0.043870967741935475,,,0.7913978494623655,,,0.043870967741935475
experiments/cikm2026_SOTA,lastfm,weighted_ngcf,2,baseline,0.0,none,,0.1569,0.42405309276432684,0.010987261146496815,0.08561998512142122,0.11013234126354574,0.1495897838122377,0.2819509437783669,0.19633095865694566,0.07576148208586352,0.08561998512142122,,,3.789706517538475,0.11803541794539542,0.047741935483870956,0.04451612903225806,,,0.7913978494623655,,,0.04451612903225806
experiments/cikm2026_SOTA,lastfm,weighted_ngcf,2,baseline,0.0,none,,0.1573,0.4242654069893799,0.011411889596602972,0.08519753642161941,0.11131184041069671,0.1500866407456468,0.2823287667915261,0.19713123036990665,0.07582526329943452,0.08519753642161941,,,3.791426947646002,0.11459819500329627,0.04773829821091635,0.04623655913978494,,,0.7931182795698923,,,0.04623655913978494
experiments/cikm2026_SOTA,lastfm,weighted_ngcf,2,baseline,0.0,none,,0.1573,0.4239469356518003,0.011358811040339702,0.08628945846869869,0.10963759924739878,0.1505906353736998,0.28181947021725223,0.19553001174855356,0.07560444657749035,0.08628945846869869,,,3.7888463024847114,0.11653004160130939,0.0486021505376344,0.04602150537634408,,,0.790537634408602,,,0.04602150537634408
experiments/cikm2026_SOTA,lastfm,weighted_ngcf,2,baseline,0.0,none,,0.1574,0.4240265534861952,0.010987261146496815,0.08566443643722703,0.11004533543722549,0.14874574156181986,0.28305018938844456,0.19738575295121752,0.07624012247141221,0.08566443643722703,,,3.7894878265020795,0.11847280001818633,0.04752324444747549,0.04451612903225806,,,0.7909677419354837,,,0.04451612903225806
experiments/cikm2026_SOTA,lastfm,weighted_ngcf,2,baseline,0.0,none,,0.1572,0.42389385709553706,0.01167728237791932,0.0874513808799424,0.10940724092896284,0.15084010027078495,0.28111141189146616,0.19366003101152374,0.07507247162676373,0.0874513808799424,,,3.7884089204119205,0.11632589965673235,0.04795335197435721,0.04731182795698924,,,0.7896774193548386,,,0.04731182795698924
experiments/cikm2026,lastfm,weighted_ngcf,3,baseline,0.0,none,,0.1651,0.42580468512101477,0.014596602972399151,0.0831846334088074,0.12470699324581122,0.16107884442938436,0.29121621472115605,0.20803158131234867,0.07788321419021049,0.0831846334088074,,,3.8038709677419345,0.0961290322580645,0.04086021505376343,0.05913978494623655,,,0.8038709677419353,,,0.05913978494623655
experiments/cikm2026,lastfm,weighted_ngcf,3,baseline,0.0,none,,0.1655,0.4261231564585944,0.013641188959660298,0.08419371417004008,0.12332013199712992,0.1611741676456553,0.2907109449435804,0.20651723077354034,0.07759615903112921,0.08419371417004008,,,3.806451612903225,0.09870967741935482,0.03956989247311827,0.05526881720430107,,,0.8064516129032256,,,0.05526881720430107
experiments/cikm2026_SOTA,lastfm,weighted_ngcf,3,baseline,0.0,none,,0.1654,0.4261231564585944,0.01342887473460722,0.0831276862042771,0.1236524954574372,0.15979263443138195,0.2910257546181265,0.20789806841384942,0.07797572966272709,0.0831276862042771,,,3.806451612903225,0.0993548387096774,0.039784946236559135,0.054408602150537624,,,0.8064516129032256,,,0.054408602150537624
experiments/cikm2026_SOTA,lastfm,weighted_ngcf,3,baseline,0.0,none,,0.1654,0.4260700779023311,0.013906581740976646,0.08348321386131002,0.12390976316525812,0.1607664417497675,0.29147565818157706,0.20799244432026703,0.07801822835278732,0.08348321386131002,,,3.8060215053763438,0.09956989247311826,0.03806451612903225,0.05634408602150537,,,0.806021505376344,,,0.05634408602150537
experiments/cikm2026_SOTA,lastfm,weighted_ngcf,3,baseline,0.0,none,,0.166,0.4265212456305689,0.014118895966029724,0.08469071956877357,0.12648770403334683,0.16356044400483963,0.2922954164514728,0.20760469688269922,0.07766370218282133,0.08469071956877357,,,3.8096774193548377,0.09526881720430105,0.03784946236559139,0.057204301075268804,,,0.8096774193548385,,,0.057204301075268804
experiments/cikm2026_SOTA,lastfm,weighted_ngcf,3,baseline,0.0,none,,0.1652,0.4263620099617791,0.014596602972399151,0.08243398214464281,0.1236544793080405,0.16013133502442065,0.2916247153149406,0.2091907331702978,0.07839477068124656,0.08243398214464281,,,3.808387096774193,0.09591397849462363,0.03655913978494623,0.05913978494623655,,,0.8083870967741934,,,0.05913978494623655
experiments/cikm2026_SOTA,lastfm,weighted_ngcf,3,baseline,0.0,none,,0.1652,0.42625585284925255,0.014331210191082803,0.08384142326462714,0.12416978753571785,0.16054961283442726,0.2927260458037908,0.20888462253916368,0.07840145971528115,0.08384142326462714,,,3.8075268817204293,0.09655913978494622,0.03784946236559139,0.05806451612903225,,,0.80752688172043,,,0.05806451612903225
experiments/cikm2026,lastfm,weighted_ngcf,4,baseline,0.0,none,,0.1564,0.42299152163906145,0.014915074309978769,0.08008711713927999,0.1192561292641862,0.16110718108543406,0.26544958817363085,0.18536247103435086,0.06913260980899849,0.08008711713927999,,,3.7810752688172036,0.11247311827956986,0.04602150537634408,0.06043010752688171,,,0.7810752688172041,,,0.06043010752688171
experiments/cikm2026,lastfm,weighted_ngcf,4,baseline,0.0,none,,0.1557,0.42299152163906145,0.01480891719745223,0.08165463824774545,0.11842237339306802,0.1608972932175476,0.26693893141715214,0.1852842931694067,0.06940265208510554,0.08165463824774545,,,3.7810752688172036,0.11333333333333331,0.04559139784946235,0.05999999999999999,,,0.7810752688172041,,,0.05999999999999999
experiments/cikm2026_SOTA,lastfm,weighted_ngcf,4,baseline,0.0,none,,0.1555,0.4227792074140084,0.015233545647558386,0.08183921866242483,0.1190317443058176,0.1603220887249271,0.266904043910545,0.18506482524812018,0.06924713762357226,0.08183921866242483,,,3.7793548387096765,0.1129032258064516,0.04602150537634408,0.06172043010752687,,,0.7793548387096773,,,0.06172043010752687
experiments/cikm2026_SOTA,lastfm,weighted_ngcf,4,baseline,0.0,none,,0.1562,0.4229119038046666,0.015498938428874735,0.08118321936797235,0.11843671769142793,0.16153324901895497,0.2677382977577055,0.18655507838973318,0.06985455106666323,0.08118321936797235,,,3.7804301075268807,0.11053763440860213,0.04623655913978494,0.06279569892473116,,,0.7804301075268816,,,0.06279569892473116
experiments/cikm2026_SOTA,lastfm,weighted_ngcf,4,baseline,0.0,none,,0.1556,0.42299152163906145,0.01464968152866242,0.0792042232820355,0.11742895451720263,0.16087315316778497,0.2663154634090566,0.1871112401270211,0.06996170027413567,0.0792042232820355,,,3.7810752688172036,0.11268817204301074,0.04688172043010752,0.05935483870967741,,,0.7810752688172041,,,0.05935483870967741
experiments/cikm2026_SOTA,lastfm,weighted_ngcf,4,baseline,0.0,none,,0.1558,0.42307113947345637,0.014968152866242038,0.07994712776673547,0.11812586467471291,0.1614971839966513,0.2678297460846968,0.18788261831796133,0.07027038987820182,0.07994712776673547,,,3.7817204301075265,0.11161290322580643,0.04602150537634408,0.06064516129032257,,,0.7817204301075267,,,0.06064516129032257
experiments/cikm2026_SOTA,lastfm,weighted_ngcf,4,baseline,0.0,none,,0.156,0.423097678751588,0.01470276008492569,0.08019612933953409,0.11928272154633697,0.16117458478546373,0.2667689533655491,0.18657282402601505,0.0696203894611228,0.08019612933953409,,,3.781935483870967,0.11096774193548385,0.0475268817204301,0.059569892473118266,,,0.7819354838709676,,,0.059569892473118266
experiments/cikm2026,lastfm,weighted_ngcf,5,baseline,0.0,none,,0.1626,0.42439810338003814,0.012738853503184714,0.08085883644157155,0.12240046893082192,0.16316204997755782,0.2860097511420739,0.20515091470050234,0.07669235839834038,0.08085883644157155,,,3.7924731182795695,0.11118279569892471,0.04473118279569892,0.051612903225806445,,,0.7924731182795698,,,0.051612903225806445
experiments/cikm2026,lastfm,weighted_ngcf,5,baseline,0.0,none,,0.1629,0.4242123284331167,0.012951167728237793,0.08075533424743782,0.1223249640363015,0.16261015420680383,0.28557700038411865,0.20482166613668085,0.07655681295937486,0.08075533424743782,,,3.790967741935483,0.11075268817204299,0.04580645161290322,0.05247311827956988,,,0.7909677419354837,,,0.05247311827956988
experiments/cikm2026_SOTA,lastfm,weighted_ngcf,5,baseline,0.0,none,,0.163,0.42434502482377484,0.012738853503184714,0.07869978010881783,0.12160859507401361,0.16383432831484182,0.2853171261360317,0.20661734602721388,0.07710437375562917,0.07869978010881783,,,3.792046648025642,0.11289958853349699,0.04344086021505376,0.051612903225806445,,,0.7922580645161289,,,0.051612903225806445
experiments/cikm2026_SOTA,lastfm,weighted_ngcf,5,baseline,0.0,none,,0.1626,0.42418578915498506,0.012473460721868366,0.08125845353822322,0.12231008404290833,0.1632915245509525,0.287134771310019,0.2058763177717958,0.07704849329026021,0.08125845353822322,,,3.7907526881720424,0.11268817204301074,0.04602150537634408,0.05053763440860214,,,0.7907526881720428,,,0.05053763440860214
experiments/cikm2026_SOTA,lastfm,weighted_ngcf,5,baseline,0.0,none,,0.1624,0.42434502482377484,0.012579617834394905,0.07951757864865575,0.12314820863084029,0.16383727929674397,0.2852782682602466,0.20576068961159086,0.07666508971126716,0.07951757864865575,,,3.7920430107526872,0.112258064516129,0.04473118279569892,0.05096774193548386,,,0.792043010752688,,,0.05096774193548386
experiments/cikm2026_SOTA,lastfm,weighted_ngcf,5,baseline,0.0,none,,0.1629,0.42439810338003814,0.012632696390658175,0.07949472827540496,0.12182742167149704,0.16389773669176058,0.28626843114242245,0.2067737028670175,0.07724014209726661,0.07949472827540496,,,3.7924731182795695,0.11096774193548385,0.045376344086021494,0.05118279569892472,,,0.7924731182795698,,,0.05118279569892472
experiments/cikm2026_SOTA,lastfm,weighted_ngcf,5,baseline,0.0,none,,0.1623,0.42458387832695954,0.013004246284501062,0.08038735886174543,0.12187776126478052,0.16337609237216036,0.2856371278235207,0.20524976896177527,0.07673943471667082,0.08038735886174543,,,3.793978494623655,0.10967741935483868,0.043655913978494616,0.05268817204301074,,,0.7939784946236558,,,0.05268817204301074
experiments/cikm2026,lastfm,weighted_ngcf,6,baseline,0.0,none,,0.1589,0.4246900354394861,0.01151804670912951,0.07223615772720983,0.11922830555634356,0.15796921961363997,0.28262017570634246,0.21038401797913264,0.07808468055058695,0.07223615772720983,,,3.7948605333151466,0.11245129464184225,0.04602150537634408,0.046666666666666655,,,0.7961290322580643,,,0.046666666666666655
experiments/cikm2026,lastfm,weighted_ngcf,6,baseline,0.0,none,,0.1587,0.4246900354394861,0.0118895966029724,0.0727753461999638,0.11943230837960071,0.16013345241599322,0.28453869525777603,0.21176334905781224,0.07867869526038473,0.0727753461999638,,,3.7948605333151466,0.11245129464184225,0.04451612903225806,0.04817204301075268,,,0.7961290322580643,,,0.04817204301075268
experiments/cikm2026_SOTA,lastfm,weighted_ngcf,6,baseline,0.0,none,,0.1595,0.424769653273881,0.01194267515923567,0.07323883413061585,0.1194662091960396,0.15731533635508482,0.2819005223421437,0.20866168821152783,0.07749373347261844,0.07323883413061585,,,3.7955020573325147,0.11288503944167858,0.04322580645161289,0.04838709677419354,,,0.7965591397849461,,,0.04838709677419354
experiments/cikm2026_SOTA,lastfm,weighted_ngcf,6,baseline,0.0,none,,0.1592,0.42437156410190646,0.01157112526539278,0.0721491175891782,0.11838370850368284,0.1592624442922538,0.2836786734604152,0.211529555871237,0.07863841962327271,0.0721491175891782,,,3.792276250880901,0.11417536202232374,0.046666666666666655,0.04688172043010752,,,0.7933333333333332,,,0.04688172043010752
experiments/cikm2026_SOTA,lastfm,weighted_ngcf,6,baseline,0.0,none,,0.1588,0.4248227318301443,0.01151804670912951,0.07188337539476525,0.11889306778561913,0.1586526698883844,0.28255357981136336,0.21067020441659812,0.07819757881089394,0.07188337539476525,,,3.795932164859396,0.11482052331264632,0.042580645161290315,0.046666666666666655,,,0.7969892473118279,,,0.046666666666666655
experiments/cikm2026_SOTA,lastfm,weighted_ngcf,6,baseline,0.0,none,,0.1587,0.42458387832695954,0.012314225053078557,0.07147947934203296,0.11953415683022023,0.1591626636488584,0.2832638796856695,0.21178440034363655,0.0785132065277892,0.07147947934203296,,,3.7939966809884282,0.11030439428038825,0.04580645161290322,0.04989247311827956,,,0.7950537634408601,,,0.04989247311827956
experiments/cikm2026_SOTA,lastfm,weighted_ngcf,6,baseline,0.0,none,,0.1594,0.4245042604925647,0.01183651804670913,0.07228002136829743,0.11863966688925158,0.15841824752926414,0.2824252213468831,0.21014519997858566,0.07806879526063756,0.07228002136829743,,,3.79335515697106,0.11438677851281,0.04430107526881719,0.047956989247311815,,,0.7946236559139783,,,0.047956989247311815
experiments/cikm2026,lastfm,weighted_ngcf,7,baseline,0.0,none,,0.1609,0.4207356829978725,0.014490445859872612,0.08513504218494254,0.10821313670454578,0.16306130911428987,0.29586526598779167,0.21073022380284911,0.0817277734886841,0.08513504218494254,,,3.7628102480165486,0.12751233262861167,0.05096774193548386,0.05870967741935483,,,0.7636559139784945,,,0.05870967741935483
experiments/cikm2026,lastfm,weighted_ngcf,7,baseline,0.0,none,,0.1609,0.4204702902165562,0.013906581740976646,0.08436093067550136,0.10924776706765107,0.1638085720128697,0.2957618542829352,0.21140092360743384,0.081699788750347,0.08436093067550136,,,3.760681534019868,0.1320066380231421,0.05096774193548386,0.05634408602150537,,,0.762795698924731,,,0.05634408602150537
experiments/cikm2026_SOTA,lastfm,weighted_ngcf,7,baseline,0.0,none,,0.1606,0.41951487620381733,0.013800424628450107,0.08588510147684894,0.10747137720323996,0.1602955736387327,0.2912397765472922,0.20535467507044328,0.07979702095092045,0.08588510147684894,,,3.7529468730819064,0.14189183659551247,0.04924731182795698,0.055913978494623644,,,0.7554838709677418,,,0.055913978494623644
experiments/cikm2026_SOTA,lastfm,weighted_ngcf,7,baseline,0.0,none,,0.1608,0.4193291012568959,0.013588110403397028,0.08504968197443177,0.10873264511803193,0.15942898761865826,0.2921186470431719,0.20706896506874015,0.08014744643048492,0.08504968197443177,,,3.7514487712837292,0.1433899383936893,0.05010752688172042,0.0550537634408602,,,0.7544086021505375,,,0.0550537634408602
experiments/cikm2026_SOTA,lastfm,weighted_ngcf,7,baseline,0.0,none,,0.1606,0.4206560651634776,0.014331210191082803,0.08396447619449682,0.10754198665779825,0.16350682555141138,0.2956453051784549,0.21168082898395807,0.08203168485759729,0.08396447619449682,,,3.762168723999181,0.12707858782877535,0.05268817204301074,0.05806451612903225,,,0.7632258064516128,,,0.05806451612903225
experiments/cikm2026_SOTA,lastfm,weighted_ngcf,7,baseline,0.0,none,,0.1612,0.42086837938853067,0.015021231422505308,0.08433588987815792,0.10826457757644713,0.16491409752556682,0.2948093886852069,0.21047349880704896,0.08148828315708503,0.08433588987815792,,,3.7638891541067077,0.12643342653845274,0.04881720430107526,0.060860215053763426,,,0.7649462365591396,,,0.060860215053763426
experiments/cikm2026_SOTA,lastfm,weighted_ngcf,7,baseline,0.0,none,,0.1614,0.42060298660721435,0.014968152866242038,0.08436957552225871,0.10829916548566154,0.1640574374602229,0.2947705218482485,0.21040094632598977,0.08145466565000122,0.08436957552225871,,,3.7617495282911633,0.1305085362249653,0.04709677419354838,0.06064516129032257,,,0.7634408602150536,,,0.06064516129032257
experiments/cikm2026,lastfm,weighted_ngcf,8,baseline,0.0,none,,0.1549,0.42028451526963473,0.012845010615711253,0.08757520727979194,0.11258524469683538,0.1457007970999936,0.2693116258283315,0.18173641854853956,0.06980850920681428,0.08757520727979194,,,3.759176157675782,0.13932210325308597,0.04946236559139784,0.05203937347973356,,,0.761290322580645,,,0.051827956989247304
experiments/cikm2026,lastfm,weighted_ngcf,8,baseline,0.0,none,,0.1543,0.41946179764755404,0.011411889596602972,0.08556406786078047,0.11040767260426605,0.1433116297866693,0.27071080311470763,0.18514673525392716,0.07125728585318458,0.08556406786078047,,,3.75251312828207,0.14813930755416124,0.053118279569892464,0.046229284593875736,,,0.7548387096774192,,,0.04580645161290322
experiments/cikm2026_SOTA,lastfm,weighted_ngcf,8,baseline,0.0,none,,0.1534,0.4190637084755795,0.010881104033970275,0.08688019567712783,0.1098649930994907,0.14230605898963486,0.2701528531373736,0.18327265746024574,0.07083370393679624,0.08688019567712783,,,3.749287321830457,0.15028984518856983,0.05634408602150537,0.04407874695946713,,,0.7516129032258063,,,0.043655913978494616
experiments/cikm2026_SOTA,lastfm,weighted_ngcf,8,baseline,0.0,none,,0.1528,0.4187983156942632,0.010987261146496815,0.08575644000985441,0.11003129018644217,0.1437304415436616,0.2708351038044579,0.1850786637946035,0.07130631960144686,0.08575644000985441,,,3.747133146923094,0.14986337493464272,0.058494623655913965,0.04450885448634885,,,0.7492473118279569,,,0.044086021505376334
experiments/cikm2026_SOTA,lastfm,weighted_ngcf,8,baseline,0.0,none,,0.1553,0.4246104176050912,0.010774946921443736,0.08633469406876951,0.11275441883822702,0.14889787423509354,0.26977281049597096,0.18343811642720145,0.07019329153783967,0.08633469406876951,,,3.7942008229330053,0.11096410466252925,0.05118279569892472,0.04365227670554001,,,0.7946236559139783,,,0.04344086021505376
experiments/cikm2026_SOTA,lastfm,weighted_ngcf,8,baseline,0.0,none,,0.153,0.4193821798131591,0.012208067940552018,0.0863709746374157,0.11049739899070898,0.1430834462732232,0.26992263635117014,0.18355166171375442,0.07073543941757783,0.0863709746374157,,,3.751867966991747,0.14620382368319348,0.05247311827956988,0.04945509104548863,,,0.7541935483870966,,,0.04903225806451612
experiments/cikm2026_SOTA,lastfm,weighted_ngcf,8,baseline,0.0,none,,0.1533,0.4191964048662377,0.011305732484076432,0.08749538303916966,0.11052872685845085,0.14297864886043324,0.27086688175637974,0.1833714987172101,0.07086552217172538,0.08749538303916966,,,3.7503662279206162,0.14770556275432492,0.0561290322580645,0.04579917706699401,,,0.7529032258064514,,,0.045376344086021494
experiments/cikm2026,lastfm,weighted_ngcf,9,baseline,0.0,none,,0.1613,0.41654247705307423,0.011730360934182591,0.07341548120709351,0.12251108274907706,0.14379909798174717,0.29768410671690315,0.22426862550980964,0.08384509967087662,0.07341548120709351,,,3.7289736070381228,0.1781377162472436,0.04536906954011229,0.047519607174520896,,,0.7380645161290321,,,0.04709677419354838
experiments/cikm2026,lastfm,weighted_ngcf,9,baseline,0.0,none,,0.1643,0.42633547068364747,0.010456475583864118,0.08735645862575597,0.11225058325659179,0.15456172144190355,0.3077687465572146,0.22041228793145862,0.08558906859310816,0.08735645862575597,,,3.808172043010752,0.09419354838709676,0.05526881720430107,0.042365591397849456,,,0.8081720430107525,,,0.042365591397849456
experiments/cikm2026_SOTA,lastfm,weighted_ngcf,9,baseline,0.0,none,,0.164,0.42628239212738417,0.011093418259023354,0.0875006677209182,0.11227460444484465,0.15277113381956478,0.30777318810412835,0.22027252038321016,0.08561515157162812,0.0875006677209182,,,3.80774193548387,0.09569892473118277,0.051612903225806445,0.04494623655913978,,,0.8077419354838709,,,0.04494623655913978
experiments/cikm2026_SOTA,lastfm,weighted_ngcf,9,baseline,0.0,none,,0.165,0.4262293135711209,0.010881104033970275,0.08629573015116808,0.11051495531233359,0.1537069933301962,0.3083418139870243,0.22204608383585622,0.08636704324366205,0.08629573015116808,,,3.8073118279569886,0.0961290322580645,0.05247311827956988,0.044086021505376334,,,0.8073118279569891,,,0.044086021505376334
experiments/cikm2026_SOTA,lastfm,weighted_ngcf,9,baseline,0.0,none,,0.1645,0.42630893140551585,0.010881104033970275,0.0867445059648294,0.11362950989219696,0.15384644197170733,0.30926252287162165,0.22251801690679224,0.0861624833874065,0.0867445059648294,,,3.8079569892473115,0.09419354838709676,0.05376344086021504,0.044086021505376334,,,0.8079569892473116,,,0.044086021505376334
experiments/cikm2026_SOTA,lastfm,weighted_ngcf,9,baseline,0.0,none,,0.1639,0.4265212456305689,0.010350318471337579,0.08705984380475691,0.11311639936903678,0.15374867825631847,0.30914770308013073,0.22208785927537383,0.08612399237594062,0.08705984380475691,,,3.8096774193548377,0.0961290322580645,0.05225806451612902,0.04193548387096773,,,0.8096774193548385,,,0.04193548387096773
experiments/cikm2026_SOTA,lastfm,weighted_ngcf,9,baseline,0.0,none,,0.1636,0.42625585284925255,0.010987261146496815,0.08809321521197543,0.11290101006868619,0.1538470152792477,0.30780733404840865,0.21971411883643321,0.08536030735597462,0.08809321521197543,,,3.8075268817204293,0.09419354838709676,0.05376344086021504,0.04451612903225806,,,0.80752688172043,,,0.04451612903225806
experiments/cikm2026,lastfm,weighted_ngcf,0,alpha_0.1,0.1,none,,0.1602,0.4214787827855583,0.009341825902335456,0.07746022200635283,0.10815350520478743,0.1694423624454519,0.2951438814654838,0.21768365945913098,0.08340846933491795,0.07746022200635283,-0.8284969543444908,-0.7745966692414834,3.7688353906658474,0.1382613835277001,0.0550537634408602,0.03784946236559139,0.02407147241355797,0.009892473118279566,0.7698924731182795,,,0.03784946236559139
experiments/cikm2026,lastfm,weighted_ngcf,0,alpha_0.1_beta_0.3,0.1,none,,0.1611,0.42166455773247974,0.009872611464968152,0.07625648888531143,0.10758480940295871,0.16905293393452203,0.2952433843309765,0.21898689544566508,0.08383987904998602,0.07625648888531143,0.6771458317683575,0.7745966692414834,3.770340767009934,0.13589579212985062,0.05376344086021504,0.039999999999999994,0.017619859510332195,0.008387096774193581,0.7713978494623654,,,0.039999999999999994
experiments/cikm2026,lastfm,weighted_ngcf,0,alpha_0.1_beta_0.0,0.1,none,,0.1605,0.42145224350742666,0.010668789808917197,0.07707982422375526,0.10802933315163517,0.16934117866834666,0.29466538772112477,0.21758556349736952,0.08333360055746207,0.07707982422375526,0.8396532411987544,0.7745966692414834,3.7686203369024067,0.1354656846029689,0.05268817204301074,0.04322580645161289,0.021490827252267676,0.010107526881720452,0.7696774193548386,,,0.04322580645161289
experiments/cikm2026,lastfm,weighted_ngcf,0,alpha_0.1_beta_0.1,0.1,none,,0.1612,0.42145224350742666,0.009660297239915074,0.07599684111525395,0.10835988840109326,0.16909223852960378,0.2943122308890945,0.21831538977384052,0.08341255442710757,0.07599684111525395,-0.6479911789370542,-0.7745966692414834,3.7686203369024067,0.1386914910545818,0.05354838709677418,0.03913978494623655,0.021920934779149394,0.010107526881720452,0.7696774193548386,,,0.03913978494623655
experiments/cikm2026,lastfm,weighted_ngcf,0,alpha_0.1_beta_0.5,0.1,none,,0.1606,0.4215849398980848,0.009872611464968152,0.07587028583479942,0.1086393481452857,0.1686378447020022,0.29422890319324657,0.21835861735844714,0.08335786319481908,0.07587028583479942,0.5481936638273485,0.7745966692414834,3.769695605719611,0.13740116847393666,0.052903225806451605,0.039999999999999994,0.018910182090977348,0.00903225806451613,0.7707526881720429,,,0.039999999999999994
experiments/cikm2026,lastfm,weighted_ngcf,0,alpha_0.1_beta_0.0,0.1,none,,0.1612,0.4215584006199532,0.009925690021231422,0.07617143887094821,0.10829999083437754,0.16934185962903195,0.29458568609310615,0.21841424722215794,0.08349110754163505,0.07617143887094821,0.7669786742295878,0.7745966692414834,3.7694769146832154,0.13546932187592348,0.05483870967741934,0.04021505376344085,0.015046488894951051,0.007311827956989259,0.7703225806451611,,,0.04021505376344085
experiments/cikm2026_SOTA,lastfm,weighted_ngcf,0,alpha_0.1_beta_0.0,0.1,none,,0.161,0.42137262567303174,0.009023354564755838,0.07510887323869467,0.10802702460884932,0.1691210630108045,0.2954619966034552,0.2203531233647605,0.08415156610542143,0.07510887323869467,-0.2943945955063293,-0.2581988897471611,3.76797153833913,0.13998545090818154,0.055483870967741926,0.03655913978494623,0.02322580645161284,0.010752688172043001,0.7688172043010751,,,0.03655913978494623
experiments/cikm2026,lastfm,weighted_ngcf,1,alpha_0.1_beta_0.0,0.1,none,,0.1558,0.4239469356518003,0.0101380042462845,0.08157004861609504,0.11355630534895307,0.1481955632536187,0.27342561254285985,0.1918555639267648,0.07276300401216247,0.08157004861609504,-0.48003631227329113,-0.2581988897471611,3.788835390665848,0.12277751255995814,0.04731182795698924,0.041075268817204295,0.017627134056241226,0.006236559139784936,0.7898924731182794,,,0.041075268817204295
experiments/cikm2026,lastfm,weighted_ngcf,1,alpha_0.1_beta_0.0,0.1,none,,0.1557,0.42386731781740544,0.009713375796178344,0.08117799637797089,0.11315738358447358,0.14715582776823435,0.27387309182589337,0.19269509544792246,0.0731222663349994,0.08117799637797089,0.1886560089525456,0.2581988897471611,3.788190229375525,0.12535815772124848,0.04709677419354838,0.03935483870967741,0.018057241583123,0.008387096774193581,0.7892473118279568,,,0.03935483870967741
experiments/cikm2026_SOTA,lastfm,weighted_ngcf,1,alpha_0.1_beta_0.0,0.1,none,,0.1551,0.42381423926114214,0.009819532908704883,0.08125452877090229,0.11400082034015879,0.14749393146192114,0.2736303142732488,0.19237578550234652,0.07287925451676967,0.08125452877090229,-0.9395091657871442,-0.7745966692414834,3.7877601218486436,0.12686353406533452,0.04559139784946235,0.039784946236559135,0.028372547682375023,0.010537634408602156,0.7888172043010752,,,0.039784946236559135
experiments/cikm2026,lastfm,weighted_ngcf,2,alpha_0.1_beta_0.0,0.1,none,,0.1571,0.42267305030148183,0.012154989384288748,0.08314679830748428,0.11182776759906085,0.1486352681095256,0.2819182212678089,0.19877142296032463,0.07610490965923743,0.08314679830748428,-0.4888271023688123,-0.2581988897471611,3.778538270931368,0.12254427243174427,0.0496701448089295,0.04924731182795698,0.00987792402646115,0.004301075268817206,0.7810752688172041,,,0.04924731182795698
experiments/cikm2026,lastfm,weighted_ngcf,2,alpha_0.1_beta_0.0,0.1,none,,0.1567,0.4226199717452186,0.011464968152866241,0.08405259538458712,0.1115227969974506,0.14890879383995798,0.28000196111516523,0.1959493657305781,0.07513548279312966,0.08405259538458712,-0.7206658879712136,-0.7745966692414834,3.778104526131532,0.12254790970469888,0.0528959512605424,0.046451612903225796,0.022781149832912725,0.010967741935483888,0.7804301075268816,,,0.046451612903225796
experiments/cikm2026_SOTA,lastfm,weighted_ngcf,2,alpha_0.1_beta_0.0,0.1,none,,0.157,0.4227792074140084,0.012208067940552018,0.08315908388450105,0.1128037999485993,0.15058116089730725,0.2809748271184787,0.19781574323397766,0.07552596635457251,0.08315908388450105,-0.690225135084188,-0.7745966692414834,3.779394848712178,0.12319307099502146,0.047949714701402614,0.04946236559139784,0.024064197867648757,0.011397849462365661,0.7817204301075267,,,0.04946236559139784
experiments/cikm2026,lastfm,weighted_ngcf,3,alpha_0.1_beta_0.0,0.1,none,,0.1647,0.42545967450530353,0.014012738853503185,0.08225023699440479,0.12521002711129575,0.1596994161243305,0.29208945413768755,0.20983921714328277,0.07843859033123453,0.08225023699440479,0.42769253250956946,0.2581988897471611,3.801075268817204,0.10215053763440858,0.039999999999999994,0.056774193548387086,0.012043010752688169,0.006021505376344077,0.8010752688172041,,,0.056774193548387086
experiments/cikm2026,lastfm,weighted_ngcf,3,alpha_0.1_beta_0.0,0.1,none,,0.1645,0.42524736028025045,0.013481953290870489,0.08228451403191406,0.12380574899688529,0.1594039701270273,0.2923860451938727,0.21010153116195862,0.07873406932540405,0.08228451403191406,0.5808999856886558,0.7745966692414834,3.799354838709677,0.10430107526881718,0.04172043010752687,0.05462365591397848,0.015483870967741918,0.007096774193548372,0.7993548387096773,,,0.05462365591397848
experiments/cikm2026_SOTA,lastfm,weighted_ngcf,3,alpha_0.1_beta_0.0,0.1,none,,0.1658,0.42580468512101477,0.012845010615711253,0.08402004153311347,0.12554204495524618,0.16228143691213287,0.2914496919933889,0.2074296504602754,0.0776351849408348,0.08402004153311347,0.3161653508059313,0.2581988897471611,3.8038709677419345,0.10387096774193547,0.04021505376344085,0.05204301075268816,0.01290322580645166,0.004301075268817206,0.8038709677419353,,,0.05204301075268816
experiments/cikm2026,lastfm,weighted_ngcf,4,alpha_0.1_beta_0.0,0.1,none,,0.1548,0.4218503326794012,0.014861995753715499,0.08042882566690136,0.11710220964644417,0.15931837654538897,0.2663818677133581,0.18595304204645674,0.06967614565704135,0.08042882566690136,-0.4389218987043708,-0.2581988897471611,3.771831594262201,0.12193184659801311,0.04602150537634408,0.06021505376344085,0.01891745663688652,0.009247311827956989,0.772043010752688,,,0.06021505376344085
experiments/cikm2026,lastfm,weighted_ngcf,4,alpha_0.1_beta_0.0,0.1,none,,0.1553,0.42166455773247974,0.01475583864118896,0.08096256807327477,0.11644751900026142,0.15737497770020364,0.26756887275036284,0.18660630467708805,0.07007824465095548,0.08096256807327477,-0.2620089667640795,-0.2581988897471611,3.7703262179181154,0.12150173907113139,0.04838709677419354,0.059784946236559125,0.02192820932505853,0.010537634408602115,0.770537634408602,,,0.059784946236559125
experiments/cikm2026_SOTA,lastfm,weighted_ngcf,4,alpha_0.1_beta_0.0,0.1,none,,0.1551,0.4218768719575328,0.015658174097664544,0.08040609965605788,0.11651654610776911,0.15782170142163213,0.2664552427306708,0.1860491430746129,0.06977660705614613,0.08040609965605788,0.5964178432211369,0.7745966692414834,3.7720466480256425,0.12128668530769053,0.04322580645161289,0.06344086021505375,0.022788424378822014,0.010537634408602142,0.7722580645161289,,,0.06344086021505375
experiments/cikm2026,lastfm,weighted_ngcf,5,alpha_0.1_beta_0.0,0.1,none,,0.1627,0.4237346214267472,0.013004246284501062,0.08188207440483482,0.12176208242639605,0.16349045493745268,0.2869894583059715,0.2051073839011367,0.07689795526752241,0.08188207440483482,0.5155798835376341,0.7745966692414834,3.7870967741935475,0.11419354838709675,0.04602150537634408,0.05268817204301074,0.010752688172042994,0.005376344086021501,0.7870967741935483,,,0.05268817204301074
experiments/cikm2026,lastfm,weighted_ngcf,5,alpha_0.1_beta_0.0,0.1,none,,0.1626,0.42360192503608907,0.013163481953290871,0.08017796694027224,0.12282602010244863,0.16350376701320748,0.2869748074180901,0.20679684047781788,0.07720572352387575,0.08017796694027224,-0.8991488593109365,-0.7745966692414834,3.7860215053763433,0.1150537634408602,0.04559139784946235,0.05333333333333332,0.010322580645161242,0.004946236559139727,0.786021505376344,,,0.05333333333333332
experiments/cikm2026_SOTA,lastfm,weighted_ngcf,5,alpha_0.1_beta_0.0,0.1,none,,0.1631,0.42360192503608907,0.013163481953290871,0.0814561397821416,0.12271905184157307,0.16338918349547366,0.2870392434057479,0.20558310362360627,0.07690277398260607,0.0814561397821416,0.14438940048867016,0.2581988897471611,3.7860215053763433,0.1150537634408602,0.04559139784946235,0.05333333333333332,0.010322580645161207,0.004731182795698841,0.786021505376344,,,0.05333333333333332
experiments/cikm2026,lastfm,weighted_ngcf,6,alpha_0.1_beta_0.0,0.1,none,,0.1578,0.4234426893672993,0.01321656050955414,0.07449390645191536,0.11805361174820007,0.15828894372702057,0.2789940354889911,0.20450012903707573,0.07616994981790434,0.07449390645191536,0.7554936801559442,0.7745966692414834,3.7847566437063804,0.11997453908931777,0.04172043010752687,0.05354838709677418,0.028809929755166084,0.009892473118279566,0.7862365591397847,,,0.05354838709677418
experiments/cikm2026,lastfm,weighted_ngcf,6,alpha_0.1_beta_0.0,0.1,none,,0.1577,0.42328345369850945,0.012579617834394905,0.07557109512223731,0.1183263734895172,0.15813462332478553,0.28051185948778934,0.20494076436555203,0.07644870971384661,0.07557109512223731,0.9041530241518294,0.7745966692414834,3.7834626838527807,0.11825774625474547,0.04731182795698924,0.05096774193548386,0.022795698924731128,0.01139784946236555,0.7847311827956988,,,0.05096774193548386
experiments/cikm2026_SOTA,lastfm,weighted_ngcf,6,alpha_0.1_beta_0.0,0.1,none,,0.1589,0.42336307153290437,0.012738853503184714,0.07517330777764282,0.1175680092974134,0.15905484813709805,0.28071722210583594,0.20554391432819313,0.07673912012624652,0.07517330777764282,0.8788780391776517,0.7745966692414834,3.7841078451431036,0.12019323012571322,0.044086021505376334,0.051612903225806445,0.02149810179817681,0.007956989247311919,0.7853763440860213,,,0.051612903225806445
experiments/cikm2026,lastfm,weighted_ngcf,7,alpha_0.1_beta_0.0,0.1,none,,0.1615,0.4207356829978725,0.01470276008492569,0.08736212558420307,0.10868315010957297,0.16333848725843056,0.29326201350605563,0.20589988792185254,0.08006186780800595,0.08736212558420307,0.7114381519387687,0.7745966692414834,3.7628138852895034,0.12879901793630222,0.04881720430107526,0.059569892473118266,0.004723908249789539,0.002150537634408603,0.7638709677419353,,,0.059569892473118266
experiments/cikm2026,lastfm,weighted_ngcf,7,alpha_0.1_beta_0.0,0.1,none,,0.1615,0.4210276150573205,0.01475583864118896,0.0861751345962981,0.1077898771337498,0.1641246003754031,0.294429306712958,0.20825417211665992,0.08097079362503415,0.0861751345962981,0.8527212903962409,0.7745966692414834,3.7651831139603074,0.12535452044829387,0.0496774193548387,0.059784946236559125,0.015884880310986706,0.005806451612903218,0.7664516129032256,,,0.059784946236559125
experiments/cikm2026_SOTA,lastfm,weighted_ngcf,7,alpha_0.1_beta_0.0,0.1,none,,0.1597,0.4199660439320551,0.015074309978768578,0.0844068417101171,0.10768954734384382,0.16329071674624449,0.29385228412034015,0.20944544241022306,0.08117362600737624,0.0844068417101171,-0.47368664337040933,-0.2581988897471611,3.756602787060401,0.13414990111164155,0.04817204301075268,0.06107526881720429,0.023196708267976214,0.008817204301075271,0.7591397849462365,,,0.06107526881720429
experiments/cikm2026,lastfm,weighted_ngcf,8,alpha_0.1_beta_0.0,0.1,none,,0.1536,0.4188513942505264,0.011252653927813163,0.08688876094794507,0.11054938461887465,0.13953894404309986,0.2699269410275658,0.18303818007962075,0.07074490797017995,0.08688876094794507,-0.3098312179924595,-0.316227766016838,3.747574166268839,0.1526481620405101,0.054193548387096765,0.04558412330355315,0.036537316147218606,0.012903225806451618,0.7503225806451611,,,0.045161290322580636
experiments/cikm2026,lastfm,weighted_ngcf,8,alpha_0.1_beta_0.0,0.1,none,,0.1559,0.4220891861825859,0.011730360934182591,0.08646575673080717,0.1129470782495838,0.14951309478741728,0.2704099909420329,0.18394423421122572,0.07038261968688293,0.08646575673080717,-0.3379853864483904,-0.2581988897471611,3.773781627224987,0.12859123871877057,0.05010752688172042,0.047519607174520896,0.045117643047125365,0.020000000000000018,0.7748387096774192,,,0.04709677419354838
experiments/cikm2026_SOTA,lastfm,weighted_ngcf,8,alpha_0.1_beta_0.0,0.1,none,,0.1544,0.4202048974352398,0.011464968152866241,0.08688424188824422,0.11189581767474517,0.14300613571376944,0.2703475210436165,0.18346327915537225,0.0705888816028417,0.08688424188824422,0.36291330572926045,0.2581988897471611,3.758527359112505,0.14320034554093067,0.051827956989247304,0.046444338357316595,0.026659392120757405,0.011182795698924664,0.7604301075268816,,,0.04602150537634408
experiments/cikm2026,lastfm,weighted_ngcf,9,alpha_0.1_beta_0.0,0.1,none,,0.1638,0.42609661718046277,0.01029723991507431,0.08943234595831286,0.11241617913629512,0.15310101570644596,0.30962263270848167,0.22019028675016883,0.08591797553494064,0.08943234595831286,-0.46516025195583793,-0.316227766016838,3.8062365591397844,0.10215053763440858,0.04989247311827956,0.04172043010752687,0.16441837732160303,0.06817204301075264,0.8062365591397848,,,0.04172043010752687
experiments/cikm2026,lastfm,weighted_ngcf,9,alpha_0.1_beta_0.0,0.1,none,,0.1635,0.42540659594904023,0.010721868365180466,0.0884155773346887,0.11175007527319021,0.1533362652331043,0.30854775865981443,0.22013218132512574,0.0857928897256633,0.0884155773346887,0.6384318576627538,0.7745966692414834,3.800645161290322,0.1047311827956989,0.05118279569892472,0.04344086021505376,0.023225806451612936,0.010537634408602142,0.8006451612903224,,,0.04344086021505376
experiments/cikm2026_SOTA,lastfm,weighted_ngcf,9,alpha_0.1_beta_0.0,0.1,none,,0.1635,0.4260700779023311,0.010031847133757961,0.08829833730761273,0.11184285687008093,0.15360353192563309,0.30980340552276725,0.22150506821515453,0.08631857469798067,0.08829833730761273,-0.6157955280428205,-0.7745966692414834,3.8060215053763438,0.10021505376344084,0.053118279569892464,0.04064516129032257,0.009462365591397778,0.004086021505376333,0.806021505376344,,,0.04064516129032257
experiments/cikm2026,lastfm,weighted_ngcf,0,alpha_0.2_beta_0.1,0.2,none,,0.1615,0.4198068082632653,0.009766454352441613,0.07273228233372189,0.10805751802382321,0.1689727995370273,0.2957834523781822,0.22305117004446032,0.08488763658190072,0.07273228233372189,,,3.755283366296119,0.14815749391893424,0.056989247311827945,0.03956989247311827,0.0477346609379618,0.023655913978494647,0.7561290322580644,,,0.03956989247311827
experiments/cikm2026,lastfm,weighted_ngcf,0,alpha_0.2_beta_0.3,0.2,none,,0.1615,0.4201252796008449,0.008917197452229299,0.07269038317250046,0.10840827987633364,0.16849439171769454,0.29410016227768543,0.22140977910518497,0.08416690713458111,0.07269038317250046,0.3987752909561686,0.2581988897471611,3.757864011457409,0.14665211757484822,0.05935483870967741,0.036129032258064506,0.0494550910454887,0.02107526881720434,0.7587096774193547,,,0.036129032258064506
experiments/cikm2026,lastfm,weighted_ngcf,0,alpha_0.2_beta_0.5,0.2,none,,0.1615,0.41999258321018673,0.009447983014861995,0.07455609337337378,0.10858669512563321,0.16888387834711593,0.2940663128725928,0.21951021949921906,0.08364718695060722,0.07455609337337378,-0.1955803630707442,-0.2581988897471611,3.7567960171861143,0.14341903657732613,0.06150537634408601,0.03827956989247311,0.04729000431926159,0.02172043010752689,0.7580645161290321,,,0.03827956989247311
experiments/cikm2026,lastfm,weighted_ngcf,0,alpha_0.2_beta_0.0,0.2,none,,0.1621,0.41970065115073873,0.009978768577494692,0.07364668792629821,0.10795745452362121,0.16889266432973044,0.29431754053504977,0.22067085260875158,0.08408300621262367,0.07364668792629821,-0.13347046943257357,-0.2581988897471611,3.754434063061219,0.1483616358635113,0.056774193548387086,0.04043010752688171,0.049433267407761064,0.023870967741935534,0.7559139784946235,,,0.04043010752688171
experiments/cikm2026,lastfm,weighted_ngcf,0,alpha_0.2,0.2,none,,0.1617,0.42004566176645003,0.009235668789808917,0.07333629773608281,0.10847393380385753,0.16842623926548778,0.29519439894912575,0.22185810121304295,0.0844196159321695,0.07333629773608281,0.274429492145841,0.2581988897471611,3.757222487440041,0.14621837277501193,0.05913978494623655,0.03741935483870967,0.04815749391893442,0.021505376344086113,0.7582795698924729,,,0.03741935483870967
experiments/cikm2026,lastfm,weighted_ngcf,0,alpha_0.2_beta_0.0,0.2,none,,0.1619,0.4198864260976602,0.009819532908704883,0.07379040176683818,0.10793489705065497,0.17002721884141062,0.29484450735771073,0.22105410559087255,0.08428460101068115,0.07379040176683818,-0.2695061883085235,-0.2581988897471611,3.755932164859396,0.14750869535565708,0.056774193548387086,0.039784946236559135,0.04213598854259025,0.020645161290322567,0.7569892473118278,,,0.039784946236559135
experiments/cikm2026_SOTA,lastfm,weighted_ngcf,0,alpha_0.2_beta_0.0,0.2,none,,0.1629,0.42084184011039905,0.009925690021231422,0.07366930407652357,0.11027316441333802,0.1662240399983867,0.29330102697729826,0.2196317229007747,0.08326260227834488,0.07366930407652357,0.018975546155738595,0.2581988897471611,3.7636631885244034,0.1430034781422628,0.053118279569892464,0.04021505376344085,0.032243515424310636,0.014193548387096772,0.7640860215053762,,,0.04021505376344085
experiments/cikm2026,lastfm,weighted_ngcf,1,alpha_0.2_beta_0.0,0.2,none,,0.1552,0.42307113947345637,0.01024416135881104,0.0820111861832022,0.11309263271301305,0.14863686580247185,0.27528695593502595,0.19327576975182376,0.07347244253724644,0.0820111861832022,-0.3141061124531992,-0.2581988897471611,3.781738616472299,0.12471299643092588,0.05204301075268816,0.04150537634408601,0.02708949964763906,0.013333333333333308,0.782795698924731,,,0.04150537634408601
experiments/cikm2026,lastfm,weighted_ngcf,1,alpha_0.2_beta_0.0,0.2,none,,0.155,0.4229384430827982,0.010668789808917197,0.08059215065862352,0.11267674252732443,0.14857633750437624,0.27332092229931226,0.19272877164068875,0.07308051850714908,0.08059215065862352,-0.4269055517362166,-0.2581988897471611,3.7806706222010042,0.12255518425060809,0.05354838709677418,0.04322580645161289,0.031390574916456415,0.015483870967741953,0.7821505376344084,,,0.04322580645161289
experiments/cikm2026_SOTA,lastfm,weighted_ngcf,1,alpha_0.2_beta_0.0,0.2,none,,0.155,0.42052336877281943,0.011040339702760084,0.08561298599539366,0.11347033121867403,0.14920751899631257,0.2728294164608201,0.18721643046542644,0.07151272890144401,0.08561298599539366,0.6548117138892848,0.7745966692414834,3.7611152788197044,0.14232558139534882,0.051827956989247304,0.04473118279569892,0.0730891813862556,0.035698924731182746,0.7634408602150536,,,0.04473118279569892
experiments/cikm2026,lastfm,weighted_ngcf,2,alpha_0.2_beta_0.0,0.2,none,,0.1565,0.4188248549723948,0.012101910828025478,0.08547737253018156,0.11128515295875503,0.1476835356171012,0.27762991207278664,0.19215253954260508,0.07388323922249282,0.08547737253018156,0.1970110073832191,0.316227766016838,3.7473772988701715,0.14854031689740615,0.0550537634408602,0.04902862079156151,0.06446520721089369,0.030537634408602132,0.7511827956989245,,,0.04881720430107526
experiments/cikm2026,lastfm,weighted_ngcf,2,alpha_0.2_beta_0.0,0.2,none,,0.1558,0.41869215858173664,0.011146496815286623,0.08685701720662764,0.11128838508011867,0.14775095802098648,0.2781760309201733,0.19131901371354565,0.07378161778716387,0.08685701720662764,0.6544048823001487,0.7378647873726218,3.7463020300529672,0.14918547818772873,0.05935483870967741,0.04515765304962603,0.08638614199004294,0.041290322580645133,0.7501075268817203,,,0.04494623655913978
experiments/cikm2026_SOTA,lastfm,weighted_ngcf,2,alpha_0.2_beta_0.0,0.2,none,,0.1557,0.41869215858173664,0.012738853503184714,0.08517672378359081,0.1119548688963117,0.14747367977012243,0.27799075223479686,0.19281402845120604,0.07400989631253628,0.08517672378359081,0.4500764909059637,0.2581988897471611,3.7462983927800124,0.1481102093705244,0.05397849462365591,0.051612903225806445,0.09067994271295093,0.04322580645161289,0.7498924731182794,,,0.051612903225806445
experiments/cikm2026,lastfm,weighted_ngcf,3,alpha_0.2_beta_0.0,0.2,none,,0.1656,0.42381423926114214,0.013110403397027601,0.0838525557251282,0.12126550246096332,0.1583864458958319,0.29398415864144883,0.21013160291632063,0.07933582034922401,0.0838525557251282,-0.307686792462158,-0.2581988897471611,3.7877419354838704,0.10989247311827954,0.04924731182795698,0.053118279569892464,0.04430107526881718,0.016129032258064502,0.7877419354838708,,,0.053118279569892464
experiments/cikm2026,lastfm,weighted_ngcf,3,alpha_0.2_beta_0.0,0.2,none,,0.1605,0.41930256197876425,0.01157112526539278,0.08898927744212197,0.1220441141879935,0.15267122992138243,0.2826304398506657,0.19364116240854373,0.07342525856961059,0.08898927744212197,-0.8513449158511319,-0.7745966692414834,3.7512118938825605,0.1526590738593739,0.04924731182795698,0.04688172043010752,0.12725363158971562,0.05354838709677423,0.7529032258064514,,,0.04688172043010752
experiments/cikm2026_SOTA,lastfm,weighted_ngcf,3,alpha_0.2_beta_0.0,0.2,none,,0.165,0.42458387832695954,0.013057324840764332,0.08258057947206135,0.12082007751224187,0.15809197442809061,0.29443595165814945,0.2118553721860881,0.07990943110982755,0.08258057947206135,-0.005795771288560625,-0.2581988897471611,3.793978494623655,0.1068817204301075,0.04623655913978494,0.052903225806451605,0.030967741935483906,0.01204301075268821,0.7939784946236558,,,0.052903225806451605
experiments/cikm2026,lastfm,weighted_ngcf,4,alpha_0.2_beta_0.0,0.2,none,,0.1535,0.4207622222760041,0.01592356687898089,0.0797610871666576,0.11627784708349853,0.1584286405571541,0.2654717175949891,0.18571063042833152,0.06959894786190432,0.0797610871666576,0.4985882848304124,0.2581988897471611,3.7630107526881718,0.12752688172043009,0.04494623655913978,0.06451612903225805,0.03827956989247312,0.01806451612903226,0.7630107526881719,,,0.06451612903225805
experiments/cikm2026,lastfm,weighted_ngcf,4,alpha_0.2_beta_0.0,0.2,none,,0.1536,0.4211072328917154,0.01464968152866242,0.08000981138369734,0.11677205769275918,0.15695603117883575,0.2666844506143238,0.18667463923062644,0.0699322921361906,0.08000981138369734,-0.09946867498799011,-0.2581988897471611,3.765810088885857,0.12580281433994858,0.04903225806451612,0.05935483870967741,0.03182068244333808,0.01505376344086018,0.766021505376344,,,0.05935483870967741
experiments/cikm2026_SOTA,lastfm,weighted_ngcf,4,alpha_0.2_beta_0.0,0.2,none,,0.1537,0.4210276150573205,0.014331210191082803,0.0782949426924638,0.11604097572088187,0.15841689710693202,0.26617224770117925,0.18787730500871547,0.0703066966259893,0.0782949426924638,0.3852588901969297,0.2581988897471611,3.765164927595535,0.1294587283184432,0.04731182795698924,0.05806451612903225,0.03999272545409076,0.018709677419354823,0.7653763440860214,,,0.05806451612903225
experiments/cikm2026,lastfm,weighted_ngcf,5,alpha_0.2_beta_0.0,0.2,none,,0.1629,0.42222188257324406,0.012951167728237793,0.08040469858403976,0.12296816988087063,0.16206924728762964,0.2870112299295246,0.20660653134548485,0.07714293763421948,0.08040469858403976,-0.3215231424066176,-0.2581988897471611,3.774838709677419,0.12494623655913976,0.047741935483870956,0.05247311827956988,0.035268817204301126,0.017634408602150597,0.7748387096774192,,,0.05247311827956988
experiments/cikm2026,lastfm,weighted_ngcf,5,alpha_0.2_beta_0.0,0.2,none,,0.1626,0.42222188257324406,0.013004246284501062,0.08096823848150202,0.12221766244996701,0.16073174088087028,0.2863782466711425,0.20541000818964045,0.07684240318003818,0.08096823848150202,0.2634405434052764,0.2581988897471611,3.774838709677419,0.12559139784946233,0.04688172043010752,0.05268817204301074,0.032258064516129,0.016129032258064502,0.7748387096774192,,,0.05268817204301074
experiments/cikm2026_SOTA,lastfm,weighted_ngcf,5,alpha_0.2_beta_0.0,0.2,none,,0.1628,0.42195648979192774,0.012261146496815287,0.07959812471327092,0.1227469765597657,0.16152508887296102,0.28676211823291514,0.2071639935196442,0.07728995459414713,0.07959812471327092,0.5148242251859795,0.2581988897471611,3.7726881720430105,0.12623655913978493,0.05139784946236558,0.0496774193548387,0.03784946236559129,0.01806451612903215,0.7726881720430107,,,0.0496774193548387
experiments/cikm2026,lastfm,weighted_ngcf,6,alpha_0.2_beta_0.0,0.2,none,,0.1588,0.41842676580042026,0.013959660297239915,0.0729344005862928,0.11523104100918967,0.15581308979999747,0.2796153511045626,0.2066809505182698,0.07720548969215864,0.0729344005862928,0.9131301896464297,0.316227766016838,3.744144217872649,0.15650821796358175,0.042795698924731174,0.05655186523903702,0.10788424378821976,0.04860215053763439,0.7475268817204299,,,0.0561290322580645
experiments/cikm2026,lastfm,weighted_ngcf,6,alpha_0.2_beta_0.0,0.2,none,,0.158,0.4185860014692101,0.014543524416135881,0.07383263835424818,0.1170525284579396,0.15589427385708599,0.27878318710699246,0.20495054875274427,0.07639288681238522,0.07383263835424818,0.8983175209083718,0.9486832980505139,3.7454236286344305,0.15221805451362838,0.04344086021505376,0.05891745663688648,0.10102434699583973,0.04795698924731173,0.7481720430107526,,,0.058494623655913965
experiments/cikm2026_SOTA,lastfm,weighted_ngcf,6,alpha_0.2_beta_0.0,0.2,none,,0.158,0.418665619303605,0.013800424628450107,0.07430815364628637,0.11623900471279955,0.15597653582386137,0.279257402016072,0.20494924836978565,0.07656057917314424,0.07430815364628637,0.9584724469298443,0.9486832980505139,3.7460651526517985,0.15114642296937866,0.04688172043010752,0.05590670394871444,0.09242219645820546,0.04473118279569899,0.7486021505376342,,,0.055483870967741926
experiments/cikm2026,lastfm,weighted_ngcf,7,alpha_0.2_beta_0.0,0.2,none,,0.1593,0.4176836660127345,0.013481953290870489,0.08205202206165722,0.10447628364422919,0.15960942590206176,0.2902026469748873,0.20815062491323005,0.0807903211449186,0.08205202206165722,-0.5216606247620792,-0.7745966692414834,3.738133624315169,0.15713519288913133,0.05010752688172042,0.05462365591397848,0.05924572052103935,0.026451612903225785,0.7421505376344084,,,0.05462365591397848
experiments/cikm2026,lastfm,weighted_ngcf,7,alpha_0.2_beta_0.0,0.2,none,,0.1607,0.41999258321018673,0.015339702760084926,0.08315574132567105,0.10629692979561188,0.16482561235602544,0.2937215386073399,0.21056579728166885,0.08166669604918983,0.08315574132567105,0.03519023288937795,0.2581988897471611,3.7568142035508867,0.13673782081884106,0.04429743799586259,0.06215053763440859,0.023189433722066666,0.006881720430107527,0.7591397849462365,,,0.06215053763440859
experiments/cikm2026_SOTA,lastfm,weighted_ngcf,7,alpha_0.2_beta_0.0,0.2,none,,0.161,0.4199660439320551,0.01470276008492569,0.08211884222684003,0.1072901347994017,0.16181531492687687,0.2938410917391307,0.21172224951229068,0.08178343857984298,0.08211884222684003,-0.7526719128342385,-0.7745966692414834,3.756595512514491,0.13673782081884103,0.04709677419354838,0.059569892473118266,0.02101707244993063,0.005806451612903246,0.7587096774193547,,,0.059569892473118266
experiments/cikm2026,lastfm,weighted_ngcf,8,alpha_0.2_beta_0.0,0.2,none,,0.1524,0.41765712673460287,0.011093418259023354,0.08548623645258178,0.10686511152959347,0.14017268571841493,0.2687249981177818,0.18323876166519998,0.07108877470167513,0.08548623645258178,-0.3769563966287319,-0.632455532033676,3.7379112960058194,0.16467662370137987,0.05247311827956988,0.044938962013230575,0.05715337925390431,0.024086021505376337,0.7415053763440859,,,0.04451612903225806
experiments/cikm2026,lastfm,weighted_ngcf,8,alpha_0.2_beta_0.0,0.2,none,,0.1526,0.418373687244157,0.010881104033970275,0.08387897891288017,0.1087493575481072,0.1401185859327484,0.26928575203684363,0.18540677312396348,0.07141306773610465,0.08387897891288017,-0.25118957473553044,0.2581988897471611,3.7436959239809946,0.1548059742208279,0.05741935483870966,0.04407874695946713,0.0219354838709677,0.008817204301075243,0.7460215053763439,,,0.043655913978494616
experiments/cikm2026_SOTA,lastfm,weighted_ngcf,8,alpha_0.2_beta_0.0,0.2,none,,0.154,0.4191964048662377,0.010828025477707006,0.08591516164500572,0.10968775824561074,0.14352746303221817,0.26954598995033735,0.18363082830533162,0.07079240942484046,0.08591516164500572,-0.6241551081661051,-0.7745966692414834,3.7503553161017518,0.14986701220759732,0.055913978494623644,0.043863693196026274,0.0068744458841982665,0.0030107526881719693,0.7522580645161289,,,0.04344086021505376
experiments/cikm2026,lastfm,weighted_ngcf,9,alpha_0.2_beta_0.0,0.2,none,,0.162,0.4253800566709086,0.010934182590233545,0.08868644537335459,0.11025443645058115,0.14970573279387292,0.30475426437081055,0.21606781899745597,0.08452088095223209,0.08868644537335459,-0.5271254167400888,-0.316227766016838,3.800430107526881,0.1047311827956989,0.05053763440860214,0.04430107526881719,0.1540957966764418,0.06516129032258064,0.8004301075268816,,,0.04430107526881719
experiments/cikm2026_SOTA,lastfm,weighted_ngcf,9,alpha_0.2_beta_0.0,0.2,none,,0.1617,0.42548621378343515,0.010509554140127388,0.08736171496148229,0.11065150857532852,0.15131192032851298,0.3040799674992415,0.2167182525377592,0.08441147666270611,0.08736171496148229,-0.6683950901463133,-0.7745966692414834,3.8012903225806447,0.10559139784946235,0.05053763440860214,0.042580645161290315,0.018924731182795654,0.009462365591397848,0.801290322580645,,,0.042580645161290315
experiments/cikm2026,lastfm,weighted_ngcf,0,alpha_0.4_beta_0.1,0.4,none,,0.1614,0.41771020529086617,0.01178343949044586,0.07306866134948653,0.1072935076476482,0.16532387685422018,0.29340669304539707,0.22033803169591054,0.08390547599687566,0.07306866134948653,0.17751690133898454,-0.2581988897471611,3.7383195798949735,0.1612503125781445,0.05268817204301074,0.047741935483870956,0.082092341267135,0.0391397849462366,0.7406451612903224,,,0.047741935483870956
experiments/cikm2026,lastfm,weighted_ngcf,0,alpha_0.4_beta_0.3,0.4,none,,0.1617,0.4174448125095498,0.011093418259023354,0.07485236873521728,0.10685986303045038,0.16702046012769348,0.2941749627932649,0.2193225940580476,0.08385118835499633,0.07485236873521728,0.5143999932700837,0.7745966692414834,3.736172679533519,0.16533269681056623,0.05354838709677418,0.04494623655913978,0.08595603446316127,0.04107526881720436,0.7387096774193547,,,0.04494623655913978
experiments/cikm2026,lastfm,weighted_ngcf,0,alpha_0.4,0.4,none,,0.161,0.41789598023778757,0.011305732484076432,0.07521284610730879,0.10865961882258277,0.164507624013445,0.29323149136041204,0.21801864525310327,0.08305870795898326,0.07521284610730879,0.4146286790993565,0.2581988897471611,3.739824956239059,0.15995998999749933,0.054408602150537624,0.04580645161290322,0.07865148105208125,0.037634408602150615,0.7421505376344084,,,0.04580645161290322
experiments/cikm2026,lastfm,weighted_ngcf,0,alpha_0.4_beta_0.5,0.4,none,,0.161,0.4178429016815243,0.011093418259023354,0.07381262867629333,0.1078515663415549,0.16559963960390298,0.2942501684128264,0.22043753973653307,0.08396667901612583,0.07381262867629333,0.1992807170625116,-0.2581988897471611,3.739391211439223,0.16082384232421737,0.05483870967741934,0.04494623655913978,0.07951897065175394,0.038279569892473164,0.7415053763440859,,,0.04494623655913978
experiments/cikm2026,lastfm,weighted_ngcf,0,alpha_0.4_beta_0.0,0.4,none,,0.1614,0.4174713517876814,0.010934182590233545,0.07275416846411965,0.10687279003463594,0.1660938608429003,0.29379712819036136,0.22104295972624172,0.08422155917193389,0.07275416846411965,0.07370449066557999,-0.2581988897471611,3.7363877332969597,0.16404237422992107,0.05526881720430107,0.04430107526881719,0.08552592693627954,0.04086021505376347,0.7389247311827956,,,0.04430107526881719
experiments/cikm2026,lastfm,weighted_ngcf,0,alpha_0.4_beta_0.0,0.4,none,,0.1615,0.4177632838471294,0.011093418259023354,0.07575829734930908,0.10802833994053908,0.16604278671704267,0.29359577247796625,0.21783747512865717,0.08318523098690028,0.07575829734930908,0.6430196014746478,0.7745966692414834,3.7387460501489,0.16168405737798083,0.05462365591397848,0.04494623655913978,0.07650821796358187,0.03677419354838707,0.7408602150537633,,,0.04494623655913978
experiments/cikm2026_SOTA,lastfm,weighted_ngcf,0,alpha_0.4_beta_0.0,0.4,none,,0.1618,0.41816137301910394,0.010721868365180466,0.07607499003323046,0.10785300681865911,0.16486304935092103,0.29280833736568507,0.2167333473324546,0.08280063467699765,0.07607499003323046,0.6863747122806707,0.7745966692414834,3.7419682193275587,0.160827479597172,0.05376344086021504,0.04344086021505376,0.07265179931346476,0.03440860215053765,0.7438709677419353,,,0.04344086021505376
experiments/cikm2026,lastfm,weighted_ngcf,1,alpha_0.4_beta_0.0,0.4,none,,0.1561,0.41725903756262833,0.01151804670912951,0.08589381661491292,0.11155524460325254,0.1450268959671674,0.2730175129434113,0.1871236963284984,0.07191249946300075,0.08589381661491292,0.8915989233779984,0.316227766016838,3.7346891268271607,0.1672609061356248,0.051394212189410975,0.04665575484780285,0.12034281297597131,0.05763440860215052,0.7384946236559138,,,0.04602150537634408
experiments/cikm2026,lastfm,weighted_ngcf,1,alpha_0.4_beta_0.0,0.4,none,,0.1539,0.4193291012568959,0.011358811040339702,0.08258991917578137,0.11161067983059521,0.14702669467100687,0.2739648538223734,0.19137493464659203,0.07303472477384472,0.08258991917578137,0.3958354272159481,-0.21081851067789195,3.7514378594648656,0.15416081293050532,0.04838709677419354,0.04601423083043487,0.0898561003887335,0.04387096774193544,0.753763440860215,,,0.04559139784946235
experiments/cikm2026_SOTA,lastfm,weighted_ngcf,1,alpha_0.4_beta_0.0,0.4,none,,0.1543,0.4196741118726071,0.011358811040339702,0.08383523989950735,0.11094606073454004,0.14800707836212215,0.2739976004276396,0.19016236052813223,0.07282156278100109,0.08383523989950735,0.323560689661443,-0.21081851067789195,3.754229921116642,0.1509350064788924,0.04881720430107526,0.046017868103389474,0.08729000431926162,0.04279569892473112,0.7563440860215053,,,0.04580645161290322
experiments/cikm2026,lastfm,weighted_ngcf,2,alpha_0.4_beta_0.0,0.4,none,,0.1537,0.41983334754139695,0.013588110403397028,0.08073330816027277,0.10804042653188532,0.1480344049799349,0.27797024798291514,0.19723693982264237,0.07563750417487532,0.08073330816027277,-0.7019496144233962,-0.316227766016838,3.75554570460797,0.14338630112073472,0.046017868103389474,0.0550501261679056,0.047698288208415686,0.022580645161290214,0.7591397849462365,,,0.05483870967741934
experiments/cikm2026,lastfm,weighted_ngcf,2,alpha_0.4_beta_0.0,0.4,none,,0.1541,0.41518897386836084,0.013535031847133758,0.08316323509785925,0.10981900391112591,0.14532632812837823,0.2741263947043055,0.19096315960644625,0.07326700074271131,0.08316323509785925,0.17536507181913835,0.7378647873726218,3.717936756916501,0.18034645024892584,0.04688172043010752,0.05483507240446474,0.1461274409511468,0.06838709677419352,0.7230107526881719,,,0.05462365591397848
experiments/cikm2026_SOTA,lastfm,weighted_ngcf,2,alpha_0.4_beta_0.0,0.4,none,,0.1543,0.41489704180891285,0.014171974522292994,0.08303249173396895,0.11002341855840182,0.14336784025926858,0.27373017501550156,0.1906976832815326,0.07316102177424318,0.08303249173396895,0.47764704542079395,0.2581988897471611,3.7155566164268334,0.1799272545409079,0.04709677419354838,0.05741935483870966,0.15302371047307278,0.07333333333333336,0.719784946236559,,,0.05741935483870966
experiments/cikm2026,lastfm,weighted_ngcf,3,alpha_0.4_beta_0.0,0.4,none,,0.1629,0.4214787827855583,0.013535031847133758,0.07973912944820238,0.11660516761980255,0.15621960470442253,0.2888257879343081,0.2090866584861057,0.07895380142075765,0.07973912944820238,-0.3365319478024843,-0.2581988897471611,3.768820841574029,0.12451249175930343,0.051827956989247304,0.05483870967741934,0.0787024028734456,0.03483870967741931,0.769032258064516,,,0.05483870967741934
experiments/cikm2026,lastfm,weighted_ngcf,3,alpha_0.4_beta_0.0,0.4,none,,0.1624,0.4213460863949001,0.014171974522292994,0.07854179571100074,0.11676698700690194,0.15518745157343086,0.2896173598280811,0.2110755641170804,0.07957441458110777,0.07854179571100074,-0.22035453136682037,0.2581988897471611,3.7677455727568248,0.1247275455227443,0.05010752688172042,0.05741935483870966,0.07741208029280044,0.03849462365591394,0.7679569892473117,,,0.05741935483870966
experiments/cikm2026_SOTA,lastfm,weighted_ngcf,3,alpha_0.4_beta_0.0,0.4,none,,0.1628,0.4212664685605052,0.013481953290870489,0.08000484891633884,0.11816778459579029,0.15395987502734343,0.28755589780654095,0.2075510488902021,0.07819226999005194,0.08000484891633884,-0.6447948437133383,-0.7745966692414834,3.767100411466502,0.12709313692059376,0.05118279569892472,0.05462365591397848,0.08128304803473607,0.03870967741935494,0.767311827956989,,,0.05462365591397848
experiments/cikm2026,lastfm,weighted_ngcf,4,alpha_0.4_beta_0.0,0.4,none,,0.1513,0.41741827323141817,0.013535031847133758,0.07745231642333307,0.11350023185000772,0.15380690328094856,0.2643564385255249,0.18690412210219182,0.0701186711033324,0.07745231642333307,-0.36695617147698634,-0.2581988897471611,3.7359248903134867,0.1554729591488781,0.05376344086021504,0.05483870967741934,0.1014835527063583,0.04451612903225799,0.7365591397849461,,,0.05483870967741934
experiments/cikm2026,lastfm,weighted_ngcf,4,alpha_0.4_beta_0.0,0.4,none,,0.1505,0.4177632838471294,0.013004246284501062,0.07937597953551534,0.11322962545435171,0.15369036129429806,0.2659586989897962,0.18658271945428084,0.07028923662880329,0.07937597953551534,-0.3875483256077735,-0.2581988897471611,3.7387315010570816,0.15288140216872398,0.055698924731182785,0.05268817204301074,0.09931119143422205,0.04107526881720425,0.7399999999999999,,,0.05268817204301074
experiments/cikm2026_SOTA,lastfm,weighted_ngcf,4,alpha_0.4_beta_0.0,0.4,none,,0.1513,0.41739173395328655,0.013853503184713376,0.07798258772563108,0.11210206440350168,0.15309428064006209,0.26543220492959824,0.18744961720396716,0.07060168513860715,0.07798258772563108,-0.4398746303718054,-0.2581988897471611,3.735709836550046,0.1554729591488781,0.05268817204301074,0.0561290322580645,0.1027738752870035,0.0443010752688172,0.7363440860215053,,,0.0561290322580645
experiments/cikm2026,lastfm,weighted_ngcf,5,alpha_0.4_beta_0.0,0.4,none,,0.1614,0.41962103331634387,0.01321656050955414,0.07658783966810291,0.12056210450414703,0.1578971179389378,0.28360596340336813,0.20701812373526524,0.07712868922966884,0.07658783966810291,-0.3448184694446941,-0.2581988897471611,3.753774352679078,0.14106435699834047,0.051612903225806445,0.05354838709677418,0.07739753120098204,0.03806451612903228,0.7544086021505375,,,0.05354838709677418
experiments/cikm2026,lastfm,weighted_ngcf,5,alpha_0.4_beta_0.0,0.4,none,,0.162,0.41930256197876425,0.013906581740976646,0.07698215356036558,0.12028643095890348,0.15787809473357697,0.2832704810709935,0.20628832751062792,0.07692304276601777,0.07698215356036558,-0.2947783968834118,-0.2581988897471611,3.7511900702448333,0.1404228329809725,0.05204301075268816,0.05634408602150537,0.07955534338129977,0.039354838709677376,0.7516129032258063,,,0.05634408602150537
experiments/cikm2026_SOTA,lastfm,weighted_ngcf,5,alpha_0.4_beta_0.0,0.4,none,,0.162,0.4193821798131591,0.013588110403397028,0.07839755278066736,0.12162741570141161,0.1581122844571139,0.28295464513787827,0.20455709235721092,0.07624389285138841,0.07839755278066736,0.12516983423397848,0.2581988897471611,3.75183886880811,0.1397740344176953,0.05333333333333332,0.0550537634408602,0.07782763872786365,0.03827956989247305,0.7524731182795698,,,0.0550537634408602
experiments/cikm2026,lastfm,weighted_ngcf,6,alpha_0.4_beta_0.0,0.4,none,,0.1537,0.41139385709553705,0.013004246284501062,0.07561739757310461,0.11541450617862829,0.15103328072023262,0.27480891932457474,0.19919152175147015,0.07455883263226872,0.07561739757310461,0.9628747666153913,0.9486832980505139,3.6872349905658224,0.20977971765668685,0.05030439428038827,0.05268089749710154,0.21525108549864747,0.10086021505376341,0.6952688172043009,,,0.05225806451612902
experiments/cikm2026,lastfm,weighted_ngcf,6,alpha_0.4_beta_0.0,0.4,none,,0.1551,0.4204437509384245,0.012845010615711253,0.07117517562669401,0.11363159680383504,0.15225642892749797,0.2793830279961373,0.20820785236944328,0.07780336348526812,0.07117517562669401,0.8956994407825769,0.7745966692414834,3.7604737548023364,0.1401750437609402,0.047308190684034634,0.05204301075268816,0.06877355702562003,0.03311827956989244,0.7630107526881719,,,0.05204301075268816
experiments/cikm2026_SOTA,lastfm,weighted_ngcf,6,alpha_0.4_beta_0.0,0.4,none,,0.1549,0.4202579759915031,0.01337579617834395,0.07109408411119415,0.11351229090979732,0.15232718684497054,0.27855725188949976,0.2074631677783056,0.07750788340741968,0.07109408411119415,0.9281799015673258,0.7745966692414834,3.758964741185296,0.13974857350701309,0.047093136920593776,0.054193548387096765,0.06662301939121142,0.03204301075268823,0.761290322580645,,,0.054193548387096765
experiments/cikm2026,lastfm,weighted_ngcf,7,alpha_0.4_beta_0.0,0.4,none,,0.1597,0.41542782737154554,0.015021231422505308,0.08257340126956277,0.10619811113790557,0.16144001848501657,0.29343637904508724,0.21086297777552448,0.08169078211503812,0.08257340126956277,-0.6334780594030741,-0.7745966692414834,3.7198649662415595,0.1670313032803655,0.05224351542431061,0.060860215053763426,0.08589056354997829,0.0391397849462366,0.7245161290322579,,,0.060860215053763426
experiments/cikm2026,lastfm,weighted_ngcf,7,alpha_0.4_beta_0.0,0.4,none,,0.1589,0.41388854923991075,0.014118895966029724,0.08382041059777565,0.10669920477433291,0.1628884843561611,0.28865324309015855,0.2048328324923829,0.07937764582852883,0.08382041059777565,0.5428855919872572,0.632455532033676,3.7074282206915354,0.18183000295528423,0.05354111255086498,0.0572006638023142,0.10650662665666413,0.04860215053763439,0.7141935483870966,,,0.056989247311827945
experiments/cikm2026_SOTA,lastfm,weighted_ngcf,7,alpha_0.4_beta_0.0,0.4,none,,0.1589,0.41420702057749037,0.013959660297239915,0.08214897272246005,0.10534114898561255,0.16166368101860126,0.2895219675335682,0.20737299481110813,0.08035334771274111,0.08214897272246005,-0.4039288992403061,-0.7378647873726218,3.7100052285798713,0.1824788015185614,0.05096046738957466,0.05655550251199162,0.08288708540771542,0.03784946236559139,0.7165591397849461,,,0.05634408602150537
experiments/cikm2026,lastfm,weighted_ngcf,8,alpha_0.4_beta_0.0,0.4,none,,0.1573,0.4182675301316305,0.011358811040339702,0.08463220502142633,0.10823004389939868,0.14573998160838214,0.27079164452952187,0.18615943950809555,0.07177113935227646,0.08463220502142633,0.3446980908996973,-0.316227766016838,3.7428247971083675,0.1507308645343154,0.06043010752688171,0.04601423083043487,0.04729000431926165,0.01677419354838705,0.744516129032258,,,0.04559139784946235
experiments/cikm2026,lastfm,weighted_ngcf,8,alpha_0.4_beta_0.0,0.4,none,,0.1568,0.4185329229129468,0.011464968152866241,0.08407742680095356,0.1074189863941856,0.14660385037465434,0.2729797370542744,0.18890231025332085,0.07291053821574948,0.08407742680095356,-0.3918922913238178,-0.2581988897471611,3.7449826092886855,0.14857305235399756,0.05999999999999999,0.046444338357316595,0.015906703948714313,0.007741935483870921,0.7470967741935483,,,0.04602150537634408
experiments/cikm2026_SOTA,lastfm,weighted_ngcf,8,alpha_0.4_beta_0.0,0.4,none,,0.1561,0.4190637084755795,0.012261146496815287,0.08304804437172547,0.10747612127587754,0.14576228559886642,0.27336270600899015,0.19031466163726468,0.0733210125449473,0.08304804437172547,-0.5937077534307867,-0.7745966692414834,3.7492764100115936,0.14578462797517558,0.05526881720430107,0.0496701448089295,0.014609106822160128,0.005161290322580649,0.7509677419354838,,,0.04924731182795698
experiments/cikm2026,lastfm,weighted_ngcf,9,alpha_0.4_beta_0.0,0.4,none,,0.1617,0.4232303751422462,0.01024416135881104,0.0855280836727777,0.10839494740798257,0.15235942428923083,0.30331999053884506,0.21779190686606736,0.08483085246221195,0.0855280836727777,-0.45101895858127294,-0.316227766016838,3.783014389961126,0.11870604014640021,0.056774193548387086,0.04150537634408601,0.1317374798245015,0.051397849462365586,0.7832258064516128,,,0.04150537634408601
experiments/cikm2026_SOTA,lastfm,weighted_ngcf,9,alpha_0.4_beta_0.0,0.4,none,,0.1616,0.42336307153290437,0.010934182590233545,0.08542961957484269,0.10902401607154157,0.15081299837784432,0.3038918012294866,0.21846218165464393,0.08504054150818977,0.08542961957484269,0.6520615271831511,0.7745966692414834,3.7840896587783304,0.11526517993134645,0.05634408602150537,0.04430107526881719,0.04644433835731657,0.023010752688171987,0.7843010752688171,,,0.04430107526881719
experiments/cikm2026,lastfm,weighted_ngcf,0,alpha_0.8,0.8,none,,0.1624,0.4117654069893799,0.01151804670912951,0.07662036935805647,0.10834509041628969,0.17147816220967305,0.2930749072572636,0.21645453789920713,0.08282273395571985,0.07662036935805647,0.7420923198350479,0.7745966692414834,3.6902202823433123,0.21171883880060918,0.051394212189410975,0.046666666666666655,0.18130168905862828,0.08301075268817204,0.696774193548387,,,0.046666666666666655
experiments/cikm2026,lastfm,weighted_ngcf,0,alpha_0.8_beta_0.0,0.8,none,,0.1623,0.41091615008916765,0.012526539278131636,0.07754142662050055,0.10868241124827921,0.17050665946216295,0.2927633924390329,0.2152219658185323,0.08238156046456396,0.07754142662050055,0.975101738989137,0.7745966692414834,3.68333492464025,0.21236400009093176,0.05354838709677418,0.050752688172043,0.18733046898088151,0.08795698924731177,0.6896774193548386,,,0.050752688172043
experiments/cikm2026_SOTA,lastfm,weighted_ngcf,0,alpha_0.8_beta_0.0,0.8,none,,0.1615,0.41163271059872175,0.012154989384288748,0.07618017074786546,0.10783460217930187,0.16994318620577584,0.29203036388572456,0.2158501931378591,0.08256650568212312,0.07618017074786546,0.8347981626045662,0.7745966692414834,3.6891341017072445,0.20979062947555066,0.051827956989247304,0.04924731182795698,0.1821910022960285,0.08322580645161282,0.6950537634408601,,,0.04924731182795698
experiments/cikm2026,lastfm,weighted_ngcf,1,alpha_0.8_beta_0.0,0.8,none,,0.1495,0.4102261288577451,0.011305732484076432,0.07878698129321908,0.11283945692729763,0.1435882484778978,0.2731884324356016,0.1944014511423825,0.0735714743217732,0.07878698129321908,-0.48999767264646066,-0.10540925533894598,3.6777617131555607,0.21796267248630335,0.05848371183705016,0.04579190252108481,0.23419764031917062,0.11096774193548375,0.6851612903225806,,,0.04494623655913978
experiments/cikm2026,lastfm,weighted_ngcf,1,alpha_0.8_beta_0.0,0.8,none,,0.1537,0.4117388677112483,0.010881104033970275,0.08298517016016178,0.11522026210450088,0.14683426448820414,0.2706861734444366,0.1877010032842748,0.07108791419813876,0.08298517016016178,0.8896923082722974,0.9486832980505139,3.6900343267635085,0.21000204596603692,0.05590306667575984,0.04406056059469412,0.2126631657914479,0.09935483870967743,0.698279569892473,,,0.042580645161290315
experiments/cikm2026_SOTA,lastfm,weighted_ngcf,1,alpha_0.8_beta_0.0,0.8,none,,0.1501,0.41030574669214004,0.01162420382165605,0.07750478985878768,0.11283720651988562,0.14426285923975066,0.27254350214023854,0.19503871228145087,0.07360991553265815,0.07750478985878768,-0.9124490631702356,-0.632455532033676,3.678399599899975,0.21903794130350765,0.05548023369478732,0.04708222510172997,0.2385205392257155,0.11376344086021506,0.6853763440860213,,,0.04623655913978494
experiments/cikm2026,lastfm,weighted_ngcf,2,alpha_0.8_beta_0.0,0.8,none,,0.1515,0.40924417556687465,0.012367303609341827,0.07680173491798778,0.1079477648207576,0.14196939750094187,0.27047708817109584,0.19367535325310806,0.07366075994180447,0.07680173491798778,-0.13740529063708642,0.2581988897471611,3.669877469367341,0.2232480847484598,0.056766919002477885,0.05010752688172042,0.2190347586896724,0.10021505376344075,0.6815053763440859,,,0.05010752688172042
experiments/cikm2026,lastfm,weighted_ngcf,2,alpha_0.8_beta_0.0,0.8,none,,0.1514,0.4094299505137961,0.013110403397027601,0.0798276500360072,0.10787054424860577,0.14329833880818083,0.2714083585211307,0.1915807084851235,0.07328455779866662,0.0798276500360072,-0.042385184072785215,-0.2581988897471611,3.6713828457114275,0.21830184818932002,0.0571970265293596,0.053118279569892464,0.23622451067312286,0.10838709677419356,0.6830107526881719,,,0.053118279569892464
experiments/cikm2026_SOTA,lastfm,weighted_ngcf,2,alpha_0.8_beta_0.0,0.8,none,,0.1508,0.4088991649511634,0.012154989384288748,0.07854042487828033,0.1079499687907264,0.1431144412361564,0.2722896412916976,0.19374921641341725,0.07395259635064355,0.07854042487828033,0.0245354380184242,0.2581988897471611,3.6670926822614742,0.22301848189320053,0.06064152401736796,0.04924731182795698,0.24866853076905593,0.11376344086021506,0.6793548387096773,,,0.04924731182795698
experiments/cikm2026,lastfm,weighted_ngcf,3,alpha_0.8_beta_0.0,0.8,none,,0.1555,0.40956264690445426,0.014171974522292994,0.07858669401864657,0.12153007339360945,0.15369724392118464,0.2760807626670139,0.19749406864836735,0.07347959060401353,0.07858669401864657,-0.2993019756214579,0.316227766016838,3.672429016344995,0.2131696560503762,0.05698561003887334,0.05741571756575506,0.2667548705358156,0.12150537634408598,0.6823655913978494,,,0.057204301075268804
experiments/cikm2026,lastfm,weighted_ngcf,3,alpha_0.8_beta_0.0,0.8,none,,0.155,0.40924417556687465,0.013800424628450107,0.08064400675107268,0.12285359931990066,0.15404767182057,0.27671371212115653,0.19606970537008384,0.07301799394147232,0.08064400675107268,0.3134654015319992,0.2581988897471611,3.6698447339107494,0.21682557002887082,0.05741571756575506,0.055913978494623644,0.27321375798495057,0.12688172043010748,0.6795698924731182,,,0.055913978494623644
experiments/cikm2026_SOTA,lastfm,weighted_ngcf,3,alpha_0.8_beta_0.0,0.8,none,,0.1544,0.41004035391082366,0.013163481953290871,0.07871955127510327,0.12512413663814187,0.15381534221430615,0.2759764300804911,0.19725687880538784,0.07297515446130604,0.07871955127510327,-0.11579100048313884,0.316227766016838,3.676281797722157,0.21383300370547176,0.05655550251199162,0.05332969606037872,0.26593102821159836,0.12086021505376343,0.6851612903225806,,,0.053118279569892464
experiments/cikm2026,lastfm,weighted_ngcf,4,alpha_0.8_beta_0.0,0.8,none,,0.1492,0.41078345369850944,0.013906581740976646,0.07755849072053504,0.10501657119231808,0.15151984104563504,0.2644834435428587,0.18692495282232363,0.0713784712317901,0.07755849072053504,-0.46241565276332675,-0.2581988897471611,3.6821941849098634,0.20468753552024366,0.056774193548387086,0.05634408602150537,0.20593421082543353,0.09634408602150535,0.6847311827956988,,,0.05634408602150537
experiments/cikm2026,lastfm,weighted_ngcf,4,alpha_0.8_beta_0.0,0.8,none,,0.1498,0.41083653225477273,0.014171974522292994,0.07641542454432526,0.10650088613700852,0.15277157723135584,0.2633119303130418,0.18689650576871653,0.07098219451485528,0.07641542454432526,-0.3642731063271984,-0.2581988897471611,3.682642478801518,0.20337902657482548,0.05655913978494623,0.05741935483870966,0.2020268703539521,0.09483870967741936,0.6862365591397848,,,0.05741935483870966
experiments/cikm2026_SOTA,lastfm,weighted_ngcf,4,alpha_0.8_beta_0.0,0.8,none,,0.1494,0.410889610811036,0.012738853503184714,0.07677562032144315,0.10621107414939113,0.15341128598283282,0.26456617078365186,0.18779055046220872,0.07144244496383613,0.07677562032144315,-0.4206316003643298,-0.2581988897471611,3.6830616745095357,0.20446520721089362,0.060860215053763426,0.051612903225806445,0.2171024574325399,0.09440860215053759,0.686021505376344,,,0.051612903225806445
experiments/cikm2026,lastfm,weighted_ngcf,5,alpha_0.8_beta_0.0,0.8,none,,0.1565,0.40754566176645,0.01162420382165605,0.07513904001402637,0.11762518608004309,0.15133780385857643,0.27317295043430767,0.1980339104202813,0.07374118779113104,0.07513904001402637,-0.4956474792911414,-0.2581988897471611,3.656037645775079,0.23451090045238576,0.06235467957898564,0.04709677419354838,0.28190320307349553,0.129247311827957,0.6632258064516128,,,0.04709677419354838
experiments/cikm2026,lastfm,weighted_ngcf,5,alpha_0.8_beta_0.0,0.8,none,,0.16,0.4137293135711209,0.012632696390658175,0.07401349503387383,0.11596134718601725,0.15270258079007715,0.27961625321402117,0.20560275818014734,0.07683749713296091,0.07401349503387383,-0.1853168973332636,0.2581988897471611,3.7060615153788445,0.18641160290072514,0.05634408602150537,0.05118279569892472,0.1723930982745685,0.08258064516129027,0.7083870967741934,,,0.05118279569892472
experiments/cikm2026_SOTA,lastfm,weighted_ngcf,5,alpha_0.8_beta_0.0,0.8,none,,0.1569,0.4070148762038173,0.012791932059447984,0.07364984609669144,0.11846571271909723,0.150456749729132,0.27423385126424543,0.20058400516755398,0.07447718433143187,0.07364984609669144,0.2558295346959487,0.2581988897471611,3.6517511195980807,0.23320966605287682,0.06321125735979448,0.051827956989247304,0.27800313714792313,0.13096774193548377,0.659784946236559,,,0.051827956989247304
experiments/cikm2026,lastfm,weighted_ngcf,6,alpha_0.8_beta_0.0,0.8,none,,0.1531,0.4028482095371506,0.011411889596602972,0.06682514704206972,0.12012206857122062,0.15074947576703,0.2728621372420688,0.2060369901999991,0.07562827053619109,0.06682514704206972,0.2665050337910166,0.316227766016838,3.6181513560208227,0.2812143945077178,0.05440132760462842,0.04623292186683033,0.35470867716929216,0.16043010752688158,0.6356989247311827,,,0.04602150537634408
experiments/cikm2026,lastfm,weighted_ngcf,6,alpha_0.8_beta_0.0,0.8,none,,0.1535,0.4102261288577451,0.01167728237791932,0.0657413549904559,0.11022479811883328,0.1501410556352959,0.2767361077405967,0.2109947527501408,0.07864735490355286,0.0657413549904559,-0.735518711713493,-0.7745966692414834,3.6777398895178335,0.22376548682625197,0.05118279569892472,0.04731182795698924,0.23596171770215274,0.11225806451612896,0.6838709677419353,,,0.04731182795698924
experiments/cikm2026_SOTA,lastfm,weighted_ngcf,6,alpha_0.8_beta_0.0,0.8,none,,0.153,0.4098280396857706,0.01157112526539278,0.06553794934574939,0.11256065813111345,0.14949741314080417,0.2780715271697279,0.2125335778239785,0.07894631199580088,0.06553794934574939,,,3.6745249948850844,0.22870081156652794,0.04989247311827956,0.04688172043010752,0.23550251199163416,0.11204301075268819,0.681290322580645,,,0.04688172043010752
experiments/cikm2026,lastfm,weighted_ngcf,7,alpha_0.8_beta_0.0,0.8,none,,0.1566,0.4094034112356644,0.01464968152866242,0.07618430281848615,0.10849858158419673,0.16489069856706523,0.28257749319251035,0.2063931903740242,0.07859902442356397,0.07618430281848615,-0.35910133370098707,-0.2581988897471611,3.6712550864988964,0.2147700561504012,0.05462001864102388,0.05935483870967741,0.1831103230353042,0.07569892473118278,0.6879569892473117,,,0.05935483870967741
experiments/cikm2026,lastfm,weighted_ngcf,7,alpha_0.8_beta_0.0,0.8,none,,0.1572,0.40916455773247973,0.014225053078556264,0.07716933780172872,0.10880848424990265,0.16375125031960322,0.2829657804896107,0.20579644268788197,0.07842640442111136,0.07716933780172872,-0.4122668905407947,-0.7378647873726218,3.6693014162631563,0.21437268408011087,0.05869512832753642,0.05763077132919592,0.1827602355134236,0.07784946236559132,0.6849462365591397,,,0.05741935483870966
experiments/cikm2026_SOTA,lastfm,weighted_ngcf,7,alpha_0.8_beta_0.0,0.8,none,,0.1574,0.4092972541231379,0.014171974522292994,0.07499097823343155,0.10793482885048736,0.16534336969347477,0.2830880233952472,0.20809704516181565,0.07921151184384922,0.07499097823343155,-0.582245753557423,-0.7745966692414834,3.6703584987155873,0.21245902384687076,0.059763122598831514,0.05741935483870966,0.16218054513628394,0.06946236559139785,0.6849462365591397,,,0.05741935483870966
experiments/cikm2026,lastfm,weighted_ngcf,8,alpha_0.8_beta_0.0,0.8,none,,0.1524,0.41351699934606784,0.01167728237791932,0.08431368673896893,0.11408249288937126,0.14491226496841134,0.2722555300682271,0.18794184332925817,0.07161790875898323,0.08431368673896893,0.8204908635204056,0.632455532033676,3.7043956443656363,0.19109186387505964,0.0572006638023142,0.04731182795698924,0.11901611766578,0.051397849462365586,0.7098924731182794,,,0.04731182795698924
experiments/cikm2026,lastfm,weighted_ngcf,8,alpha_0.8_beta_0.0,0.8,none,,0.1523,0.41357007790233113,0.01183651804670913,0.08301028889617618,0.11373683439712709,0.14520557894274277,0.2721158909243133,0.18910560202813714,0.07191737365624924,0.08301028889617618,-0.9858493654848157,-0.9486832980505139,3.704796653708881,0.18832162586101067,0.05892473118279569,0.047956989247311815,0.09627861510832249,0.04623655913978486,0.7086021505376343,,,0.047956989247311815
experiments/cikm2026_SOTA,lastfm,weighted_ngcf,8,alpha_0.8_beta_0.0,0.8,none,,0.1523,0.4130923708959617,0.012101910828025478,0.08226687195403923,0.11440995677730803,0.143534808748999,0.27275105464782023,0.190484182693781,0.07232226503599248,0.08226687195403923,-0.8644239138917049,-0.9486832980505139,3.700951146877628,0.1917370251653822,0.058279569892473106,0.04903225806451612,0.09363977357975856,0.043010752688172116,0.7062365591397848,,,0.04903225806451612
experiments/cikm2026,lastfm,weighted_ngcf,9,alpha_0.8_beta_0.0,0.8,none,,0.1599,0.4159320736560466,0.01157112526539278,0.07837945696999399,0.10757355778175534,0.150743538139136,0.30520761238243127,0.22682815541243728,0.08743636429829556,0.07837945696999399,0.911217866601808,0.9486832980505139,3.7239218895632993,0.17629316420014093,0.052903225806451605,0.04688172043010752,0.03505785537293413,0.011182795698924775,0.7268817204301073,,,0.04688172043010752
experiments/cikm2026_SOTA,lastfm,weighted_ngcf,9,alpha_0.8_beta_0.0,0.8,none,,0.1593,0.4155605237622037,0.01151804670912951,0.07916653560569438,0.10727052803484927,0.15039646653567057,0.3060404688961072,0.22687393329041283,0.08765333368223584,0.07916653560569438,-0.9765006954965662,-0.7745966692414834,3.720918411421036,0.17822137352519946,0.054193548387096765,0.046666666666666655,0.17278683307190426,0.08301075268817204,0.724301075268817,,,0.046666666666666655
experiments/cikm2026,ml1m,weighted_bpr,0,alpha_0.0,0.0,none,,0.2599,0.3339330459467233,0.0020364238410596025,0.33704516734491113,0.2781452077401431,0.22743085483492903,0.19724349469043898,0.13980167265447216,0.05306677391676684,0.19724349469043898,,,3.0715087869906563,0.7504592703449737,0.16988111254574342,0.008150830118625992,0.0,0.0,0.531742876076872,,,0.007753479125248508
experiments/cikm2026,ml1m,weighted_bpr,0,alpha_0.0_beta_0.1,0.0,none,,0.2599,0.3339330459467233,0.0020364238410596025,0.33704516734491113,0.2781452077401431,0.22743085483492903,0.19724349469043898,0.13980167265447216,0.05306677391676684,0.19724349469043898,,,3.0715087869906563,0.7504592703449737,0.16988111254574342,0.008150830118625992,0.0,0.0,0.531742876076872,,,0.007753479125248508
experiments/cikm2026,ml1m,weighted_bpr,0,baseline,0.0,none,,0.2599,0.3339330459467233,0.0020364238410596025,0.33704516734491113,0.2781452077401431,0.22743085483492903,0.19724349469043898,0.13980167265447216,0.05306677391676684,0.19724349469043898,,,3.0715087869906563,0.7504592703449737,0.16988111254574342,0.008150830118625992,,,0.531742876076872,,,0.007753479125248508
experiments/cikm2026,ml1m,weighted_bpr,0,alpha_0.0_beta_0.5,0.0,none,,0.2599,0.3339330459467233,0.0020364238410596025,0.33704516734491113,0.2781452077401431,0.22743085483492903,0.19724349469043898,0.13980167265447216,0.05306677391676684,0.19724349469043898,,,3.0715087869906563,0.7504592703449737,0.16988111254574342,0.008150830118625992,0.0,0.0,0.531742876076872,,,0.007753479125248508
experiments/cikm2026,ml1m,weighted_bpr,0,alpha_0.0_beta_0.0,0.0,none,,0.2599,0.3339330459467233,0.0020364238410596025,0.33704516734491113,0.2781452077401431,0.22743085483492903,0.19724349469043898,0.13980167265447216,0.05306677391676684,0.19724349469043898,,,3.0715087869906563,0.7504592703449737,0.16988111254574342,0.008150830118625992,0.0,0.0,0.531742876076872,,,0.007753479125248508
experiments/cikm2026,ml1m,weighted_bpr,0,alpha_0.0_beta_0.3,0.0,none,,0.2599,0.3339330459467233,0.0020364238410596025,0.33704516734491113,0.2781452077401431,0.22743085483492903,0.19724349469043898,0.13980167265447216,0.05306677391676684,0.19724349469043898,,,3.0715087869906563,0.7504592703449737,0.16988111254574342,0.008150830118625992,0.0,0.0,0.531742876076872,,,0.007753479125248508
experiments/cikm2026,ml1m,weighted_bpr,0,baseline,0.0,none,,0.2599,0.3339330459467233,0.0020364238410596025,0.33704516734491113,0.2781452077401431,0.22743085483492903,0.19724349469043898,0.13980167265447216,0.05306677391676684,0.19724349469043898,,,3.0715087869906563,0.7504592703449737,0.16988111254574342,0.008150830118625992,,,0.531742876076872,,,0.007753479125248508
experiments/cikm2026_SOTA,ml1m,weighted_bpr,0,baseline,0.0,none,,0.2599,0.3339330459467233,0.0020364238410596025,0.33704516734491113,0.2781452077401431,0.22743085483492903,0.19724349469043898,0.13980167265447216,0.05306677391676684,0.19724349469043898,,,3.0715087869906563,0.7504592703449737,0.16988111254574342,0.008150830118625992,,,0.531742876076872,,,0.007753479125248508
experiments/cikm2026_SOTA,ml1m,weighted_bpr,0,baseline,0.0,none,,0.2599,0.3339330459467233,0.0020364238410596025,0.33704516734491113,0.2781452077401431,0.22743085483492903,0.19724349469043898,0.13980167265447216,0.05306677391676684,0.19724349469043898,,,3.0715087869906563,0.7504592703449737,0.16988111254574342,0.008150830118625992,,,0.531742876076872,,,0.007753479125248508
experiments/cikm2026_SOTA,ml1m,weighted_bpr,0,baseline,0.0,none,,0.2599,0.3339330459467233,0.0020364238410596025,0.33704516734491113,0.2781452077401431,0.22743085483492903,0.19724349469043898,0.13980167265447216,0.05306677391676684,0.19724349469043898,,,3.0715087869906563,0.7504592703449737,0.16988111254574342,0.008150830118625992,,,0.531742876076872,,,0.007753479125248508
experiments/cikm2026_SOTA,ml1m,weighted_bpr,0,baseline,0.0,none,,0.2599,0.3339330459467233,0.0020364238410596025,0.33704516734491113,0.2781452077401431,0.22743085483492903,0.19724349469043898,0.13980167265447216,0.05306677391676684,0.19724349469043898,,,3.0715087869906563,0.7504592703449737,0.16988111254574342,0.008150830118625992,,,0.531742876076872,,,0.007753479125248508
experiments/cikm2026_SOTA,ml1m,weighted_bpr,0,baseline,0.0,none,,0.2599,0.3339330459467233,0.0020364238410596025,0.33704516734491113,0.2781452077401431,0.22743085483492903,0.19724349469043898,0.13980167265447216,0.05306677391676684,0.19724349469043898,,,3.0715087869906563,0.7504592703449737,0.16988111254574342,0.008150830118625992,,,0.531742876076872,,,0.007753479125248508
experiments/cikm2026,ml1m,weighted_bpr,1,baseline,0.0,none,,0.2562,0.3388171519069882,0.002185430463576159,0.3283998190839647,0.2719558714369714,0.23005212534329486,0.1943459037463161,0.1340539153376486,0.049926699764378954,0.1943459037463161,,,3.110586332999035,0.7275459745126843,0.1531202214645327,0.008747471023747141,,,0.5416169648774022,,,0.008681245858184227
experiments/cikm2026,ml1m,weighted_bpr,1,baseline,0.0,none,,0.2562,0.3388171519069882,0.002185430463576159,0.3283998190839647,0.2719558714369714,0.23005212534329486,0.1943459037463161,0.1340539153376486,0.049926699764378954,0.1943459037463161,,,3.110586332999035,0.7275459745126843,0.1531202214645327,0.008747471023747141,,,0.5416169648774022,,,0.008681245858184227
experiments/cikm2026_SOTA,ml1m,weighted_bpr,1,baseline,0.0,none,,0.2562,0.3388171519069882,0.002185430463576159,0.3283998190839647,0.2719558714369714,0.23005212534329486,0.1943459037463161,0.1340539153376486,0.049926699764378954,0.1943459037463161,,,3.110586332999035,0.7275459745126843,0.1531202214645327,0.008747471023747141,,,0.5416169648774022,,,0.008681245858184227
experiments/cikm2026_SOTA,ml1m,weighted_bpr,1,baseline,0.0,none,,0.2562,0.3388171519069882,0.002185430463576159,0.3283998190839647,0.2719558714369714,0.23005212534329486,0.1943459037463161,0.1340539153376486,0.049926699764378954,0.1943459037463161,,,3.110586332999035,0.7275459745126843,0.1531202214645327,0.008747471023747141,,,0.5416169648774022,,,0.008681245858184227
experiments/cikm2026_SOTA,ml1m,weighted_bpr,1,baseline,0.0,none,,0.2562,0.3388171519069882,0.002185430463576159,0.3283998190839647,0.2719558714369714,0.23005212534329486,0.1943459037463161,0.1340539153376486,0.049926699764378954,0.1943459037463161,,,3.110586332999035,0.7275459745126843,0.1531202214645327,0.008747471023747141,,,0.5416169648774022,,,0.008681245858184227
experiments/cikm2026_SOTA,ml1m,weighted_bpr,1,baseline,0.0,none,,0.2562,0.3388171519069882,0.002185430463576159,0.3283998190839647,0.2719558714369714,0.23005212534329486,0.1943459037463161,0.1340539153376486,0.049926699764378954,0.1943459037463161,,,3.110586332999035,0.7275459745126843,0.1531202214645327,0.008747471023747141,,,0.5416169648774022,,,0.008681245858184227
experiments/cikm2026_SOTA,ml1m,weighted_bpr,1,baseline,0.0,none,,0.2562,0.3388171519069882,0.002185430463576159,0.3283998190839647,0.2719558714369714,0.23005212534329486,0.1943459037463161,0.1340539153376486,0.049926699764378954,0.1943459037463161,,,3.110586332999035,0.7275459745126843,0.1531202214645327,0.008747471023747141,,,0.5416169648774022,,,0.008681245858184227
experiments/cikm2026,ml1m,weighted_bpr,2,baseline,0.0,none,,0.2562,0.33908205256923984,0.0020033112582781456,0.33631297971359375,0.27172544641142016,0.22282887708477853,0.19414986494948827,0.14216311476410548,0.05390493557822831,0.19414986494948827,,,3.1127088287025666,0.7253562005349081,0.15391689812446244,0.008018072638062429,,,0.545328031809145,,,0.0073558648111332
experiments/cikm2026,ml1m,weighted_bpr,2,baseline,0.0,none,,0.2562,0.33908205256923984,0.0020033112582781456,0.33631297971359375,0.27172544641142016,0.22282887708477853,0.19414986494948827,0.14216311476410548,0.05390493557822831,0.19414986494948827,,,3.1127088287025666,0.7253562005349081,0.15391689812446244,0.008018072638062429,,,0.545328031809145,,,0.0073558648111332
experiments/cikm2026_SOTA,ml1m,weighted_bpr,2,baseline,0.0,none,,0.2562,0.33908205256923984,0.0020033112582781456,0.33631297971359375,0.27172544641142016,0.22282887708477853,0.19414986494948827,0.14216311476410548,0.05390493557822831,0.19414986494948827,,,3.1127088287025666,0.7253562005349081,0.15391689812446244,0.008018072638062429,,,0.545328031809145,,,0.0073558648111332
experiments/cikm2026_SOTA,ml1m,weighted_bpr,2,baseline,0.0,none,,0.2562,0.33908205256923984,0.0020033112582781456,0.33631297971359375,0.27172544641142016,0.22282887708477853,0.19414986494948827,0.14216311476410548,0.05390493557822831,0.19414986494948827,,,3.1127088287025666,0.7253562005349081,0.15391689812446244,0.008018072638062429,,,0.545328031809145,,,0.0073558648111332
experiments/cikm2026_SOTA,ml1m,weighted_bpr,2,baseline,0.0,none,,0.2562,0.33908205256923984,0.0020033112582781456,0.33631297971359375,0.27172544641142016,0.22282887708477853,0.19414986494948827,0.14216311476410548,0.05390493557822831,0.19414986494948827,,,3.1127088287025666,0.7253562005349081,0.15391689812446244,0.008018072638062429,,,0.545328031809145,,,0.0073558648111332
experiments/cikm2026_SOTA,ml1m,weighted_bpr,2,baseline,0.0,none,,0.2562,0.33908205256923984,0.0020033112582781456,0.33631297971359375,0.27172544641142016,0.22282887708477853,0.19414986494948827,0.14216311476410548,0.05390493557822831,0.19414986494948827,,,3.1127088287025666,0.7253562005349081,0.15391689812446244,0.008018072638062429,,,0.545328031809145,,,0.0073558648111332
experiments/cikm2026_SOTA,ml1m,weighted_bpr,2,baseline,0.0,none,,0.2562,0.33908205256923984,0.0020033112582781456,0.33631297971359375,0.27172544641142016,0.22282887708477853,0.19414986494948827,0.14216311476410548,0.05390493557822831,0.19414986494948827,,,3.1127088287025666,0.7253562005349081,0.15391689812446244,0.008018072638062429,,,0.545328031809145,,,0.0073558648111332
experiments/cikm2026,ml1m,weighted_bpr,3,baseline,0.0,none,,0.2579,0.3347939730990412,0.0023841059602649007,0.33785848382701333,0.2789838589982196,0.22594277953173994,0.18898192258999544,0.1488765612370179,0.05614456029776247,0.18898192258999544,,,3.078395279624041,0.7543037120187319,0.15775852813919727,0.00954248021802957,,,0.5269715043074883,,,0.009145129224652087
experiments/cikm2026,ml1m,weighted_bpr,3,baseline,0.0,none,,0.2579,0.3347939730990412,0.0023841059602649007,0.33785848382701333,0.2789838589982196,0.22594277953173994,0.18898192258999544,0.1488765612370179,0.05614456029776247,0.18898192258999544,,,3.078395279624041,0.7543037120187319,0.15775852813919727,0.00954248021802957,,,0.5269715043074883,,,0.009145129224652087
experiments/cikm2026_SOTA,ml1m,weighted_bpr,3,baseline,0.0,none,,0.2579,0.3347939730990412,0.0023841059602649007,0.33785848382701333,0.2789838589982196,0.22594277953173994,0.18898192258999544,0.1488765612370179,0.05614456029776247,0.18898192258999544,,,3.078395279624041,0.7543037120187319,0.15775852813919727,0.00954248021802957,,,0.5269715043074883,,,0.009145129224652087
experiments/cikm2026_SOTA,ml1m,weighted_bpr,3,baseline,0.0,none,,0.2579,0.3347939730990412,0.0023841059602649007,0.33785848382701333,0.2789838589982196,0.22594277953173994,0.18898192258999544,0.1488765612370179,0.05614456029776247,0.18898192258999544,,,3.078395279624041,0.7543037120187319,0.15775852813919727,0.00954248021802957,,,0.5269715043074883,,,0.009145129224652087
experiments/cikm2026_SOTA,ml1m,weighted_bpr,3,baseline,0.0,none,,0.2579,0.3347939730990412,0.0023841059602649007,0.33785848382701333,0.2789838589982196,0.22594277953173994,0.18898192258999544,0.1488765612370179,0.05614456029776247,0.18898192258999544,,,3.078395279624041,0.7543037120187319,0.15775852813919727,0.00954248021802957,,,0.5269715043074883,,,0.009145129224652087
experiments/cikm2026_SOTA,ml1m,weighted_bpr,3,baseline,0.0,none,,0.2579,0.3347939730990412,0.0023841059602649007,0.33785848382701333,0.2789838589982196,0.22594277953173994,0.18898192258999544,0.1488765612370179,0.05614456029776247,0.18898192258999544,,,3.078395279624041,0.7543037120187319,0.15775852813919727,0.00954248021802957,,,0.5269715043074883,,,0.009145129224652087
experiments/cikm2026_SOTA,ml1m,weighted_bpr,3,baseline,0.0,none,,0.2579,0.3347939730990412,0.0023841059602649007,0.33785848382701333,0.2789838589982196,0.22594277953173994,0.18898192258999544,0.1488765612370179,0.05614456029776247,0.18898192258999544,,,3.078395279624041,0.7543037120187319,0.15775852813919727,0.00954248021802957,,,0.5269715043074883,,,0.009145129224652087
experiments/cikm2026,ml1m,weighted_bpr,4,baseline,0.0,none,,0.257,0.3391896684632796,0.001837748344370861,0.3354636852133308,0.2686172449357902,0.22960736696848283,0.1943374394896793,0.1411262457236515,0.052365214946733823,0.1943374394896793,,,3.1135726512792954,0.7245612360406716,0.15451037952926805,0.007355733150764288,,,0.548442677269715,,,0.007157057654075546
experiments/cikm2026,ml1m,weighted_bpr,4,baseline,0.0,none,,0.257,0.3391896684632796,0.001837748344370861,0.3354636852133308,0.2686172449357902,0.22960736696848283,0.1943374394896793,0.1411262457236515,0.052365214946733823,0.1943374394896793,,,3.1135726512792954,0.7245612360406716,0.15451037952926805,0.007355733150764288,,,0.548442677269715,,,0.007157057654075546
experiments/cikm2026_SOTA,ml1m,weighted_bpr,4,baseline,0.0,none,,0.257,0.3391896684632796,0.001837748344370861,0.3354636852133308,0.2686172449357902,0.22960736696848283,0.1943374394896793,0.1411262457236515,0.052365214946733823,0.1943374394896793,,,3.1135726512792954,0.7245612360406716,0.15451037952926805,0.007355733150764288,,,0.548442677269715,,,0.007157057654075546
experiments/cikm2026_SOTA,ml1m,weighted_bpr,4,baseline,0.0,none,,0.257,0.3391896684632796,0.001837748344370861,0.3354636852133308,0.2686172449357902,0.22960736696848283,0.1943374394896793,0.1411262457236515,0.052365214946733823,0.1943374394896793,,,3.1135726512792954,0.7245612360406716,0.15451037952926805,0.007355733150764288,,,0.548442677269715,,,0.007157057654075546
experiments/cikm2026_SOTA,ml1m,weighted_bpr,4,baseline,0.0,none,,0.257,0.3391896684632796,0.001837748344370861,0.3354636852133308,0.2686172449357902,0.22960736696848283,0.1943374394896793,0.1411262457236515,0.052365214946733823,0.1943374394896793,,,3.1135726512792954,0.7245612360406716,0.15451037952926805,0.007355733150764288,,,0.548442677269715,,,0.007157057654075546
experiments/cikm2026_SOTA,ml1m,weighted_bpr,4,baseline,0.0,none,,0.257,0.3391896684632796,0.001837748344370861,0.3354636852133308,0.2686172449357902,0.22960736696848283,0.1943374394896793,0.1411262457236515,0.052365214946733823,0.1943374394896793,,,3.1135726512792954,0.7245612360406716,0.15451037952926805,0.007355733150764288,,,0.548442677269715,,,0.007157057654075546
experiments/cikm2026_SOTA,ml1m,weighted_bpr,4,baseline,0.0,none,,0.257,0.3391896684632796,0.001837748344370861,0.3354636852133308,0.2686172449357902,0.22960736696848283,0.1943374394896793,0.1411262457236515,0.052365214946733823,0.1943374394896793,,,3.1135726512792954,0.7245612360406716,0.15451037952926805,0.007355733150764288,,,0.548442677269715,,,0.007157057654075546
experiments/cikm2026,ml1m,weighted_bpr,5,baseline,0.0,none,,0.2564,0.33061350952288227,0.0027649006622516557,0.33052693098570535,0.2670698964584547,0.23175306240638988,0.19618465644753283,0.13434227453817252,0.049603444055407724,0.19618465644753283,,,3.0449501637911043,0.7645658056691385,0.17941766932514597,0.011066361214610788,,,0.5216037110669317,,,0.010205434062292908
experiments/cikm2026,ml1m,weighted_bpr,5,baseline,0.0,none,,0.2564,0.33061350952288227,0.0027649006622516557,0.33052693098570535,0.2670698964584547,0.23175306240638988,0.19618465644753283,0.13434227453817252,0.049603444055407724,0.19618465644753283,,,3.0449501637911043,0.7645658056691385,0.17941766932514597,0.011066361214610788,,,0.5216037110669317,,,0.010205434062292908
experiments/cikm2026_SOTA,ml1m,weighted_bpr,5,baseline,0.0,none,,0.2564,0.33061350952288227,0.0027649006622516557,0.33052693098570535,0.2670698964584547,0.23175306240638988,0.19618465644753283,0.13434227453817252,0.049603444055407724,0.19618465644753283,,,3.0449501637911043,0.7645658056691385,0.17941766932514597,0.011066361214610788,,,0.5216037110669317,,,0.010205434062292908
experiments/cikm2026_SOTA,ml1m,weighted_bpr,5,baseline,0.0,none,,0.2564,0.33061350952288227,0.0027649006622516557,0.33052693098570535,0.2670698964584547,0.23175306240638988,0.19618465644753283,0.13434227453817252,0.049603444055407724,0.19618465644753283,,,3.0449501637911043,0.7645658056691385,0.17941766932514597,0.011066361214610788,,,0.5216037110669317,,,0.010205434062292908
experiments/cikm2026_SOTA,ml1m,weighted_bpr,5,baseline,0.0,none,,0.2564,0.33061350952288227,0.0027649006622516557,0.33052693098570535,0.2670698964584547,0.23175306240638988,0.19618465644753283,0.13434227453817252,0.049603444055407724,0.19618465644753283,,,3.0449501637911043,0.7645658056691385,0.17941766932514597,0.011066361214610788,,,0.5216037110669317,,,0.010205434062292908
experiments/cikm2026_SOTA,ml1m,weighted_bpr,5,baseline,0.0,none,,0.2564,0.33061350952288227,0.0027649006622516557,0.33052693098570535,0.2670698964584547,0.23175306240638988,0.19618465644753283,0.13434227453817252,0.049603444055407724,0.19618465644753283,,,3.0449501637911043,0.7645658056691385,0.17941766932514597,0.011066361214610788,,,0.5216037110669317,,,0.010205434062292908
experiments/cikm2026_SOTA,ml1m,weighted_bpr,5,baseline,0.0,none,,0.2564,0.33061350952288227,0.0027649006622516557,0.33052693098570535,0.2670698964584547,0.23175306240638988,0.19618465644753283,0.13434227453817252,0.049603444055407724,0.19618465644753283,,,3.0449501637911043,0.7645658056691385,0.17941766932514597,0.011066361214610788,,,0.5216037110669317,,,0.010205434062292908
experiments/cikm2026,ml1m,weighted_bpr,6,baseline,0.0,none,,0.2601,0.3430058936288425,0.0017549668874172186,0.33514076388840425,0.2841365662916371,0.22864053470349358,0.19263763943462894,0.1425031244537753,0.05419809675727433,0.19263763943462894,,,3.144103335741937,0.7050921743554245,0.1437800581268475,0.007024431775791168,,,0.5559310801855533,,,0.00689198144466534
experiments/cikm2026,ml1m,weighted_bpr,6,baseline,0.0,none,,0.2601,0.3430058936288425,0.0017549668874172186,0.33514076388840425,0.2841365662916371,0.22864053470349358,0.19263763943462894,0.1425031244537753,0.05419809675727433,0.19263763943462894,,,3.144103335741937,0.7050921743554245,0.1437800581268475,0.007024431775791168,,,0.5559310801855533,,,0.00689198144466534
experiments/cikm2026_SOTA,ml1m,weighted_bpr,6,baseline,0.0,none,,0.2601,0.3430058936288425,0.0017549668874172186,0.33514076388840425,0.2841365662916371,0.22864053470349358,0.19263763943462894,0.1425031244537753,0.05419809675727433,0.19263763943462894,,,3.144103335741937,0.7050921743554245,0.1437800581268475,0.007024431775791168,,,0.5559310801855533,,,0.00689198144466534
experiments/cikm2026_SOTA,ml1m,weighted_bpr,6,baseline,0.0,none,,0.2601,0.3430058936288425,0.0017549668874172186,0.33514076388840425,0.2841365662916371,0.22864053470349358,0.19263763943462894,0.1425031244537753,0.05419809675727433,0.19263763943462894,,,3.144103335741937,0.7050921743554245,0.1437800581268475,0.007024431775791168,,,0.5559310801855533,,,0.00689198144466534
experiments/cikm2026_SOTA,ml1m,weighted_bpr,6,baseline,0.0,none,,0.2601,0.3430058936288425,0.0017549668874172186,0.33514076388840425,0.2841365662916371,0.22864053470349358,0.19263763943462894,0.1425031244537753,0.05419809675727433,0.19263763943462894,,,3.144103335741937,0.7050921743554245,0.1437800581268475,0.007024431775791168,,,0.5559310801855533,,,0.00689198144466534
experiments/cikm2026_SOTA,ml1m,weighted_bpr,6,baseline,0.0,none,,0.2601,0.3430058936288425,0.0017549668874172186,0.33514076388840425,0.2841365662916371,0.22864053470349358,0.19263763943462894,0.1425031244537753,0.05419809675727433,0.19263763943462894,,,3.144103335741937,0.7050921743554245,0.1437800581268475,0.007024431775791168,,,0.5559310801855533,,,0.00689198144466534
experiments/cikm2026_SOTA,ml1m,weighted_bpr,6,baseline,0.0,none,,0.2601,0.3430058936288425,0.0017549668874172186,0.33514076388840425,0.2841365662916371,0.22864053470349358,0.19263763943462894,0.1425031244537753,0.05419809675727433,0.19263763943462894,,,3.144103335741937,0.7050921743554245,0.1437800581268475,0.007024431775791168,,,0.5559310801855533,,,0.00689198144466534
experiments/cikm2026,ml1m,weighted_bpr,7,baseline,0.0,none,,0.253,0.3216608389890613,0.002963576158940397,0.31892297317610374,0.27108299248926143,0.22682059259792436,0.19531299013556838,0.12360998304053536,0.04659930423388303,0.19531299013556838,,,2.961298819286483,0.8117818104848235,0.21505760483869307,0.011861765389999954,,,0.4995361166335321,,,0.011265738899933729
experiments/cikm2026,ml1m,weighted_bpr,7,baseline,0.0,none,,0.253,0.3216608389890613,0.002963576158940397,0.31892297317610374,0.27108299248926143,0.22682059259792436,0.19531299013556838,0.12360998304053536,0.04659930423388303,0.19531299013556838,,,2.961298819286483,0.8117818104848235,0.21505760483869307,0.011861765389999954,,,0.4995361166335321,,,0.011265738899933729
experiments/cikm2026_SOTA,ml1m,weighted_bpr,7,baseline,0.0,none,,0.253,0.3216608389890613,0.002963576158940397,0.31892297317610374,0.27108299248926143,0.22682059259792436,0.19531299013556838,0.12360998304053536,0.04659930423388303,0.19531299013556838,,,2.961298819286483,0.8117818104848235,0.21505760483869307,0.011861765389999954,,,0.4995361166335321,,,0.011265738899933729
experiments/cikm2026_SOTA,ml1m,weighted_bpr,7,baseline,0.0,none,,0.253,0.3216608389890613,0.002963576158940397,0.31892297317610374,0.27108299248926143,0.22682059259792436,0.19531299013556838,0.12360998304053536,0.04659930423388303,0.19531299013556838,,,2.961298819286483,0.8117818104848235,0.21505760483869307,0.011861765389999954,,,0.4995361166335321,,,0.011265738899933729
experiments/cikm2026_SOTA,ml1m,weighted_bpr,7,baseline,0.0,none,,0.253,0.3216608389890613,0.002963576158940397,0.31892297317610374,0.27108299248926143,0.22682059259792436,0.19531299013556838,0.12360998304053536,0.04659930423388303,0.19531299013556838,,,2.961298819286483,0.8117818104848235,0.21505760483869307,0.011861765389999954,,,0.4995361166335321,,,0.011265738899933729
experiments/cikm2026_SOTA,ml1m,weighted_bpr,7,baseline,0.0,none,,0.253,0.3216608389890613,0.002963576158940397,0.31892297317610374,0.27108299248926143,0.22682059259792436,0.19531299013556838,0.12360998304053536,0.04659930423388303,0.19531299013556838,,,2.961298819286483,0.8117818104848235,0.21505760483869307,0.011861765389999954,,,0.4995361166335321,,,0.011265738899933729
experiments/cikm2026_SOTA,ml1m,weighted_bpr,7,baseline,0.0,none,,0.253,0.3216608389890613,0.002963576158940397,0.31892297317610374,0.27108299248926143,0.22682059259792436,0.19531299013556838,0.12360998304053536,0.04659930423388303,0.19531299013556838,,,2.961298819286483,0.8117818104848235,0.21505760483869307,0.011861765389999954,,,0.4995361166335321,,,0.011265738899933729
experiments/cikm2026,ml1m,weighted_bpr,8,baseline,0.0,none,,0.2591,0.3381466221056637,0.002119205298013245,0.3303696010791664,0.27650227600254695,0.23185328488901757,0.1978349807935848,0.1325346202855816,0.04969400089378888,0.1978349807935848,,,3.1052228822851538,0.7244977755104969,0.16179729848432947,0.008482043720019835,,,0.5402253147779986,,,0.00788601722995361
experiments/cikm2026,ml1m,weighted_bpr,8,baseline,0.0,none,,0.2591,0.3381466221056637,0.002119205298013245,0.3303696010791664,0.27650227600254695,0.23185328488901757,0.1978349807935848,0.1325346202855816,0.04969400089378888,0.1978349807935848,,,3.1052228822851538,0.7244977755104969,0.16179729848432947,0.008482043720019835,,,0.5402253147779986,,,0.00788601722995361
experiments/cikm2026_SOTA,ml1m,weighted_bpr,8,baseline,0.0,none,,0.2591,0.3381466221056637,0.002119205298013245,0.3303696010791664,0.27650227600254695,0.23185328488901757,0.1978349807935848,0.1325346202855816,0.04969400089378888,0.1978349807935848,,,3.1052228822851538,0.7244977755104969,0.16179729848432947,0.008482043720019835,,,0.5402253147779986,,,0.00788601722995361
experiments/cikm2026_SOTA,ml1m,weighted_bpr,8,baseline,0.0,none,,0.2591,0.3381466221056637,0.002119205298013245,0.3303696010791664,0.27650227600254695,0.23185328488901757,0.1978349807935848,0.1325346202855816,0.04969400089378888,0.1978349807935848,,,3.1052228822851538,0.7244977755104969,0.16179729848432947,0.008482043720019835,,,0.5402253147779986,,,0.00788601722995361
experiments/cikm2026_SOTA,ml1m,weighted_bpr,8,baseline,0.0,none,,0.2591,0.3381466221056637,0.002119205298013245,0.3303696010791664,0.27650227600254695,0.23185328488901757,0.1978349807935848,0.1325346202855816,0.04969400089378888,0.1978349807935848,,,3.1052228822851538,0.7244977755104969,0.16179729848432947,0.008482043720019835,,,0.5402253147779986,,,0.00788601722995361
experiments/cikm2026_SOTA,ml1m,weighted_bpr,8,baseline,0.0,none,,0.2591,0.3381466221056637,0.002119205298013245,0.3303696010791664,0.27650227600254695,0.23185328488901757,0.1978349807935848,0.1325346202855816,0.04969400089378888,0.1978349807935848,,,3.1052228822851538,0.7244977755104969,0.16179729848432947,0.008482043720019835,,,0.5402253147779986,,,0.00788601722995361
experiments/cikm2026_SOTA,ml1m,weighted_bpr,8,baseline,0.0,none,,0.2591,0.3381466221056637,0.002119205298013245,0.3303696010791664,0.27650227600254695,0.23185328488901757,0.1978349807935848,0.1325346202855816,0.04969400089378888,0.1978349807935848,,,3.1052228822851538,0.7244977755104969,0.16179729848432947,0.008482043720019835,,,0.5402253147779986,,,0.00788601722995361
experiments/cikm2026,ml1m,weighted_bpr,9,baseline,0.0,none,,0.2576,0.3295042379997034,0.0027483443708609273,0.33621851367650385,0.26815387028708515,0.23251222010930206,0.19354601363783328,0.14267250003867057,0.05249896309715778,0.19354601363783328,,,3.036078139560508,0.7695269465890421,0.18339486551689144,0.011000048333558327,,,0.522001325381047,,,0.010139165009940356
experiments/cikm2026,ml1m,weighted_bpr,9,baseline,0.0,none,,0.2576,0.3295042379997034,0.0027483443708609273,0.33621851367650385,0.26815387028708515,0.23251222010930206,0.19354601363783328,0.14267250003867057,0.05249896309715778,0.19354601363783328,,,3.036078139560508,0.7695269465890421,0.18339486551689144,0.011000048333558327,,,0.522001325381047,,,0.010139165009940356
experiments/cikm2026_SOTA,ml1m,weighted_bpr,9,baseline,0.0,none,,0.2576,0.3295042379997034,0.0027483443708609273,0.33621851367650385,0.26815387028708515,0.23251222010930206,0.19354601363783328,0.14267250003867057,0.05249896309715778,0.19354601363783328,,,3.036078139560508,0.7695269465890421,0.18339486551689144,0.011000048333558327,,,0.522001325381047,,,0.010139165009940356
experiments/cikm2026_SOTA,ml1m,weighted_bpr,9,baseline,0.0,none,,0.2576,0.3295042379997034,0.0027483443708609273,0.33621851367650385,0.26815387028708515,0.23251222010930206,0.19354601363783328,0.14267250003867057,0.05249896309715778,0.19354601363783328,,,3.036078139560508,0.7695269465890421,0.18339486551689144,0.011000048333558327,,,0.522001325381047,,,0.010139165009940356
experiments/cikm2026_SOTA,ml1m,weighted_bpr,9,baseline,0.0,none,,0.2576,0.3295042379997034,0.0027483443708609273,0.33621851367650385,0.26815387028708515,0.23251222010930206,0.19354601363783328,0.14267250003867057,0.05249896309715778,0.19354601363783328,,,3.036078139560508,0.7695269465890421,0.18339486551689144,0.011000048333558327,,,0.522001325381047,,,0.010139165009940356
experiments/cikm2026_SOTA,ml1m,weighted_bpr,9,baseline,0.0,none,,0.2576,0.3295042379997034,0.0027483443708609273,0.33621851367650385,0.26815387028708515,0.23251222010930206,0.19354601363783328,0.14267250003867057,0.05249896309715778,0.19354601363783328,,,3.036078139560508,0.7695269465890421,0.18339486551689144,0.011000048333558327,,,0.522001325381047,,,0.010139165009940356
experiments/cikm2026_SOTA,ml1m,weighted_bpr,9,baseline,0.0,none,,0.2576,0.3295042379997034,0.0027483443708609273,0.33621851367650385,0.26815387028708515,0.23251222010930206,0.19354601363783328,0.14267250003867057,0.05249896309715778,0.19354601363783328,,,3.036078139560508,0.7695269465890421,0.18339486551689144,0.011000048333558327,,,0.522001325381047,,,0.010139165009940356
experiments/cikm2026,ml1m,weighted_bpr,0,alpha_0.1,0.1,none,,0.2539,0.32668139031758425,0.0032450331125827817,0.32615439049658174,0.27201970564710143,0.22480454113557527,0.19271385695071946,0.13344053354586227,0.05034706636873922,0.19271385695071946,-0.9229900501959616,-0.7999999999999999,3.0134703510564713,0.7807349666346687,0.19280638691565583,0.01298829539320369,0.11753286127935603,0.037905897945659295,0.4938369781312127,,,0.012326043737574552
experiments/cikm2026,ml1m,weighted_bpr,0,alpha_0.1_beta_0.3,0.1,none,,0.2539,0.32668139031758425,0.0032450331125827817,0.32615439049658174,0.27201970564710143,0.22480454113557527,0.19271385695071946,0.13344053354586227,0.05034706636873922,0.19271385695071946,-0.9229900501959616,-0.7999999999999999,3.0134703510564713,0.7807349666346687,0.19280638691565583,0.01298829539320369,0.11753286127935603,0.037905897945659295,0.4938369781312127,,,0.012326043737574552
experiments/cikm2026,ml1m,weighted_bpr,0,alpha_0.1_beta_0.0,0.1,none,,0.2539,0.32668139031758425,0.0032450331125827817,0.32615439049658174,0.27201970564710143,0.22480454113557527,0.19271385695071946,0.13344053354586227,0.05034706636873922,0.19271385695071946,-0.9229900501959616,-0.7999999999999999,3.0134703510564713,0.7807349666346687,0.19280638691565583,0.01298829539320369,0.11753286127935603,0.037905897945659295,0.4938369781312127,,,0.012326043737574552
experiments/cikm2026,ml1m,weighted_bpr,0,alpha_0.1_beta_0.1,0.1,none,,0.2539,0.32668139031758425,0.0032450331125827817,0.32615439049658174,0.27201970564710143,0.22480454113557527,0.19271385695071946,0.13344053354586227,0.05034706636873922,0.19271385695071946,-0.9229900501959616,-0.7999999999999999,3.0134703510564713,0.7807349666346687,0.19280638691565583,0.01298829539320369,0.11753286127935603,0.037905897945659295,0.4938369781312127,,,0.012326043737574552
experiments/cikm2026,ml1m,weighted_bpr,0,alpha_0.1_beta_0.5,0.1,none,,0.2539,0.32668139031758425,0.0032450331125827817,0.32615439049658174,0.27201970564710143,0.22480454113557527,0.19271385695071946,0.13344053354586227,0.05034706636873922,0.19271385695071946,-0.9229900501959616,-0.7999999999999999,3.0134703510564713,0.7807349666346687,0.19280638691565583,0.01298829539320369,0.11753286127935603,0.037905897945659295,0.4938369781312127,,,0.012326043737574552
experiments/cikm2026,ml1m,weighted_bpr,0,alpha_0.1_beta_0.0,0.1,none,,0.2539,0.32668139031758425,0.0032450331125827817,0.32615439049658174,0.27201970564710143,0.22480454113557527,0.19271385695071946,0.13344053354586227,0.05034706636873922,0.19271385695071946,-0.9229900501959616,-0.7999999999999999,3.0134703510564713,0.7807349666346687,0.19280638691565583,0.01298829539320369,0.11753286127935603,0.037905897945659295,0.4938369781312127,,,0.012326043737574552
experiments/cikm2026_SOTA,ml1m,weighted_bpr,0,alpha_0.1_beta_0.0,0.1,none,,0.2539,0.32668139031758425,0.0032450331125827817,0.32615439049658174,0.27201970564710143,0.22480454113557527,0.19271385695071946,0.13344053354586227,0.05034706636873922,0.19271385695071946,-0.9229900501959616,-0.7999999999999999,3.0134703510564713,0.7807349666346687,0.19280638691565583,0.01298829539320369,0.11753286127935603,0.037905897945659295,0.4938369781312127,,,0.012326043737574552
experiments/cikm2026,ml1m,weighted_bpr,1,alpha_0.1_beta_0.0,0.1,none,,0.2527,0.3294131783970544,0.003228476821192053,0.32255864620294683,0.2697289725595219,0.225872985849804,0.19290594839528794,0.1296526978076589,0.04864467054220013,0.19290594839528794,-0.8223014736944663,-0.9486832980505139,3.0353304502007084,0.774311036465423,0.17743613589870003,0.012922377435168239,0.1510412162915581,0.03737574552683898,0.5042412193505632,,,0.012789927104042411
experiments/cikm2026,ml1m,weighted_bpr,1,alpha_0.1_beta_0.0,0.1,none,,0.2527,0.3294131783970544,0.003228476821192053,0.32255864620294683,0.2697289725595219,0.225872985849804,0.19290594839528794,0.1296526978076589,0.04864467054220013,0.19290594839528794,-0.8223014736944663,-0.9486832980505139,3.0353304502007084,0.774311036465423,0.17743613589870003,0.012922377435168239,0.1510412162915581,0.03737574552683898,0.5042412193505632,,,0.012789927104042411
experiments/cikm2026_SOTA,ml1m,weighted_bpr,1,alpha_0.1_beta_0.0,0.1,none,,0.2527,0.3294131783970544,0.003228476821192053,0.32255864620294683,0.2697289725595219,0.225872985849804,0.19290594839528794,0.1296526978076589,0.04864467054220013,0.19290594839528794,-0.8223014736944663,-0.9486832980505139,3.0353304502007084,0.774311036465423,0.17743613589870003,0.012922377435168239,0.1510412162915581,0.03737574552683898,0.5042412193505632,,,0.012789927104042411
experiments/cikm2026,ml1m,weighted_bpr,2,alpha_0.1_beta_0.0,0.1,none,,0.2514,0.33329562872818025,0.002980132450331126,0.32969317179435037,0.2680964803406311,0.21912621607871327,0.188860702662037,0.14083246913231337,0.053294808028527166,0.188860702662037,-0.853143978635317,-0.7999999999999999,3.0663952341049296,0.7412581368714763,0.18041877001221993,0.011927859011373413,0.10612826957272604,0.030284956925115902,0.5150430748840291,,,0.011199469847581179
experiments/cikm2026,ml1m,weighted_bpr,2,alpha_0.1_beta_0.0,0.1,none,,0.2514,0.33329562872818025,0.002980132450331126,0.32969317179435037,0.2680964803406311,0.21912621607871327,0.188860702662037,0.14083246913231337,0.053294808028527166,0.188860702662037,-0.853143978635317,-0.7999999999999999,3.0663952341049296,0.7412581368714763,0.18041877001221993,0.011927859011373413,0.10612826957272604,0.030284956925115902,0.5150430748840291,,,0.011199469847581179
experiments/cikm2026_SOTA,ml1m,weighted_bpr,2,alpha_0.1_beta_0.0,0.1,none,,0.2514,0.33329562872818025,0.002980132450331126,0.32969317179435037,0.2680964803406311,0.21912621607871327,0.188860702662037,0.14083246913231337,0.053294808028527166,0.188860702662037,-0.853143978635317,-0.7999999999999999,3.0663952341049296,0.7412581368714763,0.18041877001221993,0.011927859011373413,0.10612826957272604,0.030284956925115902,0.5150430748840291,,,0.011199469847581179
experiments/cikm2026,ml1m,weighted_bpr,3,alpha_0.1_beta_0.0,0.1,none,,0.2529,0.3212800442870746,0.004205298013245033,0.32786151830920623,0.2732829489343595,0.22307001782541894,0.18747940668519764,0.1403821116240086,0.05292535662790422,0.18747940668519764,-0.9125121126472644,-1.0,2.9392259583221474,0.830798439247507,0.21314405303692094,0.016831549393424298,0.27833864260378693,0.057587806494367066,0.4693836978131212,,,0.01570576540755467
experiments/cikm2026,ml1m,weighted_bpr,3,alpha_0.1_beta_0.0,0.1,none,,0.2529,0.3212800442870746,0.004205298013245033,0.32786151830920623,0.2732829489343595,0.22307001782541894,0.18747940668519764,0.1403821116240086,0.05292535662790422,0.18747940668519764,-0.9125121126472644,-1.0,2.9392259583221474,0.830798439247507,0.21314405303692094,0.016831549393424298,0.27833864260378693,0.057587806494367066,0.4693836978131212,,,0.01570576540755467
experiments/cikm2026_SOTA,ml1m,weighted_bpr,3,alpha_0.1_beta_0.0,0.1,none,,0.2529,0.3212800442870746,0.004205298013245033,0.32786151830920623,0.2732829489343595,0.22307001782541894,0.18747940668519764,0.1403821116240086,0.05292535662790422,0.18747940668519764,-0.9125121126472644,-1.0,2.9392259583221474,0.830798439247507,0.21314405303692094,0.016831549393424298,0.27833864260378693,0.057587806494367066,0.4693836978131212,,,0.01570576540755467
experiments/cikm2026,ml1m,weighted_bpr,4,alpha_0.1_beta_0.0,0.1,none,,0.2522,0.3224307065387302,0.003708609271523179,0.32561659939946347,0.2646308096114578,0.22744992454629961,0.1911368192178018,0.13447978018166168,0.049713680424954165,0.1911368192178018,-0.9902458239624727,-0.9486832980505139,2.9709586122624176,0.8082768316185781,0.20592094669387667,0.014843609425126941,0.28522807803375577,0.05878064943671302,0.48966202783300194,,,0.013850231941683232
experiments/cikm2026,ml1m,weighted_bpr,4,alpha_0.1_beta_0.0,0.1,none,,0.2522,0.3224307065387302,0.003708609271523179,0.32561659939946347,0.2646308096114578,0.22744992454629961,0.1911368192178018,0.13447978018166168,0.049713680424954165,0.1911368192178018,-0.9902458239624727,-0.9486832980505139,2.9709586122624176,0.8082768316185781,0.20592094669387667,0.014843609425126941,0.28522807803375577,0.05878064943671302,0.48966202783300194,,,0.013850231941683232
experiments/cikm2026_SOTA,ml1m,weighted_bpr,4,alpha_0.1_beta_0.0,0.1,none,,0.2522,0.3224307065387302,0.003708609271523179,0.32561659939946347,0.2646308096114578,0.22744992454629961,0.1911368192178018,0.13447978018166168,0.049713680424954165,0.1911368192178018,-0.9902458239624727,-0.9486832980505139,2.9709586122624176,0.8082768316185781,0.20592094669387667,0.014843609425126941,0.28522807803375577,0.05878064943671302,0.48966202783300194,,,0.013850231941683232
experiments/cikm2026,ml1m,weighted_bpr,5,alpha_0.1_beta_0.0,0.1,none,,0.2512,0.33125920488712063,0.002880794701986755,0.32152941141666297,0.260468511216621,0.22997362259074866,0.19276496480960864,0.12876444660705433,0.047162863670119654,0.19276496480960864,-0.5085307398225284,-0.316227766016838,3.050093574506665,0.7489470581806298,0.18942881552409874,0.01153055178860611,0.09564136086120728,0.02133863485752152,0.5002650762094102,,,0.011133200795228627
experiments/cikm2026,ml1m,weighted_bpr,5,alpha_0.1_beta_0.0,0.1,none,,0.2512,0.33125920488712063,0.002880794701986755,0.32152941141666297,0.260468511216621,0.22997362259074866,0.19276496480960864,0.12876444660705433,0.047162863670119654,0.19276496480960864,-0.5085307398225284,-0.316227766016838,3.050093574506665,0.7489470581806298,0.18942881552409874,0.01153055178860611,0.09564136086120728,0.02133863485752152,0.5002650762094102,,,0.011133200795228627
experiments/cikm2026_SOTA,ml1m,weighted_bpr,5,alpha_0.1_beta_0.0,0.1,none,,0.2512,0.33125920488712063,0.002880794701986755,0.32152941141666297,0.260468511216621,0.22997362259074866,0.19276496480960864,0.12876444660705433,0.047162863670119654,0.19276496480960864,-0.5085307398225284,-0.316227766016838,3.050093574506665,0.7489470581806298,0.18942881552409874,0.01153055178860611,0.09564136086120728,0.02133863485752152,0.5002650762094102,,,0.011133200795228627
experiments/cikm2026,ml1m,weighted_bpr,6,alpha_0.1_beta_0.0,0.1,none,,0.2552,0.329380065814273,0.003576158940397351,0.3263159589590588,0.2759052190888407,0.2245361269544232,0.1939336987396373,0.13238226021942148,0.050448031493850506,0.1939336987396373,-0.592495005984198,-1.0,3.0350670843562093,0.7670868774203247,0.18353244955678977,0.014313588666675441,0.21807250277145365,0.050762094102054345,0.5051689860834989,,,0.013518886679920475
experiments/cikm2026,ml1m,weighted_bpr,6,alpha_0.1_beta_0.0,0.1,none,,0.2552,0.329380065814273,0.003576158940397351,0.3263159589590588,0.2759052190888407,0.2245361269544232,0.1939336987396373,0.13238226021942148,0.050448031493850506,0.1939336987396373,-0.592495005984198,-1.0,3.0350670843562093,0.7670868774203247,0.18353244955678977,0.014313588666675441,0.21807250277145365,0.050762094102054345,0.5051689860834989,,,0.013518886679920475
experiments/cikm2026_SOTA,ml1m,weighted_bpr,6,alpha_0.1_beta_0.0,0.1,none,,0.2552,0.329380065814273,0.003576158940397351,0.3263159589590588,0.2759052190888407,0.2245361269544232,0.1939336987396373,0.13238226021942148,0.050448031493850506,0.1939336987396373,-0.592495005984198,-1.0,3.0350670843562093,0.7670868774203247,0.18353244955678977,0.014313588666675441,0.21807250277145365,0.050762094102054345,0.5051689860834989,,,0.013518886679920475
experiments/cikm2026,ml1m,weighted_bpr,7,alpha_0.1_beta_0.0,0.1,none,,0.2494,0.31433468004866394,0.004933774834437086,0.31072188525494315,0.26827304713576183,0.2237166208049768,0.19499228522135156,0.11572960003359159,0.04397839872629231,0.19499228522135156,-0.9513974743090237,-0.7999999999999999,2.8397517553764633,0.8746959462074477,0.26580521798476914,0.019747080431319366,0.24309412782003936,0.048243870112657405,0.4512922465208747,,,0.01809145129224652
experiments/cikm2026,ml1m,weighted_bpr,7,alpha_0.1_beta_0.0,0.1,none,,0.2494,0.31433468004866394,0.004933774834437086,0.31072188525494315,0.26827304713576183,0.2237166208049768,0.19499228522135156,0.11572960003359159,0.04397839872629231,0.19499228522135156,-0.9513974743090237,-0.7999999999999999,2.8397517553764633,0.8746959462074477,0.26580521798476914,0.019747080431319366,0.24309412782003936,0.048243870112657405,0.4512922465208747,,,0.01809145129224652
experiments/cikm2026_SOTA,ml1m,weighted_bpr,7,alpha_0.1_beta_0.0,0.1,none,,0.2494,0.31433468004866394,0.004933774834437086,0.31072188525494315,0.26827304713576183,0.2237166208049768,0.19499228522135156,0.11572960003359159,0.04397839872629231,0.19499228522135156,-0.9513974743090237,-0.7999999999999999,2.8397517553764633,0.8746959462074477,0.26580521798476914,0.019747080431319366,0.24309412782003936,0.048243870112657405,0.4512922465208747,,,0.01809145129224652
experiments/cikm2026,ml1m,weighted_bpr,8,alpha_0.1_beta_0.0,0.1,none,,0.2546,0.334744304224869,0.002317880794701987,0.32505369122522326,0.2691678531892808,0.226664826887927,0.19750040331999483,0.12755328790522844,0.04800177795638572,0.19750040331999483,-0.44276778382881765,-0.6000000000000001,3.0779821819866426,0.7314638767471432,0.181276800578332,0.00927714068788154,0.08585529885307727,0.027104042412193552,0.5131212723658051,,,0.008482438701126574
experiments/cikm2026,ml1m,weighted_bpr,8,alpha_0.1_beta_0.0,0.1,none,,0.2546,0.334744304224869,0.002317880794701987,0.32505369122522326,0.2691678531892808,0.226664826887927,0.19750040331999483,0.12755328790522844,0.04800177795638572,0.19750040331999483,-0.44276778382881765,-0.6000000000000001,3.0779821819866426,0.7314638767471432,0.181276800578332,0.00927714068788154,0.08585529885307727,0.027104042412193552,0.5131212723658051,,,0.008482438701126574
experiments/cikm2026_SOTA,ml1m,weighted_bpr,8,alpha_0.1_beta_0.0,0.1,none,,0.2546,0.334744304224869,0.002317880794701987,0.32505369122522326,0.2691678531892808,0.226664826887927,0.19750040331999483,0.12755328790522844,0.04800177795638572,0.19750040331999483,-0.44276778382881765,-0.6000000000000001,3.0779821819866426,0.7314638767471432,0.181276800578332,0.00927714068788154,0.08585529885307727,0.027104042412193552,0.5131212723658051,,,0.008482438701126574
experiments/cikm2026,ml1m,weighted_bpr,9,alpha_0.1_beta_0.0,0.1,none,,0.2509,0.3175052098499885,0.00490066225165563,0.32326196939668717,0.2619730234380489,0.2286412520718515,0.18981546675890873,0.13344650263777844,0.04895313172024879,0.18981546675890873,-0.9816167261774,-1.0,2.8925396234610457,0.8472778031373326,0.24056838199505504,0.019614191406566346,0.2870770321989243,0.056858846918489137,0.4651424784625579,,,0.01762756792577866
experiments/cikm2026,ml1m,weighted_bpr,9,alpha_0.1_beta_0.0,0.1,none,,0.2509,0.3175052098499885,0.00490066225165563,0.32326196939668717,0.2619730234380489,0.2286412520718515,0.18981546675890873,0.13344650263777844,0.04895313172024879,0.18981546675890873,-0.9816167261774,-1.0,2.8925396234610457,0.8472778031373326,0.24056838199505504,0.019614191406566346,0.2870770321989243,0.056858846918489137,0.4651424784625579,,,0.01762756792577866
experiments/cikm2026_SOTA,ml1m,weighted_bpr,9,alpha_0.1_beta_0.0,0.1,none,,0.2509,0.3175052098499885,0.00490066225165563,0.32326196939668717,0.2619730234380489,0.2286412520718515,0.18981546675890873,0.13344650263777844,0.04895313172024879,0.18981546675890873,-0.9816167261774,-1.0,2.8925396234610457,0.8472778031373326,0.24056838199505504,0.019614191406566346,0.2870770321989243,0.056858846918489137,0.4651424784625579,,,0.01762756792577866
experiments/cikm2026,ml1m,weighted_bpr,0,alpha_0.2_beta_0.1,0.2,none,,0.2467,0.3145995807109156,0.006158940397350993,0.310965273229087,0.26551494349671145,0.2196263304112617,0.19075851686043957,0.12020675636864744,0.04567947981456391,0.19075851686043957,-0.9783768706278845,-1.0,2.853239406280107,0.8633183730790078,0.2587917130901621,0.024650507550722154,0.4365387614210978,0.10086149768058311,0.43088137839628887,,,0.022266401590457254
experiments/cikm2026,ml1m,weighted_bpr,0,alpha_0.2_beta_0.3,0.2,none,,0.2467,0.3145995807109156,0.006158940397350993,0.310965273229087,0.26551494349671145,0.2196263304112617,0.19075851686043957,0.12020675636864744,0.04567947981456391,0.19075851686043957,-0.9783768706278845,-1.0,2.853239406280107,0.8633183730790078,0.2587917130901621,0.024650507550722154,0.4365387614210978,0.10086149768058311,0.43088137839628887,,,0.022266401590457254
experiments/cikm2026,ml1m,weighted_bpr,0,alpha_0.2_beta_0.5,0.2,none,,0.2467,0.3145995807109156,0.006158940397350993,0.310965273229087,0.26551494349671145,0.2196263304112617,0.19075851686043957,0.12020675636864744,0.04567947981456391,0.19075851686043957,-0.9783768706278845,-1.0,2.853239406280107,0.8633183730790078,0.2587917130901621,0.024650507550722154,0.4365387614210978,0.10086149768058311,0.43088137839628887,,,0.022266401590457254
experiments/cikm2026,ml1m,weighted_bpr,0,alpha_0.2_beta_0.0,0.2,none,,0.2467,0.3145995807109156,0.006158940397350993,0.310965273229087,0.26551494349671145,0.2196263304112617,0.19075851686043957,0.12020675636864744,0.04567947981456391,0.19075851686043957,-0.9783768706278845,-1.0,2.853239406280107,0.8633183730790078,0.2587917130901621,0.024650507550722154,0.4365387614210978,0.10086149768058311,0.43088137839628887,,,0.022266401590457254
experiments/cikm2026,ml1m,weighted_bpr,0,alpha_0.2,0.2,none,,0.2467,0.3145995807109156,0.006158940397350993,0.310965273229087,0.26551494349671145,0.2196263304112617,0.19075851686043957,0.12020675636864744,0.04567947981456391,0.19075851686043957,-0.9783768706278845,-1.0,2.853239406280107,0.8633183730790078,0.2587917130901621,0.024650507550722154,0.4365387614210978,0.10086149768058311,0.43088137839628887,,,0.022266401590457254
experiments/cikm2026,ml1m,weighted_bpr,0,alpha_0.2_beta_0.0,0.2,none,,0.2467,0.3145995807109156,0.006158940397350993,0.310965273229087,0.26551494349671145,0.2196263304112617,0.19075851686043957,0.12020675636864744,0.04567947981456391,0.19075851686043957,-0.9783768706278845,-1.0,2.853239406280107,0.8633183730790078,0.2587917130901621,0.024650507550722154,0.4365387614210978,0.10086149768058311,0.43088137839628887,,,0.022266401590457254
experiments/cikm2026_SOTA,ml1m,weighted_bpr,0,alpha_0.2_beta_0.0,0.2,none,,0.2467,0.3145995807109156,0.006158940397350993,0.310965273229087,0.26551494349671145,0.2196263304112617,0.19075851686043957,0.12020675636864744,0.04567947981456391,0.19075851686043957,-0.9783768706278845,-1.0,2.853239406280107,0.8633183730790078,0.2587917130901621,0.024650507550722154,0.4365387614210978,0.10086149768058311,0.43088137839628887,,,0.022266401590457254
experiments/cikm2026,ml1m,weighted_bpr,1,alpha_0.2_beta_0.0,0.2,none,,0.247,0.31697540852548517,0.005860927152317881,0.3102982670915746,0.2639618321412451,0.2223134735955812,0.19143367366089103,0.11886459343068356,0.0446973588761031,0.19143367366089103,-0.9437013532503516,-1.0,2.8760253850834157,0.859545249064923,0.2409708673942817,0.02345849845737934,0.4691218958312396,0.10218687872763416,0.43943008614976803,,,0.022332670642809804
experiments/cikm2026,ml1m,weighted_bpr,1,alpha_0.2_beta_0.0,0.2,none,,0.247,0.31697540852548517,0.005860927152317881,0.3102982670915746,0.2639618321412451,0.2223134735955812,0.19143367366089103,0.11886459343068356,0.0446973588761031,0.19143367366089103,-0.9437013532503516,-1.0,2.8760253850834157,0.859545249064923,0.2409708673942817,0.02345849845737934,0.4691218958312396,0.10218687872763416,0.43943008614976803,,,0.022332670642809804
experiments/cikm2026_SOTA,ml1m,weighted_bpr,1,alpha_0.2_beta_0.0,0.2,none,,0.247,0.31697540852548517,0.005860927152317881,0.3102982670915746,0.2639618321412451,0.2223134735955812,0.19143367366089103,0.11886459343068356,0.0446973588761031,0.19143367366089103,-0.9437013532503516,-1.0,2.8760253850834157,0.859545249064923,0.2409708673942817,0.02345849845737934,0.4691218958312396,0.10218687872763416,0.43943008614976803,,,0.022332670642809804
experiments/cikm2026,ml1m,weighted_bpr,2,alpha_0.2_beta_0.0,0.2,none,,0.2448,0.3164621634923726,0.006208609271523178,0.3161835336095644,0.2617123366902018,0.21619922471899292,0.18519821807429027,0.13098531553527415,0.049376134370441936,0.18519821807429027,-0.9732173575752034,-0.7999999999999999,2.9079499127069677,0.8235120839661229,0.24368851295579125,0.024849490371117815,0.4095178319911976,0.09516235917826371,0.4501656726308813,,,0.022862823061630216
experiments/cikm2026,ml1m,weighted_bpr,2,alpha_0.2_beta_0.0,0.2,none,,0.2448,0.3164621634923726,0.006208609271523178,0.3161835336095644,0.2617123366902018,0.21619922471899292,0.18519821807429027,0.13098531553527415,0.049376134370441936,0.18519821807429027,-0.9732173575752034,-0.7999999999999999,2.9079499127069677,0.8235120839661229,0.24368851295579125,0.024849490371117815,0.4095178319911976,0.09516235917826371,0.4501656726308813,,,0.022862823061630216
experiments/cikm2026_SOTA,ml1m,weighted_bpr,2,alpha_0.2_beta_0.0,0.2,none,,0.2448,0.3164621634923726,0.006208609271523178,0.3161835336095644,0.2617123366902018,0.21619922471899292,0.18519821807429027,0.13098531553527415,0.049376134370441936,0.18519821807429027,-0.9732173575752034,-0.7999999999999999,2.9079499127069677,0.8235120839661229,0.24368851295579125,0.024849490371117815,0.4095178319911976,0.09516235917826371,0.4501656726308813,,,0.022862823061630216
experiments/cikm2026,ml1m,weighted_bpr,3,alpha_0.2_beta_0.0,0.2,none,,0.2465,0.31230653435329975,0.0073344370860927155,0.31508068359937597,0.26887389828837244,0.21814440343745034,0.1838553037045308,0.13122537989484517,0.04983045954928723,0.1838553037045308,-0.9860653613112095,-1.0,2.8127042439126804,0.8855013078045475,0.27243940842710407,0.029355039855667467,0.5313820714227206,0.11199469847581173,0.41497680583167657,,,0.026242544731610334
experiments/cikm2026,ml1m,weighted_bpr,3,alpha_0.2_beta_0.0,0.2,none,,0.2465,0.31230653435329975,0.0073344370860927155,0.31508068359937597,0.26887389828837244,0.21814440343745034,0.1838553037045308,0.13122537989484517,0.04983045954928723,0.1838553037045308,-0.9860653613112095,-1.0,2.8127042439126804,0.8855013078045475,0.27243940842710407,0.029355039855667467,0.5313820714227206,0.11199469847581173,0.41497680583167657,,,0.026242544731610334
experiments/cikm2026_SOTA,ml1m,weighted_bpr,3,alpha_0.2_beta_0.0,0.2,none,,0.2465,0.31230653435329975,0.0073344370860927155,0.31508068359937597,0.26887389828837244,0.21814440343745034,0.1838553037045308,0.13122537989484517,0.04983045954928723,0.1838553037045308,-0.9860653613112095,-1.0,2.8127042439126804,0.8855013078045475,0.27243940842710407,0.029355039855667467,0.5313820714227206,0.11199469847581173,0.41497680583167657,,,0.026242544731610334
experiments/cikm2026,ml1m,weighted_bpr,4,alpha_0.2_beta_0.0,0.2,none,,0.2458,0.3127038853466772,0.006506622516556292,0.3119931070389835,0.25962445631912606,0.22151700606747673,0.19032132882145947,0.12167177821752401,0.045387700401868576,0.19032132882145947,-0.9787383728824048,-1.0,2.8135757880084373,0.8878147587056235,0.27256716391735386,0.026042289368584375,0.5999937265417157,0.12160371106693169,0.4268389662027833,,,0.02392312789927104
experiments/cikm2026,ml1m,weighted_bpr,4,alpha_0.2_beta_0.0,0.2,none,,0.2458,0.3127038853466772,0.006506622516556292,0.3119931070389835,0.25962445631912606,0.22151700606747673,0.19032132882145947,0.12167177821752401,0.045387700401868576,0.19032132882145947,-0.9787383728824048,-1.0,2.8135757880084373,0.8878147587056235,0.27256716391735386,0.026042289368584375,0.5999937265417157,0.12160371106693169,0.4268389662027833,,,0.02392312789927104
experiments/cikm2026_SOTA,ml1m,weighted_bpr,4,alpha_0.2_beta_0.0,0.2,none,,0.2458,0.3127038853466772,0.006506622516556292,0.3119931070389835,0.25962445631912606,0.22151700606747673,0.19032132882145947,0.12167177821752401,0.045387700401868576,0.19032132882145947,-0.9787383728824048,-1.0,2.8135757880084373,0.8878147587056235,0.27256716391735386,0.026042289368584375,0.5999937265417157,0.12160371106693169,0.4268389662027833,,,0.02392312789927104
experiments/cikm2026,ml1m,weighted_bpr,5,alpha_0.2_beta_0.0,0.2,none,,0.2457,0.3209280790593061,0.004768211920529801,0.3133040700542696,0.254885351479242,0.2251860329349003,0.18950364304325268,0.1238004270110169,0.045369408155589465,0.18950364304325268,-0.8593786925977115,-0.39999999999999997,2.9674226625090565,0.7814626973223473,0.23202994305327432,0.019084697115321316,0.17755665709751675,0.0611000662690524,0.4605036447978793,,,0.017892644135188866
experiments/cikm2026,ml1m,weighted_bpr,5,alpha_0.2_beta_0.0,0.2,none,,0.2457,0.3209280790593061,0.004768211920529801,0.3133040700542696,0.254885351479242,0.2251860329349003,0.18950364304325268,0.1238004270110169,0.045369408155589465,0.18950364304325268,-0.8593786925977115,-0.39999999999999997,2.9674226625090565,0.7814626973223473,0.23202994305327432,0.019084697115321316,0.17755665709751675,0.0611000662690524,0.4605036447978793,,,0.017892644135188866
experiments/cikm2026_SOTA,ml1m,weighted_bpr,5,alpha_0.2_beta_0.0,0.2,none,,0.2457,0.3209280790593061,0.004768211920529801,0.3133040700542696,0.254885351479242,0.2251860329349003,0.18950364304325268,0.1238004270110169,0.045369408155589465,0.18950364304325268,-0.8593786925977115,-0.39999999999999997,2.9674226625090565,0.7814626973223473,0.23202994305327432,0.019084697115321316,0.17755665709751675,0.0611000662690524,0.4605036447978793,,,0.017892644135188866
experiments/cikm2026,ml1m,weighted_bpr,6,alpha_0.2_beta_0.0,0.2,none,,0.2485,0.31560951448575003,0.006208609271523178,0.31477100635807587,0.26858506822715583,0.22080401401904498,0.18995049769876682,0.12482050865930905,0.04740876778415676,0.18995049769876682,-0.7894783018974698,-1.0,2.8814598421250723,0.8431805246727566,0.2505100551736528,0.02484957802851763,0.5252869872337279,0.11073558648111331,0.44519549370443995,,,0.022862823061630216
experiments/cikm2026,ml1m,weighted_bpr,6,alpha_0.2_beta_0.0,0.2,none,,0.2485,0.31560951448575003,0.006208609271523178,0.31477100635807587,0.26858506822715583,0.22080401401904498,0.18995049769876682,0.12482050865930905,0.04740876778415676,0.18995049769876682,-0.7894783018974698,-1.0,2.8814598421250723,0.8431805246727566,0.2505100551736528,0.02484957802851763,0.5252869872337279,0.11073558648111331,0.44519549370443995,,,0.022862823061630216
experiments/cikm2026_SOTA,ml1m,weighted_bpr,6,alpha_0.2_beta_0.0,0.2,none,,0.2485,0.31560951448575003,0.006208609271523178,0.31477100635807587,0.26858506822715583,0.22080401401904498,0.18995049769876682,0.12482050865930905,0.04740876778415676,0.18995049769876682,-0.7894783018974698,-1.0,2.8814598421250723,0.8431805246727566,0.2505100551736528,0.02484957802851763,0.5252869872337279,0.11073558648111331,0.44519549370443995,,,0.022862823061630216
experiments/cikm2026,ml1m,weighted_bpr,7,alpha_0.2_beta_0.0,0.2,none,,0.2427,0.30272044163806794,0.008956953642384106,0.29939387213895596,0.26064053505271784,0.2188174695535773,0.19186757569237997,0.10752629644657599,0.04089733162329438,0.19186757569237997,-0.9453013855437025,-1.0,2.674289943155686,0.9472109338438188,0.3426504622058803,0.03584866079461421,0.5740177522615935,0.11093439363817098,0.3886017229953611,,,0.031477799867461895
experiments/cikm2026,ml1m,weighted_bpr,7,alpha_0.2_beta_0.0,0.2,none,,0.2427,0.30272044163806794,0.008956953642384106,0.29939387213895596,0.26064053505271784,0.2188174695535773,0.19186757569237997,0.10752629644657599,0.04089733162329438,0.19186757569237997,-0.9453013855437025,-1.0,2.674289943155686,0.9472109338438188,0.3426504622058803,0.03584866079461421,0.5740177522615935,0.11093439363817098,0.3886017229953611,,,0.031477799867461895
experiments/cikm2026_SOTA,ml1m,weighted_bpr,7,alpha_0.2_beta_0.0,0.2,none,,0.2427,0.30272044163806794,0.008956953642384106,0.29939387213895596,0.26064053505271784,0.2188174695535773,0.19186757569237997,0.10752629644657599,0.04089733162329438,0.19186757569237997,-0.9453013855437025,-1.0,2.674289943155686,0.9472109338438188,0.3426504622058803,0.03584866079461421,0.5740177522615935,0.11093439363817098,0.3886017229953611,,,0.031477799867461895
experiments/cikm2026,ml1m,weighted_bpr,8,alpha_0.2_beta_0.0,0.2,none,,0.2489,0.31700024296257123,0.0045364238410596025,0.31321229603156875,0.2637144555280112,0.22292850012633145,0.19600242153074005,0.1172098745008287,0.04423854520712506,0.19600242153074005,-0.7790717936328597,-1.0,2.9244356382062398,0.8113366999758104,0.24607125807703903,0.018156403740909946,0.36157448815782645,0.0919814446653413,0.4482438701126573,,,0.01616964877402253
experiments/cikm2026,ml1m,weighted_bpr,8,alpha_0.2_beta_0.0,0.2,none,,0.2489,0.31700024296257123,0.0045364238410596025,0.31321229603156875,0.2637144555280112,0.22292850012633145,0.19600242153074005,0.1172098745008287,0.04423854520712506,0.19600242153074005,-0.7790717936328597,-1.0,2.9244356382062398,0.8113366999758104,0.24607125807703903,0.018156403740909946,0.36157448815782645,0.0919814446653413,0.4482438701126573,,,0.01616964877402253
experiments/cikm2026_SOTA,ml1m,weighted_bpr,8,alpha_0.2_beta_0.0,0.2,none,,0.2489,0.31700024296257123,0.0045364238410596025,0.31321229603156875,0.2637144555280112,0.22292850012633145,0.19600242153074005,0.1172098745008287,0.04423854520712506,0.19600242153074005,-0.7790717936328597,-1.0,2.9244356382062398,0.8113366999758104,0.24607125807703903,0.018156403740909946,0.36157448815782645,0.0919814446653413,0.4482438701126573,,,0.01616964877402253
experiments/cikm2026,ml1m,weighted_bpr,9,alpha_0.2_beta_0.0,0.2,none,,0.245,0.3120002429625713,0.006837748344370861,0.31376195685127206,0.256702307026717,0.22286262301180287,0.18693094135426402,0.12683101549700804,0.046709777115804076,0.18693094135426402,-0.973316309606557,-1.0,2.8301982642795025,0.8655595023846834,0.2768750455586846,0.02736718777712885,0.4117597505620102,0.09111994698475817,0.43088137839628887,,,0.024652087475149104
experiments/cikm2026,ml1m,weighted_bpr,9,alpha_0.2_beta_0.0,0.2,none,,0.245,0.3120002429625713,0.006837748344370861,0.31376195685127206,0.256702307026717,0.22286262301180287,0.18693094135426402,0.12683101549700804,0.046709777115804076,0.18693094135426402,-0.973316309606557,-1.0,2.8301982642795025,0.8655595023846834,0.2768750455586846,0.02736718777712885,0.4117597505620102,0.09111994698475817,0.43088137839628887,,,0.024652087475149104
experiments/cikm2026_SOTA,ml1m,weighted_bpr,9,alpha_0.2_beta_0.0,0.2,none,,0.245,0.3120002429625713,0.006837748344370861,0.31376195685127206,0.256702307026717,0.22286262301180287,0.18693094135426402,0.12683101549700804,0.046709777115804076,0.18693094135426402,-0.973316309606557,-1.0,2.8301982642795025,0.8655595023846834,0.2768750455586846,0.02736718777712885,0.4117597505620102,0.09111994698475817,0.43088137839628887,,,0.024652087475149104
experiments/cikm2026,ml1m,weighted_bpr,0,alpha_0.4_beta_0.1,0.4,none,,0.2271,0.28644560720098183,0.019172185430463576,0.2735792056818814,0.24345802587548565,0.20767554590764567,0.18375700341489892,0.08982220226698245,0.03421923846238018,0.18375700341489892,-0.9597399971426944,-1.0,2.5243732812647215,0.9668735761499654,0.4320218742738511,0.07673126831146164,1.0942710114518701,0.22060967528164338,0.3111332007952286,,,0.06454605699138502
experiments/cikm2026,ml1m,weighted_bpr,0,alpha_0.4_beta_0.3,0.4,none,,0.2271,0.28644560720098183,0.019172185430463576,0.2735792056818814,0.24345802587548565,0.20767554590764567,0.18375700341489892,0.08982220226698245,0.03421923846238018,0.18375700341489892,-0.9597399971426944,-1.0,2.5243732812647215,0.9668735761499654,0.4320218742738511,0.07673126831146164,1.0942710114518701,0.22060967528164338,0.3111332007952286,,,0.06454605699138502
experiments/cikm2026,ml1m,weighted_bpr,0,alpha_0.4,0.4,none,,0.2271,0.28644560720098183,0.019172185430463576,0.2735792056818814,0.24345802587548565,0.20767554590764567,0.18375700341489892,0.08982220226698245,0.03421923846238018,0.18375700341489892,-0.9597399971426944,-1.0,2.5243732812647215,0.9668735761499654,0.4320218742738511,0.07673126831146164,1.0942710114518701,0.22060967528164338,0.3111332007952286,,,0.06454605699138502
experiments/cikm2026,ml1m,weighted_bpr,0,alpha_0.4_beta_0.5,0.4,none,,0.2271,0.28644560720098183,0.019172185430463576,0.2735792056818814,0.24345802587548565,0.20767554590764567,0.18375700341489892,0.08982220226698245,0.03421923846238018,0.18375700341489892,-0.9597399971426944,-1.0,2.5243732812647215,0.9668735761499654,0.4320218742738511,0.07673126831146164,1.0942710114518701,0.22060967528164338,0.3111332007952286,,,0.06454605699138502
experiments/cikm2026,ml1m,weighted_bpr,0,alpha_0.4_beta_0.0,0.4,none,,0.2271,0.28644560720098183,0.019172185430463576,0.2735792056818814,0.24345802587548565,0.20767554590764567,0.18375700341489892,0.08982220226698245,0.03421923846238018,0.18375700341489892,-0.9597399971426944,-1.0,2.5243732812647215,0.9668735761499654,0.4320218742738511,0.07673126831146164,1.0942710114518701,0.22060967528164338,0.3111332007952286,,,0.06454605699138502
experiments/cikm2026,ml1m,weighted_bpr,0,alpha_0.4_beta_0.0,0.4,none,,0.2271,0.28644560720098183,0.019172185430463576,0.2735792056818814,0.24345802587548565,0.20767554590764567,0.18375700341489892,0.08982220226698245,0.03421923846238018,0.18375700341489892,-0.9597399971426944,-1.0,2.5243732812647215,0.9668735761499654,0.4320218742738511,0.07673126831146164,1.0942710114518701,0.22060967528164338,0.3111332007952286,,,0.06454605699138502
experiments/cikm2026_SOTA,ml1m,weighted_bpr,0,alpha_0.4_beta_0.0,0.4,none,,0.2271,0.28644560720098183,0.019172185430463576,0.2735792056818814,0.24345802587548565,0.20767554590764567,0.18375700341489892,0.08982220226698245,0.03421923846238018,0.18375700341489892,-0.9597399971426944,-1.0,2.5243732812647215,0.9668735761499654,0.4320218742738511,0.07673126831146164,1.0942710114518701,0.22060967528164338,0.3111332007952286,,,0.06454605699138502
experiments/cikm2026,ml1m,weighted_bpr,1,alpha_0.4_beta_0.0,0.4,none,,0.2287,0.2986724283930348,0.015298013245033113,0.2832186758583264,0.24508474251601012,0.21028070255152917,0.17619991135198573,0.10701876450634065,0.03980036296148495,0.17619991135198573,-0.9749514420488575,-1.0,2.702530759317064,0.8865565201480781,0.349685776743707,0.061226943791150415,0.8161111473639422,0.18873426110006625,0.35288270377733594,,,0.053611663353214045
experiments/cikm2026,ml1m,weighted_bpr,1,alpha_0.4_beta_0.0,0.4,none,,0.2287,0.2986724283930348,0.015298013245033113,0.2832186758583264,0.24508474251601012,0.21028070255152917,0.17619991135198573,0.10701876450634065,0.03980036296148495,0.17619991135198573,-0.9749514420488575,-1.0,2.702530759317064,0.8865565201480781,0.349685776743707,0.061226943791150415,0.8161111473639422,0.18873426110006625,0.35288270377733594,,,0.053611663353214045
experiments/cikm2026_SOTA,ml1m,weighted_bpr,1,alpha_0.4_beta_0.0,0.4,none,,0.2287,0.2986724283930348,0.015298013245033113,0.2832186758583264,0.24508474251601012,0.21028070255152917,0.17619991135198573,0.10701876450634065,0.03980036296148495,0.17619991135198573,-0.9749514420488575,-1.0,2.702530759317064,0.8865565201480781,0.349685776743707,0.061226943791150415,0.8161111473639422,0.18873426110006625,0.35288270377733594,,,0.053611663353214045
experiments/cikm2026,ml1m,weighted_bpr,2,alpha_0.4_beta_0.0,0.4,none,,0.2283,0.2886807065387302,0.01935430463576159,0.28426489755712225,0.24148997523577337,0.20531296448569686,0.18214191096744362,0.10212298658967864,0.03861676503287032,0.18214191096744362,-0.9469677147232043,-1.0,2.5439140950627186,0.9652147419391852,0.4134118124980102,0.07745935050008532,1.1375894672796956,0.22611000662690517,0.31921802518223985,,,0.06434724983432737
experiments/cikm2026,ml1m,weighted_bpr,2,alpha_0.4_beta_0.0,0.4,none,,0.2283,0.2886807065387302,0.01935430463576159,0.28426489755712225,0.24148997523577337,0.20531296448569686,0.18214191096744362,0.10212298658967864,0.03861676503287032,0.18214191096744362,-0.9469677147232043,-1.0,2.5439140950627186,0.9652147419391852,0.4134118124980102,0.07745935050008532,1.1375894672796956,0.22611000662690517,0.31921802518223985,,,0.06434724983432737
experiments/cikm2026_SOTA,ml1m,weighted_bpr,2,alpha_0.4_beta_0.0,0.4,none,,0.2283,0.2886807065387302,0.01935430463576159,0.28426489755712225,0.24148997523577337,0.20531296448569686,0.18214191096744362,0.10212298658967864,0.03861676503287032,0.18214191096744362,-0.9469677147232043,-1.0,2.5439140950627186,0.9652147419391852,0.4134118124980102,0.07745935050008532,1.1375894672796956,0.22611000662690517,0.31921802518223985,,,0.06434724983432737
experiments/cikm2026,ml1m,weighted_bpr,3,alpha_0.4_beta_0.0,0.4,none,,0.229,0.29530322309502155,0.017880794701986755,0.28516041491466115,0.25169344376002706,0.20753724349494498,0.17179259930325202,0.11336781561140913,0.04301834715499941,0.17179259930325202,-0.988853941428198,-1.0,2.658016517169411,0.9041053582520026,0.3663160616683923,0.07156206291019389,0.8407575249092603,0.19410205434062283,0.33286944996686546,,,0.05917826375082835
experiments/cikm2026,ml1m,weighted_bpr,3,alpha_0.4_beta_0.0,0.4,none,,0.229,0.29530322309502155,0.017880794701986755,0.28516041491466115,0.25169344376002706,0.20753724349494498,0.17179259930325202,0.11336781561140913,0.04301834715499941,0.17179259930325202,-0.988853941428198,-1.0,2.658016517169411,0.9041053582520026,0.3663160616683923,0.07156206291019389,0.8407575249092603,0.19410205434062283,0.33286944996686546,,,0.05917826375082835
experiments/cikm2026_SOTA,ml1m,weighted_bpr,3,alpha_0.4_beta_0.0,0.4,none,,0.229,0.29530322309502155,0.017880794701986755,0.28516041491466115,0.25169344376002706,0.20753724349494498,0.17179259930325202,0.11336781561140913,0.04301834715499941,0.17179259930325202,-0.988853941428198,-1.0,2.658016517169411,0.9041053582520026,0.3663160616683923,0.07156206291019389,0.8407575249092603,0.19410205434062283,0.33286944996686546,,,0.05917826375082835
experiments/cikm2026,ml1m,weighted_bpr,4,alpha_0.4_beta_0.0,0.4,none,,0.2291,0.28762938203541893,0.016937086092715232,0.276467588815296,0.24639792919840636,0.20980940916344348,0.1836276538031161,0.09283993501217988,0.03529435371126797,0.1836276538031161,-0.9883608820104492,-1.0,2.5178240039182214,0.9828941479475493,0.43149527813723454,0.06778656999699405,1.191497294722148,0.2356527501656726,0.31278992710404235,,,0.05798542080848243
experiments/cikm2026,ml1m,weighted_bpr,4,alpha_0.4_beta_0.0,0.4,none,,0.2291,0.28762938203541893,0.016937086092715232,0.276467588815296,0.24639792919840636,0.20980940916344348,0.1836276538031161,0.09283993501217988,0.03529435371126797,0.1836276538031161,-0.9883608820104492,-1.0,2.5178240039182214,0.9828941479475493,0.43149527813723454,0.06778656999699405,1.191497294722148,0.2356527501656726,0.31278992710404235,,,0.05798542080848243
experiments/cikm2026_SOTA,ml1m,weighted_bpr,4,alpha_0.4_beta_0.0,0.4,none,,0.2291,0.28762938203541893,0.016937086092715232,0.276467588815296,0.24639792919840636,0.20980940916344348,0.1836276538031161,0.09283993501217988,0.03529435371126797,0.1836276538031161,-0.9883608820104492,-1.0,2.5178240039182214,0.9828941479475493,0.43149527813723454,0.06778656999699405,1.191497294722148,0.2356527501656726,0.31278992710404235,,,0.05798542080848243
experiments/cikm2026,ml1m,weighted_bpr,5,alpha_0.4_beta_0.0,0.4,none,,0.2283,0.29292739528045203,0.015728476821192054,0.27963531692838006,0.23721697274265782,0.21540279206578142,0.1808160138949071,0.09881930303347297,0.03583256173466256,0.1808160138949071,-0.9508542918994319,-1.0,2.616493946909456,0.9266180125692172,0.39393858453032377,0.06294945599100264,0.8569124337632963,0.19449966865473822,0.3271040424121935,,,0.05414181577203445
experiments/cikm2026,ml1m,weighted_bpr,5,alpha_0.4_beta_0.0,0.4,none,,0.2283,0.29292739528045203,0.015728476821192054,0.27963531692838006,0.23721697274265782,0.21540279206578142,0.1808160138949071,0.09881930303347297,0.03583256173466256,0.1808160138949071,-0.9508542918994319,-1.0,2.616493946909456,0.9266180125692172,0.39393858453032377,0.06294945599100264,0.8569124337632963,0.19449966865473822,0.3271040424121935,,,0.05414181577203445
experiments/cikm2026_SOTA,ml1m,weighted_bpr,5,alpha_0.4_beta_0.0,0.4,none,,0.2283,0.29292739528045203,0.015728476821192054,0.27963531692838006,0.23721697274265782,0.21540279206578142,0.1808160138949071,0.09881930303347297,0.03583256173466256,0.1808160138949071,-0.9508542918994319,-1.0,2.616493946909456,0.9266180125692172,0.39393858453032377,0.06294945599100264,0.8569124337632963,0.19449966865473822,0.3271040424121935,,,0.05414181577203445
experiments/cikm2026,ml1m,weighted_bpr,6,alpha_0.4_beta_0.0,0.4,none,,0.2311,0.29550189859171033,0.016357615894039734,0.28769552003356086,0.24798212068583503,0.2107500948129903,0.1782153162347349,0.10948020379882595,0.04092356453271235,0.1782153162347349,-0.8428244110772274,-1.0,2.6829261776070954,0.8807859355787412,0.3708196802503773,0.06546820656378549,0.9223543162696818,0.2078860172299536,0.34804506295559967,,,0.05738899933730947
experiments/cikm2026,ml1m,weighted_bpr,6,alpha_0.4_beta_0.0,0.4,none,,0.2311,0.29550189859171033,0.016357615894039734,0.28769552003356086,0.24798212068583503,0.2107500948129903,0.1782153162347349,0.10948020379882595,0.04092356453271235,0.1782153162347349,-0.8428244110772274,-1.0,2.6829261776070954,0.8807859355787412,0.3708196802503773,0.06546820656378549,0.9223543162696818,0.2078860172299536,0.34804506295559967,,,0.05738899933730947
experiments/cikm2026_SOTA,ml1m,weighted_bpr,6,alpha_0.4_beta_0.0,0.4,none,,0.2311,0.29550189859171033,0.016357615894039734,0.28769552003356086,0.24798212068583503,0.2107500948129903,0.1782153162347349,0.10948020379882595,0.04092356453271235,0.1782153162347349,-0.8428244110772274,-1.0,2.6829261776070954,0.8807859355787412,0.3708196802503773,0.06546820656378549,0.9223543162696818,0.2078860172299536,0.34804506295559967,,,0.05738899933730947
experiments/cikm2026,ml1m,weighted_bpr,7,alpha_0.4_beta_0.0,0.4,none,,0.2302,0.2959985873334322,0.014072847682119206,0.2807725190037815,0.25014863944147686,0.21175587607077465,0.17836014517716686,0.10241237382661461,0.03867515380050611,0.17836014517716686,-0.9830730330842659,-0.7999999999999999,2.674847892177471,0.8928422508748451,0.3759859019308471,0.056323955016836444,0.5729018542180238,0.1499005964214712,0.3496355202120609,,,0.04950298210735586
experiments/cikm2026,ml1m,weighted_bpr,7,alpha_0.4_beta_0.0,0.4,none,,0.2302,0.2959985873334322,0.014072847682119206,0.2807725190037815,0.25014863944147686,0.21175587607077465,0.17836014517716686,0.10241237382661461,0.03867515380050611,0.17836014517716686,-0.9830730330842659,-0.7999999999999999,2.674847892177471,0.8928422508748451,0.3759859019308471,0.056323955016836444,0.5729018542180238,0.1499005964214712,0.3496355202120609,,,0.04950298210735586
experiments/cikm2026_SOTA,ml1m,weighted_bpr,7,alpha_0.4_beta_0.0,0.4,none,,0.2302,0.2959985873334322,0.014072847682119206,0.2807725190037815,0.25014863944147686,0.21175587607077465,0.17836014517716686,0.10241237382661461,0.03867515380050611,0.17836014517716686,-0.9830730330842659,-0.7999999999999999,2.674847892177471,0.8928422508748451,0.3759859019308471,0.056323955016836444,0.5729018542180238,0.1499005964214712,0.3496355202120609,,,0.04950298210735586
experiments/cikm2026,ml1m,weighted_bpr,8,alpha_0.4_beta_0.0,0.4,none,,0.2326,0.2923975939559487,0.015480132450331125,0.2831920637433633,0.2442587872258571,0.21240690386363148,0.1906895457804589,0.0925025179629044,0.034855867918772106,0.1906895457804589,-0.865409684063832,-1.0,2.616893450040128,0.9219844436346929,0.3991674322529779,0.0619546740722008,0.9766588644900508,0.20795228628230616,0.33227302849569246,,,0.05195493704440026
experiments/cikm2026,ml1m,weighted_bpr,8,alpha_0.4_beta_0.0,0.4,none,,0.2326,0.2923975939559487,0.015480132450331125,0.2831920637433633,0.2442587872258571,0.21240690386363148,0.1906895457804589,0.0925025179629044,0.034855867918772106,0.1906895457804589,-0.865409684063832,-1.0,2.616893450040128,0.9219844436346929,0.3991674322529779,0.0619546740722008,0.9766588644900508,0.20795228628230616,0.33227302849569246,,,0.05195493704440026
experiments/cikm2026_SOTA,ml1m,weighted_bpr,8,alpha_0.4_beta_0.0,0.4,none,,0.2326,0.2923975939559487,0.015480132450331125,0.2831920637433633,0.2442587872258571,0.21240690386363148,0.1906895457804589,0.0925025179629044,0.034855867918772106,0.1906895457804589,-0.865409684063832,-1.0,2.616893450040128,0.9219844436346929,0.3991674322529779,0.0619546740722008,0.9766588644900508,0.20795228628230616,0.33227302849569246,,,0.05195493704440026
experiments/cikm2026,ml1m,weighted_bpr,9,alpha_0.4_beta_0.0,0.4,none,,0.2276,0.2852535542208494,0.017913907284768212,0.2811047582666843,0.23673565833293977,0.21287667240169206,0.17970191314272743,0.10140284512395686,0.03693650775396913,0.17970191314272743,-0.9523285989351057,-1.0,2.496959477758705,0.984746565567536,0.4465976441902434,0.0716963124835154,1.0782373236036058,0.2149768058316766,0.30702451954937043,,,0.06176275679257786
experiments/cikm2026,ml1m,weighted_bpr,9,alpha_0.4_beta_0.0,0.4,none,,0.2276,0.2852535542208494,0.017913907284768212,0.2811047582666843,0.23673565833293977,0.21287667240169206,0.17970191314272743,0.10140284512395686,0.03693650775396913,0.17970191314272743,-0.9523285989351057,-1.0,2.496959477758705,0.984746565567536,0.4465976441902434,0.0716963124835154,1.0782373236036058,0.2149768058316766,0.30702451954937043,,,0.06176275679257786
experiments/cikm2026_SOTA,ml1m,weighted_bpr,9,alpha_0.4_beta_0.0,0.4,none,,0.2276,0.2852535542208494,0.017913907284768212,0.2811047582666843,0.23673565833293977,0.21287667240169206,0.17970191314272743,0.10140284512395686,0.03693650775396913,0.17970191314272743,-0.9523285989351057,-1.0,2.496959477758705,0.984746565567536,0.4465976441902434,0.0716963124835154,1.0782373236036058,0.2149768058316766,0.30702451954937043,,,0.06176275679257786
experiments/cikm2026,ml1m,weighted_bpr,0,alpha_0.8,0.8,none,,0.1671,0.19613931581025335,0.10485099337748344,0.17139224568689126,0.18033427151650563,0.16141939720486087,0.15532816846551448,0.025006103050991157,0.009544804991900472,0.15532816846551448,-0.981924560226973,-1.0,1.7951682859860947,0.9734386524212412,0.8118098875159506,0.4195831740767129,2.7647419695372872,0.42524850894632193,0.10649436713055002,,,0.28290258449304173
experiments/cikm2026,ml1m,weighted_bpr,0,alpha_0.8_beta_0.0,0.8,none,,0.1671,0.19613931581025335,0.10485099337748344,0.17139224568689126,0.18033427151650563,0.16141939720486087,0.15532816846551448,0.025006103050991157,0.009544804991900472,0.15532816846551448,-0.981924560226973,-1.0,1.7951682859860947,0.9734386524212412,0.8118098875159506,0.4195831740767129,2.7647419695372872,0.42524850894632193,0.10649436713055002,,,0.28290258449304173
experiments/cikm2026_SOTA,ml1m,weighted_bpr,0,alpha_0.8_beta_0.0,0.8,none,,0.1671,0.19613931581025335,0.10485099337748344,0.17139224568689126,0.18033427151650563,0.16141939720486087,0.15532816846551448,0.025006103050991157,0.009544804991900472,0.15532816846551448,-0.981924560226973,-1.0,1.7951682859860947,0.9734386524212412,0.8118098875159506,0.4195831740767129,2.7647419695372872,0.42524850894632193,0.10649436713055002,,,0.28290258449304173
experiments/cikm2026,ml1m,weighted_bpr,1,alpha_0.8_beta_0.0,0.8,none,,0.1651,0.27177244992023325,0.07129139072847682,0.17845907029234553,0.17806786499244437,0.1571486803545156,0.14666900267235625,0.03179006761998929,0.013688997966903201,0.14666900267235625,-0.9678327422215155,-1.0,2.574054113149362,0.6383278264997143,0.502312670697937,0.2853053896529862,1.2999642329925667,0.289065606361829,0.2525513585155732,,,0.21504307488402913
experiments/cikm2026,ml1m,weighted_bpr,1,alpha_0.8_beta_0.0,0.8,none,,0.1651,0.27177244992023325,0.07129139072847682,0.17845907029234553,0.17806786499244437,0.1571486803545156,0.14666900267235625,0.03179006761998929,0.013688997966903201,0.14666900267235625,-0.9678327422215155,-1.0,2.574054113149362,0.6383278264997143,0.502312670697937,0.2853053896529862,1.2999642329925667,0.289065606361829,0.2525513585155732,,,0.21504307488402913
experiments/cikm2026_SOTA,ml1m,weighted_bpr,1,alpha_0.8_beta_0.0,0.8,none,,0.1651,0.27177244992023325,0.07129139072847682,0.17845907029234553,0.17806786499244437,0.1571486803545156,0.14666900267235625,0.03179006761998929,0.013688997966903201,0.14666900267235625,-0.9678327422215155,-1.0,2.574054113149362,0.6383278264997143,0.502312670697937,0.2853053896529862,1.2999642329925667,0.289065606361829,0.2525513585155732,,,0.21504307488402913
experiments/cikm2026,ml1m,weighted_bpr,2,alpha_0.8_beta_0.0,0.8,none,,0.1641,0.20948368667118053,0.1076158940397351,0.17001657537347759,0.17172310183703673,0.16087421870456683,0.15364236078791965,0.018080741049117083,0.0072952084118622544,0.15364236078791965,-0.9791933093513978,-1.0,1.9661619106122872,0.9092134338572593,0.693978937518482,0.4306457180119712,2.490973226505277,0.4068919814446652,0.13843605036447978,,,0.28833664678595095
experiments/cikm2026,ml1m,weighted_bpr,2,alpha_0.8_beta_0.0,0.8,none,,0.1641,0.20948368667118053,0.1076158940397351,0.17001657537347759,0.17172310183703673,0.16087421870456683,0.15364236078791965,0.018080741049117083,0.0072952084118622544,0.15364236078791965,-0.9791933093513978,-1.0,1.9661619106122872,0.9092134338572593,0.693978937518482,0.4306457180119712,2.490973226505277,0.4068919814446652,0.13843605036447978,,,0.28833664678595095
experiments/cikm2026_SOTA,ml1m,weighted_bpr,2,alpha_0.8_beta_0.0,0.8,none,,0.1641,0.20948368667118053,0.1076158940397351,0.17001657537347759,0.17172310183703673,0.16087421870456683,0.15364236078791965,0.018080741049117083,0.0072952084118622544,0.15364236078791965,-0.9791933093513978,-1.0,1.9661619106122872,0.9092134338572593,0.693978937518482,0.4306457180119712,2.490973226505277,0.4068919814446652,0.13843605036447978,,,0.28833664678595095
experiments/cikm2026,ml1m,weighted_bpr,3,alpha_0.8_beta_0.0,0.8,none,,0.1687,0.22713668833082926,0.09786423841059602,0.17440532013554605,0.18248222033364225,0.17009194072263512,0.14771724611885367,0.03476497421478858,0.012890995580967849,0.14771724611885367,-0.9815181237231679,-1.0,2.216939762250186,0.7746057245527584,0.616827576259331,0.3916269369377242,1.948093274641679,0.36149768058316756,0.16547382372432073,,,0.26779324055666
experiments/cikm2026,ml1m,weighted_bpr,3,alpha_0.8_beta_0.0,0.8,none,,0.1687,0.22713668833082926,0.09786423841059602,0.17440532013554605,0.18248222033364225,0.17009194072263512,0.14771724611885367,0.03476497421478858,0.012890995580967849,0.14771724611885367,-0.9815181237231679,-1.0,2.216939762250186,0.7746057245527584,0.616827576259331,0.3916269369377242,1.948093274641679,0.36149768058316756,0.16547382372432073,,,0.26779324055666
experiments/cikm2026_SOTA,ml1m,weighted_bpr,3,alpha_0.8_beta_0.0,0.8,none,,0.1687,0.22713668833082926,0.09786423841059602,0.17440532013554605,0.18248222033364225,0.17009194072263512,0.14771724611885367,0.03476497421478858,0.012890995580967849,0.14771724611885367,-0.9815181237231679,-1.0,2.216939762250186,0.7746057245527584,0.616827576259331,0.3916269369377242,1.948093274641679,0.36149768058316756,0.16547382372432073,,,0.26779324055666
experiments/cikm2026,ml1m,weighted_bpr,4,alpha_0.8_beta_0.0,0.8,none,,0.1727,0.2246946353506968,0.09021523178807947,0.1785230436284342,0.18582827067864213,0.17329850456071771,0.15336644096813393,0.032461829710508205,0.0120456667372445,0.15336644096813393,-0.995765325138102,-1.0,2.197414784263942,0.768903690974566,0.6726599644655258,0.3610215602959658,2.0437140110353464,0.37548045062955593,0.17296222664015903,,,0.25109343936381706
experiments/cikm2026,ml1m,weighted_bpr,4,alpha_0.8_beta_0.0,0.8,none,,0.1727,0.2246946353506968,0.09021523178807947,0.1785230436284342,0.18582827067864213,0.17329850456071771,0.15336644096813393,0.032461829710508205,0.0120456667372445,0.15336644096813393,-0.995765325138102,-1.0,2.197414784263942,0.768903690974566,0.6726599644655258,0.3610215602959658,2.0437140110353464,0.37548045062955593,0.17296222664015903,,,0.25109343936381706
experiments/cikm2026_SOTA,ml1m,weighted_bpr,4,alpha_0.8_beta_0.0,0.8,none,,0.1727,0.2246946353506968,0.09021523178807947,0.1785230436284342,0.18582827067864213,0.17329850456071771,0.15336644096813393,0.032461829710508205,0.0120456667372445,0.15336644096813393,-0.995765325138102,-1.0,2.197414784263942,0.768903690974566,0.6726599644655258,0.3610215602959658,2.0437140110353464,0.37548045062955593,0.17296222664015903,,,0.25109343936381706
experiments/cikm2026,ml1m,weighted_bpr,5,alpha_0.8_beta_0.0,0.8,none,,0.1677,0.19507971316124673,0.10562913907284768,0.17475435260561853,0.17102420157380474,0.17047671481673923,0.15457298359723365,0.02018136900838488,0.00775955398279148,0.15457298359723365,-0.9753590782897724,-1.0,1.8201338151202444,0.9399996299393865,0.8171728130986898,0.42269374184167885,2.6818394567850596,0.4146454605699138,0.10695825049701788,,,0.2841616964877402
experiments/cikm2026,ml1m,weighted_bpr,5,alpha_0.8_beta_0.0,0.8,none,,0.1677,0.19507971316124673,0.10562913907284768,0.17475435260561853,0.17102420157380474,0.17047671481673923,0.15457298359723365,0.02018136900838488,0.00775955398279148,0.15457298359723365,-0.9753590782897724,-1.0,1.8201338151202444,0.9399996299393865,0.8171728130986898,0.42269374184167885,2.6818394567850596,0.4146454605699138,0.10695825049701788,,,0.2841616964877402
experiments/cikm2026_SOTA,ml1m,weighted_bpr,5,alpha_0.8_beta_0.0,0.8,none,,0.1677,0.19507971316124673,0.10562913907284768,0.17475435260561853,0.17102420157380474,0.17047671481673923,0.15457298359723365,0.02018136900838488,0.00775955398279148,0.15457298359723365,-0.9753590782897724,-1.0,1.8201338151202444,0.9399996299393865,0.8171728130986898,0.42269374184167885,2.6818394567850596,0.4146454605699138,0.10695825049701788,,,0.2841616964877402
experiments/cikm2026,ml1m,weighted_bpr,6,alpha_0.8_beta_0.0,0.8,none,,0.1676,0.21975686547912754,0.10538079470198676,0.1745770036695921,0.1849061442060884,0.16594995630249668,0.14507443516520943,0.03983170904087896,0.014648396086601585,0.14507443516520943,-0.9830432218216909,-1.0,2.1395908216765616,0.8179705340667079,0.6207323164070001,0.4217063278497297,2.2147241666330686,0.39860834990059635,0.1573227302849569,,,0.28734261100066266
experiments/cikm2026,ml1m,weighted_bpr,6,alpha_0.8_beta_0.0,0.8,none,,0.1676,0.21975686547912754,0.10538079470198676,0.1745770036695921,0.1849061442060884,0.16594995630249668,0.14507443516520943,0.03983170904087896,0.014648396086601585,0.14507443516520943,-0.9830432218216909,-1.0,2.1395908216765616,0.8179705340667079,0.6207323164070001,0.4217063278497297,2.2147241666330686,0.39860834990059635,0.1573227302849569,,,0.28734261100066266
experiments/cikm2026_SOTA,ml1m,weighted_bpr,6,alpha_0.8_beta_0.0,0.8,none,,0.1676,0.21975686547912754,0.10538079470198676,0.1745770036695921,0.1849061442060884,0.16594995630249668,0.14507443516520943,0.03983170904087896,0.014648396086601585,0.14507443516520943,-0.9830432218216909,-1.0,2.1395908216765616,0.8179705340667079,0.6207323164070001,0.4217063278497297,2.2147241666330686,0.39860834990059635,0.1573227302849569,,,0.28734261100066266
experiments/cikm2026,ml1m,weighted_bpr,7,alpha_0.8_beta_0.0,0.8,none,,0.1676,0.19943401779700834,0.10438741721854304,0.16668980173016898,0.18252475489047212,0.165184753295935,0.15620062541707216,0.02632412947339996,0.009478210978608553,0.15620062541707216,-0.9818705141575985,-1.0,1.881190578430472,0.9137728811990209,0.7873061343691102,0.4177304060013961,2.4133642616987676,0.3817097415506958,0.1178263750828363,,,0.28581842279655395
experiments/cikm2026,ml1m,weighted_bpr,7,alpha_0.8_beta_0.0,0.8,none,,0.1676,0.19943401779700834,0.10438741721854304,0.16668980173016898,0.18252475489047212,0.165184753295935,0.15620062541707216,0.02632412947339996,0.009478210978608553,0.15620062541707216,-0.9818705141575985,-1.0,1.881190578430472,0.9137728811990209,0.7873061343691102,0.4177304060013961,2.4133642616987676,0.3817097415506958,0.1178263750828363,,,0.28581842279655395
experiments/cikm2026_SOTA,ml1m,weighted_bpr,7,alpha_0.8_beta_0.0,0.8,none,,0.1676,0.19943401779700834,0.10438741721854304,0.16668980173016898,0.18252475489047212,0.165184753295935,0.15620062541707216,0.02632412947339996,0.009478210978608553,0.15620062541707216,-0.9818705141575985,-1.0,1.881190578430472,0.9137728811990209,0.7873061343691102,0.4177304060013961,2.4133642616987676,0.3817097415506958,0.1178263750828363,,,0.28581842279655395
experiments/cikm2026,ml1m,weighted_bpr,8,alpha_0.8_beta_0.0,0.8,none,,0.1689,0.21588668833082925,0.09882450331125828,0.17266038368789685,0.17832077399244586,0.16312653263339408,0.16163569925294974,0.016685074739496125,0.006873669302705888,0.16163569925294974,-0.9607174894063459,-1.0,2.1269402783193314,0.7901549968715921,0.6874318139938789,0.39547291081519753,2.1837355193961905,0.38601722995361165,0.154208084824387,,,0.2740225314777998
experiments/cikm2026,ml1m,weighted_bpr,8,alpha_0.8_beta_0.0,0.8,none,,0.1689,0.21588668833082925,0.09882450331125828,0.17266038368789685,0.17832077399244586,0.16312653263339408,0.16163569925294974,0.016685074739496125,0.006873669302705888,0.16163569925294974,-0.9607174894063459,-1.0,2.1269402783193314,0.7901549968715921,0.6874318139938789,0.39547291081519753,2.1837355193961905,0.38601722995361165,0.154208084824387,,,0.2740225314777998
experiments/cikm2026_SOTA,ml1m,weighted_bpr,8,alpha_0.8_beta_0.0,0.8,none,,0.1689,0.21588668833082925,0.09882450331125828,0.17266038368789685,0.17832077399244586,0.16312653263339408,0.16163569925294974,0.016685074739496125,0.006873669302705888,0.16163569925294974,-0.9607174894063459,-1.0,2.1269402783193314,0.7901549968715921,0.6874318139938789,0.39547291081519753,2.1837355193961905,0.38601722995361165,0.154208084824387,,,0.2740225314777998
experiments/cikm2026,ml1m,weighted_bpr,9,alpha_0.8_beta_0.0,0.8,none,,0.1721,0.2412509267414253,0.08382450331125828,0.18661944711164352,0.1818593795168526,0.16662200480814043,0.15315147524832728,0.03346797186331624,0.013182463742029969,0.15315147524832728,-0.9806697073811864,-1.0,2.329865181350656,0.7613016581895891,0.5733805722488249,0.33545258821092955,1.6126909926291133,0.323790589794566,0.19821073558648108,,,0.2398939695162359
experiments/cikm2026,ml1m,weighted_bpr,9,alpha_0.8_beta_0.0,0.8,none,,0.1721,0.2412509267414253,0.08382450331125828,0.18661944711164352,0.1818593795168526,0.16662200480814043,0.15315147524832728,0.03346797186331624,0.013182463742029969,0.15315147524832728,-0.9806697073811864,-1.0,2.329865181350656,0.7613016581895891,0.5733805722488249,0.33545258821092955,1.6126909926291133,0.323790589794566,0.19821073558648108,,,0.2398939695162359
experiments/cikm2026_SOTA,ml1m,weighted_bpr,9,alpha_0.8_beta_0.0,0.8,none,,0.1721,0.2412509267414253,0.08382450331125828,0.18661944711164352,0.1818593795168526,0.16662200480814043,0.15315147524832728,0.03346797186331624,0.013182463742029969,0.15315147524832728,-0.9806697073811864,-1.0,2.329865181350656,0.7613016581895891,0.5733805722488249,0.33545258821092955,1.6126909926291133,0.323790589794566,0.19821073558648108,,,0.2398939695162359
experiments/cikm2026,ml1m,weighted_itemknn,0,alpha_0.0,0.0,none,,0.2582,0.3719214565427498,0.0008940397350993377,0.33662236352876523,0.270981081852923,0.22200485873569747,0.20328263404038432,0.1333397294883809,0.05157379766513457,0.20328263404038432,,,3.375501975691197,0.5397473232173382,0.08117217226442666,0.003578528827037773,0.0,0.0,0.681378396288933,,,0.003578528827037773
experiments/cikm2026,ml1m,weighted_itemknn,0,alpha_0.0_beta_0.1,0.0,none,,0.2582,0.3719214565427498,0.0008940397350993377,0.33662236352876523,0.270981081852923,0.22200485873569747,0.20328263404038432,0.1333397294883809,0.05157379766513457,0.20328263404038432,,,3.375501975691197,0.5397473232173382,0.08117217226442666,0.003578528827037773,0.0,0.0,0.681378396288933,,,0.003578528827037773
experiments/cikm2026,ml1m,weighted_itemknn,0,baseline,0.0,none,,0.2582,0.3719214565427498,0.0008940397350993377,0.33662236352876523,0.270981081852923,0.22200485873569747,0.20328263404038432,0.1333397294883809,0.05157379766513457,0.20328263404038432,,,3.375501975691197,0.5397473232173382,0.08117217226442666,0.003578528827037773,,,0.681378396288933,,,0.003578528827037773
experiments/cikm2026,ml1m,weighted_itemknn,0,alpha_0.0_beta_0.5,0.0,none,,0.2582,0.3719214565427498,0.0008940397350993377,0.33662236352876523,0.270981081852923,0.22200485873569747,0.20328263404038432,0.1333397294883809,0.05157379766513457,0.20328263404038432,,,3.375501975691197,0.5397473232173382,0.08117217226442666,0.003578528827037773,0.0,0.0,0.681378396288933,,,0.003578528827037773
experiments/cikm2026,ml1m,weighted_itemknn,0,alpha_0.0_beta_0.0,0.0,none,,0.2582,0.3719214565427498,0.0008940397350993377,0.33662236352876523,0.270981081852923,0.22200485873569747,0.20328263404038432,0.1333397294883809,0.05157379766513457,0.20328263404038432,,,3.375501975691197,0.5397473232173382,0.08117217226442666,0.003578528827037773,0.0,0.0,0.681378396288933,,,0.003578528827037773
experiments/cikm2026,ml1m,weighted_itemknn,0,alpha_0.0_beta_0.3,0.0,none,,0.2582,0.3719214565427498,0.0008940397350993377,0.33662236352876523,0.270981081852923,0.22200485873569747,0.20328263404038432,0.1333397294883809,0.05157379766513457,0.20328263404038432,,,3.375501975691197,0.5397473232173382,0.08117217226442666,0.003578528827037773,0.0,0.0,0.681378396288933,,,0.003578528827037773
experiments/cikm2026,ml1m,weighted_itemknn,0,baseline,0.0,none,,0.2582,0.3719214565427498,0.0008940397350993377,0.33662236352876523,0.270981081852923,0.22200485873569747,0.20328263404038432,0.1333397294883809,0.05157379766513457,0.20328263404038432,,,3.375501975691197,0.5397473232173382,0.08117217226442666,0.003578528827037773,,,0.681378396288933,,,0.003578528827037773
experiments/cikm2026_SOTA,ml1m,weighted_itemknn,0,baseline,0.0,none,,0.2582,0.3719214565427498,0.0008940397350993377,0.33662236352876523,0.270981081852923,0.22200485873569747,0.20328263404038432,0.1333397294883809,0.05157379766513457,0.20328263404038432,,,3.375501975691197,0.5397473232173382,0.08117217226442666,0.003578528827037773,,,0.681378396288933,,,0.003578528827037773
experiments/cikm2026_SOTA,ml1m,weighted_itemknn,0,baseline,0.0,none,,0.2582,0.3719214565427498,0.0008940397350993377,0.33662236352876523,0.270981081852923,0.22200485873569747,0.20328263404038432,0.1333397294883809,0.05157379766513457,0.20328263404038432,,,3.375501975691197,0.5397473232173382,0.08117217226442666,0.003578528827037773,,,0.681378396288933,,,0.003578528827037773
experiments/cikm2026_SOTA,ml1m,weighted_itemknn,0,baseline,0.0,none,,0.2582,0.3719214565427498,0.0008940397350993377,0.33662236352876523,0.270981081852923,0.22200485873569747,0.20328263404038432,0.1333397294883809,0.05157379766513457,0.20328263404038432,,,3.375501975691197,0.5397473232173382,0.08117217226442666,0.003578528827037773,,,0.681378396288933,,,0.003578528827037773
experiments/cikm2026_SOTA,ml1m,weighted_itemknn,0,baseline,0.0,none,,0.2582,0.3719214565427498,0.0008940397350993377,0.33662236352876523,0.270981081852923,0.22200485873569747,0.20328263404038432,0.1333397294883809,0.05157379766513457,0.20328263404038432,,,3.375501975691197,0.5397473232173382,0.08117217226442666,0.003578528827037773,,,0.681378396288933,,,0.003578528827037773
experiments/cikm2026_SOTA,ml1m,weighted_itemknn,0,baseline,0.0,none,,0.2582,0.3719214565427498,0.0008940397350993377,0.33662236352876523,0.270981081852923,0.22200485873569747,0.20328263404038432,0.1333397294883809,0.05157379766513457,0.20328263404038432,,,3.375501975691197,0.5397473232173382,0.08117217226442666,0.003578528827037773,,,0.681378396288933,,,0.003578528827037773
experiments/cikm2026,ml1m,weighted_itemknn,1,baseline,0.0,none,,0.2558,0.370812185019571,0.0009105960264900663,0.3282093641379287,0.2735465717111652,0.22060527459261134,0.2007759550904077,0.12743340904752104,0.049558980139906075,0.2007759550904077,,,3.3666278896528334,0.549218050160823,0.08050926230695296,0.0036447978793903244,,,0.6796554009277667,,,0.0036447978793903244
experiments/cikm2026,ml1m,weighted_itemknn,1,baseline,0.0,none,,0.2558,0.370812185019571,0.0009105960264900663,0.3282093641379287,0.2735465717111652,0.22060527459261134,0.2007759550904077,0.12743340904752104,0.049558980139906075,0.2007759550904077,,,3.3666278896528334,0.549218050160823,0.08050926230695296,0.0036447978793903244,,,0.6796554009277667,,,0.0036447978793903244
experiments/cikm2026_SOTA,ml1m,weighted_itemknn,1,baseline,0.0,none,,0.2558,0.370812185019571,0.0009105960264900663,0.3282093641379287,0.2735465717111652,0.22060527459261134,0.2007759550904077,0.12743340904752104,0.049558980139906075,0.2007759550904077,,,3.3666278896528334,0.549218050160823,0.08050926230695296,0.0036447978793903244,,,0.6796554009277667,,,0.0036447978793903244
experiments/cikm2026_SOTA,ml1m,weighted_itemknn,1,baseline,0.0,none,,0.2558,0.370812185019571,0.0009105960264900663,0.3282093641379287,0.2735465717111652,0.22060527459261134,0.2007759550904077,0.12743340904752104,0.049558980139906075,0.2007759550904077,,,3.3666278896528334,0.549218050160823,0.08050926230695296,0.0036447978793903244,,,0.6796554009277667,,,0.0036447978793903244
experiments/cikm2026_SOTA,ml1m,weighted_itemknn,1,baseline,0.0,none,,0.2558,0.370812185019571,0.0009105960264900663,0.3282093641379287,0.2735465717111652,0.22060527459261134,0.2007759550904077,0.12743340904752104,0.049558980139906075,0.2007759550904077,,,3.3666278896528334,0.549218050160823,0.08050926230695296,0.0036447978793903244,,,0.6796554009277667,,,0.0036447978793903244
experiments/cikm2026_SOTA,ml1m,weighted_itemknn,1,baseline,0.0,none,,0.2558,0.370812185019571,0.0009105960264900663,0.3282093641379287,0.2735465717111652,0.22060527459261134,0.2007759550904077,0.12743340904752104,0.049558980139906075,0.2007759550904077,,,3.3666278896528334,0.549218050160823,0.08050926230695296,0.0036447978793903244,,,0.6796554009277667,,,0.0036447978793903244
experiments/cikm2026_SOTA,ml1m,weighted_itemknn,1,baseline,0.0,none,,0.2558,0.370812185019571,0.0009105960264900663,0.3282093641379287,0.2735465717111652,0.22060527459261134,0.2007759550904077,0.12743340904752104,0.049558980139906075,0.2007759550904077,,,3.3666278896528334,0.549218050160823,0.08050926230695296,0.0036447978793903244,,,0.6796554009277667,,,0.0036447978793903244
experiments/cikm2026,ml1m,weighted_itemknn,2,baseline,0.0,none,,0.2562,0.37258370819837894,0.0009105960264900663,0.33606789011490606,0.26778525166332606,0.22404986009157993,0.1971481642465394,0.13891972586836668,0.05252102664264447,0.1971481642465394,,,3.380799814260417,0.5372322143186596,0.07832317354153225,0.0036447978793903244,,,0.6821073558648111,,,0.0036447978793903244
experiments/cikm2026,ml1m,weighted_itemknn,2,baseline,0.0,none,,0.2562,0.37258370819837894,0.0009105960264900663,0.33606789011490606,0.26778525166332606,0.22404986009157993,0.1971481642465394,0.13891972586836668,0.05252102664264447,0.1971481642465394,,,3.380799814260417,0.5372322143186596,0.07832317354153225,0.0036447978793903244,,,0.6821073558648111,,,0.0036447978793903244
experiments/cikm2026_SOTA,ml1m,weighted_itemknn,2,baseline,0.0,none,,0.2562,0.37258370819837894,0.0009105960264900663,0.33606789011490606,0.26778525166332606,0.22404986009157993,0.1971481642465394,0.13891972586836668,0.05252102664264447,0.1971481642465394,,,3.380799814260417,0.5372322143186596,0.07832317354153225,0.0036447978793903244,,,0.6821073558648111,,,0.0036447978793903244
experiments/cikm2026_SOTA,ml1m,weighted_itemknn,2,baseline,0.0,none,,0.2562,0.37258370819837894,0.0009105960264900663,0.33606789011490606,0.26778525166332606,0.22404986009157993,0.1971481642465394,0.13891972586836668,0.05252102664264447,0.1971481642465394,,,3.380799814260417,0.5372322143186596,0.07832317354153225,0.0036447978793903244,,,0.6821073558648111,,,0.0036447978793903244
experiments/cikm2026_SOTA,ml1m,weighted_itemknn,2,baseline,0.0,none,,0.2562,0.37258370819837894,0.0009105960264900663,0.33606789011490606,0.26778525166332606,0.22404986009157993,0.1971481642465394,0.13891972586836668,0.05252102664264447,0.1971481642465394,,,3.380799814260417,0.5372322143186596,0.07832317354153225,0.0036447978793903244,,,0.6821073558648111,,,0.0036447978793903244
experiments/cikm2026_SOTA,ml1m,weighted_itemknn,2,baseline,0.0,none,,0.2562,0.37258370819837894,0.0009105960264900663,0.33606789011490606,0.26778525166332606,0.22404986009157993,0.1971481642465394,0.13891972586836668,0.05252102664264447,0.1971481642465394,,,3.380799814260417,0.5372322143186596,0.07832317354153225,0.0036447978793903244,,,0.6821073558648111,,,0.0036447978793903244
experiments/cikm2026_SOTA,ml1m,weighted_itemknn,2,baseline,0.0,none,,0.2562,0.37258370819837894,0.0009105960264900663,0.33606789011490606,0.26778525166332606,0.22404986009157993,0.1971481642465394,0.13891972586836668,0.05252102664264447,0.1971481642465394,,,3.380799814260417,0.5372322143186596,0.07832317354153225,0.0036447978793903244,,,0.6821073558648111,,,0.0036447978793903244
experiments/cikm2026,ml1m,weighted_itemknn,3,baseline,0.0,none,,0.2589,0.3727575492579816,0.0008940397350993377,0.34738526091234984,0.26948298480388555,0.2245943414037468,0.1943559112433627,0.15302934966898712,0.057629086917652866,0.1943559112433627,,,3.382189048785609,0.5337217557031311,0.08051066668422137,0.003578528827037773,,,0.6777998674618952,,,0.003578528827037773
experiments/cikm2026,ml1m,weighted_itemknn,3,baseline,0.0,none,,0.2589,0.3727575492579816,0.0008940397350993377,0.34738526091234984,0.26948298480388555,0.2245943414037468,0.1943559112433627,0.15302934966898712,0.057629086917652866,0.1943559112433627,,,3.382189048785609,0.5337217557031311,0.08051066668422137,0.003578528827037773,,,0.6777998674618952,,,0.003578528827037773
experiments/cikm2026_SOTA,ml1m,weighted_itemknn,3,baseline,0.0,none,,0.2589,0.3727575492579816,0.0008940397350993377,0.34738526091234984,0.26948298480388555,0.2245943414037468,0.1943559112433627,0.15302934966898712,0.057629086917652866,0.1943559112433627,,,3.382189048785609,0.5337217557031311,0.08051066668422137,0.003578528827037773,,,0.6777998674618952,,,0.003578528827037773
experiments/cikm2026_SOTA,ml1m,weighted_itemknn,3,baseline,0.0,none,,0.2589,0.3727575492579816,0.0008940397350993377,0.34738526091234984,0.26948298480388555,0.2245943414037468,0.1943559112433627,0.15302934966898712,0.057629086917652866,0.1943559112433627,,,3.382189048785609,0.5337217557031311,0.08051066668422137,0.003578528827037773,,,0.6777998674618952,,,0.003578528827037773
experiments/cikm2026_SOTA,ml1m,weighted_itemknn,3,baseline,0.0,none,,0.2589,0.3727575492579816,0.0008940397350993377,0.34738526091234984,0.26948298480388555,0.2245943414037468,0.1943559112433627,0.15302934966898712,0.057629086917652866,0.1943559112433627,,,3.382189048785609,0.5337217557031311,0.08051066668422137,0.003578528827037773,,,0.6777998674618952,,,0.003578528827037773
experiments/cikm2026_SOTA,ml1m,weighted_itemknn,3,baseline,0.0,none,,0.2589,0.3727575492579816,0.0008940397350993377,0.34738526091234984,0.26948298480388555,0.2245943414037468,0.1943559112433627,0.15302934966898712,0.057629086917652866,0.1943559112433627,,,3.382189048785609,0.5337217557031311,0.08051066668422137,0.003578528827037773,,,0.6777998674618952,,,0.003578528827037773
experiments/cikm2026_SOTA,ml1m,weighted_itemknn,3,baseline,0.0,none,,0.2589,0.3727575492579816,0.0008940397350993377,0.34738526091234984,0.26948298480388555,0.2245943414037468,0.1943559112433627,0.15302934966898712,0.057629086917652866,0.1943559112433627,,,3.382189048785609,0.5337217557031311,0.08051066668422137,0.003578528827037773,,,0.6777998674618952,,,0.003578528827037773
experiments/cikm2026,ml1m,weighted_itemknn,4,baseline,0.0,none,,0.2572,0.37267476780102793,0.0005629139072847682,0.3382008105982656,0.2651320020916952,0.22730499820731181,0.19837359586904543,0.1398272147292202,0.052388676631302596,0.19837359586904543,,,3.38153188759095,0.5356386433075438,0.080576321321519,0.002253147779986746,,,0.6850231941683234,,,0.002253147779986746
experiments/cikm2026,ml1m,weighted_itemknn,4,baseline,0.0,none,,0.2572,0.37267476780102793,0.0005629139072847682,0.3382008105982656,0.2651320020916952,0.22730499820731181,0.19837359586904543,0.1398272147292202,0.052388676631302596,0.19837359586904543,,,3.38153188759095,0.5356386433075438,0.080576321321519,0.002253147779986746,,,0.6850231941683234,,,0.002253147779986746
experiments/cikm2026_SOTA,ml1m,weighted_itemknn,4,baseline,0.0,none,,0.2572,0.37267476780102793,0.0005629139072847682,0.3382008105982656,0.2651320020916952,0.22730499820731181,0.19837359586904543,0.1398272147292202,0.052388676631302596,0.19837359586904543,,,3.38153188759095,0.5356386433075438,0.080576321321519,0.002253147779986746,,,0.6850231941683234,,,0.002253147779986746
experiments/cikm2026_SOTA,ml1m,weighted_itemknn,4,baseline,0.0,none,,0.2572,0.37267476780102793,0.0005629139072847682,0.3382008105982656,0.2651320020916952,0.22730499820731181,0.19837359586904543,0.1398272147292202,0.052388676631302596,0.19837359586904543,,,3.38153188759095,0.5356386433075438,0.080576321321519,0.002253147779986746,,,0.6850231941683234,,,0.002253147779986746
experiments/cikm2026_SOTA,ml1m,weighted_itemknn,4,baseline,0.0,none,,0.2572,0.37267476780102793,0.0005629139072847682,0.3382008105982656,0.2651320020916952,0.22730499820731181,0.19837359586904543,0.1398272147292202,0.052388676631302596,0.19837359586904543,,,3.38153188759095,0.5356386433075438,0.080576321321519,0.002253147779986746,,,0.6850231941683234,,,0.002253147779986746
experiments/cikm2026_SOTA,ml1m,weighted_itemknn,4,baseline,0.0,none,,0.2572,0.37267476780102793,0.0005629139072847682,0.3382008105982656,0.2651320020916952,0.22730499820731181,0.19837359586904543,0.1398272147292202,0.052388676631302596,0.19837359586904543,,,3.38153188759095,0.5356386433075438,0.080576321321519,0.002253147779986746,,,0.6850231941683234,,,0.002253147779986746
experiments/cikm2026_SOTA,ml1m,weighted_itemknn,4,baseline,0.0,none,,0.2572,0.37267476780102793,0.0005629139072847682,0.3382008105982656,0.2651320020916952,0.22730499820731181,0.19837359586904543,0.1398272147292202,0.052388676631302596,0.19837359586904543,,,3.38153188759095,0.5356386433075438,0.080576321321519,0.002253147779986746,,,0.6850231941683234,,,0.002253147779986746
experiments/cikm2026,ml1m,weighted_itemknn,5,baseline,0.0,none,,0.2558,0.3701747678010279,0.0007450331125827815,0.33841312186251543,0.26175853724049064,0.229597844693664,0.19343007671467657,0.14498304514783886,0.05347193736715462,0.19343007671467657,,,3.3615268819409834,0.5490178847787859,0.0864731259243655,0.0029821073558648106,,,0.6745526838966202,,,0.0029821073558648106
experiments/cikm2026,ml1m,weighted_itemknn,5,baseline,0.0,none,,0.2558,0.3701747678010279,0.0007450331125827815,0.33841312186251543,0.26175853724049064,0.229597844693664,0.19343007671467657,0.14498304514783886,0.05347193736715462,0.19343007671467657,,,3.3615268819409834,0.5490178847787859,0.0864731259243655,0.0029821073558648106,,,0.6745526838966202,,,0.0029821073558648106
experiments/cikm2026_SOTA,ml1m,weighted_itemknn,5,baseline,0.0,none,,0.2558,0.3701747678010279,0.0007450331125827815,0.33841312186251543,0.26175853724049064,0.229597844693664,0.19343007671467657,0.14498304514783886,0.05347193736715462,0.19343007671467657,,,3.3615268819409834,0.5490178847787859,0.0864731259243655,0.0029821073558648106,,,0.6745526838966202,,,0.0029821073558648106
experiments/cikm2026_SOTA,ml1m,weighted_itemknn,5,baseline,0.0,none,,0.2558,0.3701747678010279,0.0007450331125827815,0.33841312186251543,0.26175853724049064,0.229597844693664,0.19343007671467657,0.14498304514783886,0.05347193736715462,0.19343007671467657,,,3.3615268819409834,0.5490178847787859,0.0864731259243655,0.0029821073558648106,,,0.6745526838966202,,,0.0029821073558648106
experiments/cikm2026_SOTA,ml1m,weighted_itemknn,5,baseline,0.0,none,,0.2558,0.3701747678010279,0.0007450331125827815,0.33841312186251543,0.26175853724049064,0.229597844693664,0.19343007671467657,0.14498304514783886,0.05347193736715462,0.19343007671467657,,,3.3615268819409834,0.5490178847787859,0.0864731259243655,0.0029821073558648106,,,0.6745526838966202,,,0.0029821073558648106
experiments/cikm2026_SOTA,ml1m,weighted_itemknn,5,baseline,0.0,none,,0.2558,0.3701747678010279,0.0007450331125827815,0.33841312186251543,0.26175853724049064,0.229597844693664,0.19343007671467657,0.14498304514783886,0.05347193736715462,0.19343007671467657,,,3.3615268819409834,0.5490178847787859,0.0864731259243655,0.0029821073558648106,,,0.6745526838966202,,,0.0029821073558648106
experiments/cikm2026_SOTA,ml1m,weighted_itemknn,5,baseline,0.0,none,,0.2558,0.3701747678010279,0.0007450331125827815,0.33841312186251543,0.26175853724049064,0.229597844693664,0.19343007671467657,0.14498304514783886,0.05347193736715462,0.19343007671467657,,,3.3615268819409834,0.5490178847787859,0.0864731259243655,0.0029821073558648106,,,0.6745526838966202,,,0.0029821073558648106
experiments/cikm2026,ml1m,weighted_itemknn,6,baseline,0.0,none,,0.2587,0.3731797346884451,0.0007615894039735099,0.34504705392633556,0.27428189484623394,0.22166154924255224,0.1939450818555046,0.15110197207083095,0.057583962245779524,0.1939450818555046,,,3.385567762453581,0.5347174577922721,0.07666640334592882,0.003048376408217362,,,0.6812458581842279,,,0.003048376408217362
experiments/cikm2026,ml1m,weighted_itemknn,6,baseline,0.0,none,,0.2587,0.3731797346884451,0.0007615894039735099,0.34504705392633556,0.27428189484623394,0.22166154924255224,0.1939450818555046,0.15110197207083095,0.057583962245779524,0.1939450818555046,,,3.385567762453581,0.5347174577922721,0.07666640334592882,0.003048376408217362,,,0.6812458581842279,,,0.003048376408217362
experiments/cikm2026_SOTA,ml1m,weighted_itemknn,6,baseline,0.0,none,,0.2587,0.3731797346884451,0.0007615894039735099,0.34504705392633556,0.27428189484623394,0.22166154924255224,0.1939450818555046,0.15110197207083095,0.057583962245779524,0.1939450818555046,,,3.385567762453581,0.5347174577922721,0.07666640334592882,0.003048376408217362,,,0.6812458581842279,,,0.003048376408217362
experiments/cikm2026_SOTA,ml1m,weighted_itemknn,6,baseline,0.0,none,,0.2587,0.3731797346884451,0.0007615894039735099,0.34504705392633556,0.27428189484623394,0.22166154924255224,0.1939450818555046,0.15110197207083095,0.057583962245779524,0.1939450818555046,,,3.385567762453581,0.5347174577922721,0.07666640334592882,0.003048376408217362,,,0.6812458581842279,,,0.003048376408217362
experiments/cikm2026_SOTA,ml1m,weighted_itemknn,6,baseline,0.0,none,,0.2587,0.3731797346884451,0.0007615894039735099,0.34504705392633556,0.27428189484623394,0.22166154924255224,0.1939450818555046,0.15110197207083095,0.057583962245779524,0.1939450818555046,,,3.385567762453581,0.5347174577922721,0.07666640334592882,0.003048376408217362,,,0.6812458581842279,,,0.003048376408217362
experiments/cikm2026_SOTA,ml1m,weighted_itemknn,6,baseline,0.0,none,,0.2587,0.3731797346884451,0.0007615894039735099,0.34504705392633556,0.27428189484623394,0.22166154924255224,0.1939450818555046,0.15110197207083095,0.057583962245779524,0.1939450818555046,,,3.385567762453581,0.5347174577922721,0.07666640334592882,0.003048376408217362,,,0.6812458581842279,,,0.003048376408217362
experiments/cikm2026_SOTA,ml1m,weighted_itemknn,6,baseline,0.0,none,,0.2587,0.3731797346884451,0.0007615894039735099,0.34504705392633556,0.27428189484623394,0.22166154924255224,0.1939450818555046,0.15110197207083095,0.057583962245779524,0.1939450818555046,,,3.385567762453581,0.5347174577922721,0.07666640334592882,0.003048376408217362,,,0.6812458581842279,,,0.003048376408217362
experiments/cikm2026,ml1m,weighted_itemknn,7,baseline,0.0,none,,0.2536,0.3727658274036769,0.0008774834437086093,0.3351023361956806,0.2655000763863669,0.2241900034529744,0.18980287460417575,0.14529946159150484,0.05412775211112423,0.18980287460417575,,,3.3822566326408694,0.53292556336631,0.08130554421813489,0.0035122597746852216,,,0.6777998674618952,,,0.0035122597746852216
experiments/cikm2026,ml1m,weighted_itemknn,7,baseline,0.0,none,,0.2536,0.3727658274036769,0.0008774834437086093,0.3351023361956806,0.2655000763863669,0.2241900034529744,0.18980287460417575,0.14529946159150484,0.05412775211112423,0.18980287460417575,,,3.3822566326408694,0.53292556336631,0.08130554421813489,0.0035122597746852216,,,0.6777998674618952,,,0.0035122597746852216
experiments/cikm2026_SOTA,ml1m,weighted_itemknn,7,baseline,0.0,none,,0.2536,0.3727658274036769,0.0008774834437086093,0.3351023361956806,0.2655000763863669,0.2241900034529744,0.18980287460417575,0.14529946159150484,0.05412775211112423,0.18980287460417575,,,3.3822566326408694,0.53292556336631,0.08130554421813489,0.0035122597746852216,,,0.6777998674618952,,,0.0035122597746852216
experiments/cikm2026_SOTA,ml1m,weighted_itemknn,7,baseline,0.0,none,,0.2536,0.3727658274036769,0.0008774834437086093,0.3351023361956806,0.2655000763863669,0.2241900034529744,0.18980287460417575,0.14529946159150484,0.05412775211112423,0.18980287460417575,,,3.3822566326408694,0.53292556336631,0.08130554421813489,0.0035122597746852216,,,0.6777998674618952,,,0.0035122597746852216
experiments/cikm2026_SOTA,ml1m,weighted_itemknn,7,baseline,0.0,none,,0.2536,0.3727658274036769,0.0008774834437086093,0.3351023361956806,0.2655000763863669,0.2241900034529744,0.18980287460417575,0.14529946159150484,0.05412775211112423,0.18980287460417575,,,3.3822566326408694,0.53292556336631,0.08130554421813489,0.0035122597746852216,,,0.6777998674618952,,,0.0035122597746852216
experiments/cikm2026_SOTA,ml1m,weighted_itemknn,7,baseline,0.0,none,,0.2536,0.3727658274036769,0.0008774834437086093,0.3351023361956806,0.2655000763863669,0.2241900034529744,0.18980287460417575,0.14529946159150484,0.05412775211112423,0.18980287460417575,,,3.3822566326408694,0.53292556336631,0.08130554421813489,0.0035122597746852216,,,0.6777998674618952,,,0.0035122597746852216
experiments/cikm2026_SOTA,ml1m,weighted_itemknn,7,baseline,0.0,none,,0.2536,0.3727658274036769,0.0008774834437086093,0.3351023361956806,0.2655000763863669,0.2241900034529744,0.18980287460417575,0.14529946159150484,0.05412775211112423,0.18980287460417575,,,3.3822566326408694,0.53292556336631,0.08130554421813489,0.0035122597746852216,,,0.6777998674618952,,,0.0035122597746852216
experiments/cikm2026,ml1m,weighted_itemknn,8,baseline,0.0,none,,0.2586,0.37250092674142526,0.0006291390728476821,0.3358232168700503,0.2681392131214566,0.22565717762314233,0.2050046008810882,0.13081861598896208,0.05003025483705246,0.2050046008810882,,,3.380139533153592,0.5328565740300767,0.0844856688269336,0.0025182239893969515,,,0.6801192842942345,,,0.0025182239893969515
experiments/cikm2026,ml1m,weighted_itemknn,8,baseline,0.0,none,,0.2586,0.37250092674142526,0.0006291390728476821,0.3358232168700503,0.2681392131214566,0.22565717762314233,0.2050046008810882,0.13081861598896208,0.05003025483705246,0.2050046008810882,,,3.380139533153592,0.5328565740300767,0.0844856688269336,0.0025182239893969515,,,0.6801192842942345,,,0.0025182239893969515
experiments/cikm2026_SOTA,ml1m,weighted_itemknn,8,baseline,0.0,none,,0.2586,0.37250092674142526,0.0006291390728476821,0.3358232168700503,0.2681392131214566,0.22565717762314233,0.2050046008810882,0.13081861598896208,0.05003025483705246,0.2050046008810882,,,3.380139533153592,0.5328565740300767,0.0844856688269336,0.0025182239893969515,,,0.6801192842942345,,,0.0025182239893969515
experiments/cikm2026_SOTA,ml1m,weighted_itemknn,8,baseline,0.0,none,,0.2586,0.37250092674142526,0.0006291390728476821,0.3358232168700503,0.2681392131214566,0.22565717762314233,0.2050046008810882,0.13081861598896208,0.05003025483705246,0.2050046008810882,,,3.380139533153592,0.5328565740300767,0.0844856688269336,0.0025182239893969515,,,0.6801192842942345,,,0.0025182239893969515
experiments/cikm2026_SOTA,ml1m,weighted_itemknn,8,baseline,0.0,none,,0.2586,0.37250092674142526,0.0006291390728476821,0.3358232168700503,0.2681392131214566,0.22565717762314233,0.2050046008810882,0.13081861598896208,0.05003025483705246,0.2050046008810882,,,3.380139533153592,0.5328565740300767,0.0844856688269336,0.0025182239893969515,,,0.6801192842942345,,,0.0025182239893969515
experiments/cikm2026_SOTA,ml1m,weighted_itemknn,8,baseline,0.0,none,,0.2586,0.37250092674142526,0.0006291390728476821,0.3358232168700503,0.2681392131214566,0.22565717762314233,0.2050046008810882,0.13081861598896208,0.05003025483705246,0.2050046008810882,,,3.380139533153592,0.5328565740300767,0.0844856688269336,0.0025182239893969515,,,0.6801192842942345,,,0.0025182239893969515
experiments/cikm2026_SOTA,ml1m,weighted_itemknn,8,baseline,0.0,none,,0.2586,0.37250092674142526,0.0006291390728476821,0.3358232168700503,0.2681392131214566,0.22565717762314233,0.2050046008810882,0.13081861598896208,0.05003025483705246,0.2050046008810882,,,3.380139533153592,0.5328565740300767,0.0844856688269336,0.0025182239893969515,,,0.6801192842942345,,,0.0025182239893969515
experiments/cikm2026,ml1m,weighted_itemknn,9,baseline,0.0,none,,0.2566,0.37232708568182266,0.0008443708609271524,0.33970644039189835,0.26995349458447826,0.22367118551516238,0.1929687683990352,0.14673767199286314,0.055268060860463875,0.1929687683990352,,,3.3787503851820953,0.541335940133121,0.076533953014803,0.0033797216699801187,,,0.6831676607024518,,,0.0033797216699801187
experiments/cikm2026,ml1m,weighted_itemknn,9,baseline,0.0,none,,0.2566,0.37232708568182266,0.0008443708609271524,0.33970644039189835,0.26995349458447826,0.22367118551516238,0.1929687683990352,0.14673767199286314,0.055268060860463875,0.1929687683990352,,,3.3787503851820953,0.541335940133121,0.076533953014803,0.0033797216699801187,,,0.6831676607024518,,,0.0033797216699801187
experiments/cikm2026_SOTA,ml1m,weighted_itemknn,9,baseline,0.0,none,,0.2566,0.37232708568182266,0.0008443708609271524,0.33970644039189835,0.26995349458447826,0.22367118551516238,0.1929687683990352,0.14673767199286314,0.055268060860463875,0.1929687683990352,,,3.3787503851820953,0.541335940133121,0.076533953014803,0.0033797216699801187,,,0.6831676607024518,,,0.0033797216699801187
experiments/cikm2026_SOTA,ml1m,weighted_itemknn,9,baseline,0.0,none,,0.2566,0.37232708568182266,0.0008443708609271524,0.33970644039189835,0.26995349458447826,0.22367118551516238,0.1929687683990352,0.14673767199286314,0.055268060860463875,0.1929687683990352,,,3.3787503851820953,0.541335940133121,0.076533953014803,0.0033797216699801187,,,0.6831676607024518,,,0.0033797216699801187
experiments/cikm2026_SOTA,ml1m,weighted_itemknn,9,baseline,0.0,none,,0.2566,0.37232708568182266,0.0008443708609271524,0.33970644039189835,0.26995349458447826,0.22367118551516238,0.1929687683990352,0.14673767199286314,0.055268060860463875,0.1929687683990352,,,3.3787503851820953,0.541335940133121,0.076533953014803,0.0033797216699801187,,,0.6831676607024518,,,0.0033797216699801187
experiments/cikm2026_SOTA,ml1m,weighted_itemknn,9,baseline,0.0,none,,0.2566,0.37232708568182266,0.0008443708609271524,0.33970644039189835,0.26995349458447826,0.22367118551516238,0.1929687683990352,0.14673767199286314,0.055268060860463875,0.1929687683990352,,,3.3787503851820953,0.541335940133121,0.076533953014803,0.0033797216699801187,,,0.6831676607024518,,,0.0033797216699801187
experiments/cikm2026_SOTA,ml1m,weighted_itemknn,9,baseline,0.0,none,,0.2566,0.37232708568182266,0.0008443708609271524,0.33970644039189835,0.26995349458447826,0.22367118551516238,0.1929687683990352,0.14673767199286314,0.055268060860463875,0.1929687683990352,,,3.3787503851820953,0.541335940133121,0.076533953014803,0.0033797216699801187,,,0.6831676607024518,,,0.0033797216699801187
experiments/cikm2026,ml1m,weighted_itemknn,0,alpha_0.1,0.1,none,,0.258,0.3598022512447365,0.0014238410596026491,0.3386366955870901,0.2697122126141438,0.2203700791356533,0.20322244920389956,0.13541424638319052,0.052573859373220386,0.20322244920389956,0.9125333815091344,0.7745966692414834,3.278520110441701,0.6090991628227459,0.10668158823323312,0.005699138502319416,0.1939637304989914,0.046785950960901324,0.6345924453280317,,,0.005699138502319416
experiments/cikm2026,ml1m,weighted_itemknn,0,alpha_0.1_beta_0.3,0.1,none,,0.258,0.3598022512447365,0.0014238410596026491,0.3386366955870901,0.2697122126141438,0.2203700791356533,0.20322244920389956,0.13541424638319052,0.052573859373220386,0.20322244920389956,0.9125333815091344,0.7745966692414834,3.278520110441701,0.6090991628227459,0.10668158823323312,0.005699138502319416,0.1939637304989914,0.046785950960901324,0.6345924453280317,,,0.005699138502319416
experiments/cikm2026,ml1m,weighted_itemknn,0,alpha_0.1_beta_0.0,0.1,none,,0.258,0.3598022512447365,0.0014238410596026491,0.3386366955870901,0.2697122126141438,0.2203700791356533,0.20322244920389956,0.13541424638319052,0.052573859373220386,0.20322244920389956,0.9125333815091344,0.7745966692414834,3.278520110441701,0.6090991628227459,0.10668158823323312,0.005699138502319416,0.1939637304989914,0.046785950960901324,0.6345924453280317,,,0.005699138502319416
experiments/cikm2026,ml1m,weighted_itemknn,0,alpha_0.1_beta_0.1,0.1,none,,0.258,0.3598022512447365,0.0014238410596026491,0.3386366955870901,0.2697122126141438,0.2203700791356533,0.20322244920389956,0.13541424638319052,0.052573859373220386,0.20322244920389956,0.9125333815091344,0.7745966692414834,3.278520110441701,0.6090991628227459,0.10668158823323312,0.005699138502319416,0.1939637304989914,0.046785950960901324,0.6345924453280317,,,0.005699138502319416
experiments/cikm2026,ml1m,weighted_itemknn,0,alpha_0.1_beta_0.5,0.1,none,,0.258,0.3598022512447365,0.0014238410596026491,0.3386366955870901,0.2697122126141438,0.2203700791356533,0.20322244920389956,0.13541424638319052,0.052573859373220386,0.20322244920389956,0.9125333815091344,0.7745966692414834,3.278520110441701,0.6090991628227459,0.10668158823323312,0.005699138502319416,0.1939637304989914,0.046785950960901324,0.6345924453280317,,,0.005699138502319416
experiments/cikm2026,ml1m,weighted_itemknn,0,alpha_0.1_beta_0.0,0.1,none,,0.258,0.3598022512447365,0.0014238410596026491,0.3386366955870901,0.2697122126141438,0.2203700791356533,0.20322244920389956,0.13541424638319052,0.052573859373220386,0.20322244920389956,0.9125333815091344,0.7745966692414834,3.278520110441701,0.6090991628227459,0.10668158823323312,0.005699138502319416,0.1939637304989914,0.046785950960901324,0.6345924453280317,,,0.005699138502319416
experiments/cikm2026_SOTA,ml1m,weighted_itemknn,0,alpha_0.1_beta_0.0,0.1,none,,0.258,0.3598022512447365,0.0014238410596026491,0.3386366955870901,0.2697122126141438,0.2203700791356533,0.20322244920389956,0.13541424638319052,0.052573859373220386,0.20322244920389956,0.9125333815091344,0.7745966692414834,3.278520110441701,0.6090991628227459,0.10668158823323312,0.005699138502319416,0.1939637304989914,0.046785950960901324,0.6345924453280317,,,0.005699138502319416
experiments/cikm2026,ml1m,weighted_itemknn,1,alpha_0.1_beta_0.0,0.1,none,,0.2553,0.35871781415864384,0.0014072847682119205,0.3300043892548028,0.2728038054437111,0.21899857232659073,0.19954211795865853,0.13046227129614427,0.05077858431003099,0.19954211795865853,0.9731118016827431,0.7745966692414834,3.2698474194868306,0.6201575836071879,0.10436212745601445,0.0056328694499668645,0.19356094033200594,0.04426772697150427,0.6353876739562624,,,0.0056328694499668645
experiments/cikm2026,ml1m,weighted_itemknn,1,alpha_0.1_beta_0.0,0.1,none,,0.2553,0.35871781415864384,0.0014072847682119205,0.3300043892548028,0.2728038054437111,0.21899857232659073,0.19954211795865853,0.13046227129614427,0.05077858431003099,0.19954211795865853,0.9731118016827431,0.7745966692414834,3.2698474194868306,0.6201575836071879,0.10436212745601445,0.0056328694499668645,0.19356094033200594,0.04426772697150427,0.6353876739562624,,,0.0056328694499668645
experiments/cikm2026_SOTA,ml1m,weighted_itemknn,1,alpha_0.1_beta_0.0,0.1,none,,0.2553,0.35871781415864384,0.0014072847682119205,0.3300043892548028,0.2728038054437111,0.21899857232659073,0.19954211795865853,0.13046227129614427,0.05077858431003099,0.19954211795865853,0.9731118016827431,0.7745966692414834,3.2698474194868306,0.6201575836071879,0.10436212745601445,0.0056328694499668645,0.19356094033200594,0.04426772697150427,0.6353876739562624,,,0.0056328694499668645
experiments/cikm2026,ml1m,weighted_itemknn,2,alpha_0.1_beta_0.0,0.1,none,,0.2562,0.36077079429109415,0.0013410596026490066,0.33696459246510946,0.2673252333456335,0.2236186387262154,0.19704159622608203,0.13992299623902743,0.05293379455277754,0.19704159622608203,0.9676487091111189,0.7745966692414834,3.2862705612041956,0.6037340030219264,0.10462764253332103,0.00536779324055666,0.1890585061124437,0.04453280318091457,0.6375745526838965,,,0.00536779324055666
experiments/cikm2026,ml1m,weighted_itemknn,2,alpha_0.1_beta_0.0,0.1,none,,0.2562,0.36077079429109415,0.0013410596026490066,0.33696459246510946,0.2673252333456335,0.2236186387262154,0.19704159622608203,0.13992299623902743,0.05293379455277754,0.19704159622608203,0.9676487091111189,0.7745966692414834,3.2862705612041956,0.6037340030219264,0.10462764253332103,0.00536779324055666,0.1890585061124437,0.04453280318091457,0.6375745526838965,,,0.00536779324055666
experiments/cikm2026_SOTA,ml1m,weighted_itemknn,2,alpha_0.1_beta_0.0,0.1,none,,0.2562,0.36077079429109415,0.0013410596026490066,0.33696459246510946,0.2673252333456335,0.2236186387262154,0.19704159622608203,0.13992299623902743,0.05293379455277754,0.19704159622608203,0.9676487091111189,0.7745966692414834,3.2862705612041956,0.6037340030219264,0.10462764253332103,0.00536779324055666,0.1890585061124437,0.04453280318091457,0.6375745526838965,,,0.00536779324055666
experiments/cikm2026,ml1m,weighted_itemknn,3,alpha_0.1_beta_0.0,0.1,none,,0.2588,0.36093635720500145,0.0016225165562913908,0.3488175706324235,0.26915923382849044,0.22366781346093403,0.19356210217049943,0.1552554684619241,0.058525059976506796,0.19356210217049943,0.9762356402511243,0.9486832980505139,3.28759286843328,0.601615633315608,0.10429717500735101,0.0064943232437603944,0.18919236070465856,0.0455268389662028,0.6322730284956924,,,0.006428098078197481
experiments/cikm2026,ml1m,weighted_itemknn,3,alpha_0.1_beta_0.0,0.1,none,,0.2588,0.36093635720500145,0.0016225165562913908,0.3488175706324235,0.26915923382849044,0.22366781346093403,0.19356210217049943,0.1552554684619241,0.058525059976506796,0.19356210217049943,0.9762356402511243,0.9486832980505139,3.28759286843328,0.601615633315608,0.10429717500735101,0.0064943232437603944,0.18919236070465856,0.0455268389662028,0.6322730284956924,,,0.006428098078197481
experiments/cikm2026_SOTA,ml1m,weighted_itemknn,3,alpha_0.1_beta_0.0,0.1,none,,0.2588,0.36093635720500145,0.0016225165562913908,0.3488175706324235,0.26915923382849044,0.22366781346093403,0.19356210217049943,0.1552554684619241,0.058525059976506796,0.19356210217049943,0.9762356402511243,0.9486832980505139,3.28759286843328,0.601615633315608,0.10429717500735101,0.0064943232437603944,0.18919236070465856,0.0455268389662028,0.6322730284956924,,,0.006428098078197481
experiments/cikm2026,ml1m,weighted_itemknn,4,alpha_0.1_beta_0.0,0.1,none,,0.257,0.360994304224869,0.001390728476821192,0.34012547297583784,0.26496402582309087,0.22585081081917485,0.19731735764468603,0.1428081153311518,0.05363194745624612,0.19731735764468603,0.9342666744884355,0.7745966692414834,3.2880602628590987,0.6022749005533624,0.10409823618992446,0.0055666003976143135,0.1869432494637033,0.04685222001325384,0.6381709741550695,,,0.0055666003976143135
experiments/cikm2026,ml1m,weighted_itemknn,4,alpha_0.1_beta_0.0,0.1,none,,0.257,0.360994304224869,0.001390728476821192,0.34012547297583784,0.26496402582309087,0.22585081081917485,0.19731735764468603,0.1428081153311518,0.05363194745624612,0.19731735764468603,0.9342666744884355,0.7745966692414834,3.2880602628590987,0.6022749005533624,0.10409823618992446,0.0055666003976143135,0.1869432494637033,0.04685222001325384,0.6381709741550695,,,0.0055666003976143135
experiments/cikm2026_SOTA,ml1m,weighted_itemknn,4,alpha_0.1_beta_0.0,0.1,none,,0.257,0.360994304224869,0.001390728476821192,0.34012547297583784,0.26496402582309087,0.22585081081917485,0.19731735764468603,0.1428081153311518,0.05363194745624612,0.19731735764468603,0.9342666744884355,0.7745966692414834,3.2880602628590987,0.6022749005533624,0.10409823618992446,0.0055666003976143135,0.1869432494637033,0.04685222001325384,0.6381709741550695,,,0.0055666003976143135
experiments/cikm2026,ml1m,weighted_itemknn,5,alpha_0.1_beta_0.0,0.1,none,,0.2554,0.35851086051625974,0.001490066225165563,0.33766199361973653,0.261376643090314,0.22926243054725104,0.19338739275343073,0.1442746008663058,0.053224735544302446,0.19338739275343073,-0.8628015528946231,-0.9486832980505139,3.2681888921350395,0.6146593605124309,0.11118757652758941,0.005964170824939984,0.18667597961188798,0.04546056991385017,0.62909211398277,,,0.00589794565937707
experiments/cikm2026,ml1m,weighted_itemknn,5,alpha_0.1_beta_0.0,0.1,none,,0.2554,0.35851086051625974,0.001490066225165563,0.33766199361973653,0.261376643090314,0.22926243054725104,0.19338739275343073,0.1442746008663058,0.053224735544302446,0.19338739275343073,-0.8628015528946231,-0.9486832980505139,3.2681888921350395,0.6146593605124309,0.11118757652758941,0.005964170824939984,0.18667597961188798,0.04546056991385017,0.62909211398277,,,0.00589794565937707
experiments/cikm2026_SOTA,ml1m,weighted_itemknn,5,alpha_0.1_beta_0.0,0.1,none,,0.2554,0.35851086051625974,0.001490066225165563,0.33766199361973653,0.261376643090314,0.22926243054725104,0.19338739275343073,0.1442746008663058,0.053224735544302446,0.19338739275343073,-0.8628015528946231,-0.9486832980505139,3.2681888921350395,0.6146593605124309,0.11118757652758941,0.005964170824939984,0.18667597961188798,0.04546056991385017,0.62909211398277,,,0.00589794565937707
experiments/cikm2026,ml1m,weighted_itemknn,6,alpha_0.1_beta_0.0,0.1,none,,0.2589,0.3614164896553326,0.0014238410596026491,0.34482646681519075,0.2746004775845906,0.22301184745723895,0.19312214697770683,0.15170431983748392,0.05754247942919548,0.19312214697770683,-0.2706402980863588,-0.10540925533894598,3.2914342371023273,0.6002932785981707,0.10257343357076085,0.005699050728740141,0.18826705070250688,0.04638833664678599,0.6348575215374419,,,0.0055666003976143135
experiments/cikm2026,ml1m,weighted_itemknn,6,alpha_0.1_beta_0.0,0.1,none,,0.2589,0.3614164896553326,0.0014238410596026491,0.34482646681519075,0.2746004775845906,0.22301184745723895,0.19312214697770683,0.15170431983748392,0.05754247942919548,0.19312214697770683,-0.2706402980863588,-0.10540925533894598,3.2914342371023273,0.6002932785981707,0.10257343357076085,0.005699050728740141,0.18826705070250688,0.04638833664678599,0.6348575215374419,,,0.0055666003976143135
experiments/cikm2026_SOTA,ml1m,weighted_itemknn,6,alpha_0.1_beta_0.0,0.1,none,,0.2589,0.3614164896553326,0.0014238410596026491,0.34482646681519075,0.2746004775845906,0.22301184745723895,0.19312214697770683,0.15170431983748392,0.05754247942919548,0.19312214697770683,-0.2706402980863588,-0.10540925533894598,3.2914342371023273,0.6002932785981707,0.10257343357076085,0.005699050728740141,0.18826705070250688,0.04638833664678599,0.6348575215374419,,,0.0055666003976143135
experiments/cikm2026,ml1m,weighted_itemknn,7,alpha_0.1_beta_0.0,0.1,none,,0.2534,0.3613171519069882,0.0013576158940397352,0.3348605660590157,0.26566088024388756,0.22438603597032214,0.18894403857140385,0.14591652748761186,0.05427365443685939,0.18894403857140385,-0.07586444196109088,-0.2581988897471611,3.290640979952337,0.5990312296158604,0.1048937281388929,0.005434062292909211,0.1832313053770649,0.04466534128561961,0.6331345261762756,,,0.005434062292909211
experiments/cikm2026,ml1m,weighted_itemknn,7,alpha_0.1_beta_0.0,0.1,none,,0.2534,0.3613171519069882,0.0013576158940397352,0.3348605660590157,0.26566088024388756,0.22438603597032214,0.18894403857140385,0.14591652748761186,0.05427365443685939,0.18894403857140385,-0.07586444196109088,-0.2581988897471611,3.290640979952337,0.5990312296158604,0.1048937281388929,0.005434062292909211,0.1832313053770649,0.04466534128561961,0.6331345261762756,,,0.005434062292909211
experiments/cikm2026_SOTA,ml1m,weighted_itemknn,7,alpha_0.1_beta_0.0,0.1,none,,0.2534,0.3613171519069882,0.0013576158940397352,0.3348605660590157,0.26566088024388756,0.22438603597032214,0.18894403857140385,0.14591652748761186,0.05427365443685939,0.18894403857140385,-0.07586444196109088,-0.2581988897471611,3.290640979952337,0.5990312296158604,0.1048937281388929,0.005434062292909211,0.1832313053770649,0.04466534128561961,0.6331345261762756,,,0.005434062292909211
experiments/cikm2026,ml1m,weighted_itemknn,8,alpha_0.1_beta_0.0,0.1,none,,0.2583,0.3612840393242067,0.0011920529801324503,0.3350563808218816,0.2680748875567417,0.22542671910987544,0.20486697270057674,0.13018940812130486,0.049806673184200255,0.20486697270057674,-0.9769839033284304,-0.7745966692414834,3.2903785800819287,0.5952520949704666,0.10959795317822103,0.004771371769383697,0.17952190614332797,0.044068919814446605,0.6360503644797879,,,0.004771371769383697
experiments/cikm2026,ml1m,weighted_itemknn,8,alpha_0.1_beta_0.0,0.1,none,,0.2583,0.3612840393242067,0.0011920529801324503,0.3350563808218816,0.2680748875567417,0.22542671910987544,0.20486697270057674,0.13018940812130486,0.049806673184200255,0.20486697270057674,-0.9769839033284304,-0.7745966692414834,3.2903785800819287,0.5952520949704666,0.10959795317822103,0.004771371769383697,0.17952190614332797,0.044068919814446605,0.6360503644797879,,,0.004771371769383697
experiments/cikm2026_SOTA,ml1m,weighted_itemknn,8,alpha_0.1_beta_0.0,0.1,none,,0.2583,0.3612840393242067,0.0011920529801324503,0.3350563808218816,0.2680748875567417,0.22542671910987544,0.20486697270057674,0.13018940812130486,0.049806673184200255,0.20486697270057674,-0.9769839033284304,-0.7745966692414834,3.2903785800819287,0.5952520949704666,0.10959795317822103,0.004771371769383697,0.17952190614332797,0.044068919814446605,0.6360503644797879,,,0.004771371769383697
experiments/cikm2026,ml1m,weighted_itemknn,9,alpha_0.1_beta_0.0,0.1,none,,0.2563,0.36068801283414054,0.0013410596026490066,0.34041745788838523,0.2696724433266715,0.22315787536659606,0.19190316919546116,0.14851428869292407,0.055901521901095395,0.19190316919546116,0.906531306078644,0.9486832980505139,3.285611992843961,0.60816946849836,0.10085078930391163,0.0053677493537670215,0.18627678467626882,0.04367130550033127,0.6394963552021206,,,0.005301524188204108
experiments/cikm2026,ml1m,weighted_itemknn,9,alpha_0.1_beta_0.0,0.1,none,,0.2563,0.36068801283414054,0.0013410596026490066,0.34041745788838523,0.2696724433266715,0.22315787536659606,0.19190316919546116,0.14851428869292407,0.055901521901095395,0.19190316919546116,0.906531306078644,0.9486832980505139,3.285611992843961,0.60816946849836,0.10085078930391163,0.0053677493537670215,0.18627678467626882,0.04367130550033127,0.6394963552021206,,,0.005301524188204108
experiments/cikm2026_SOTA,ml1m,weighted_itemknn,9,alpha_0.1_beta_0.0,0.1,none,,0.2563,0.36068801283414054,0.0013410596026490066,0.34041745788838523,0.2696724433266715,0.22315787536659606,0.19190316919546116,0.14851428869292407,0.055901521901095395,0.19190316919546116,0.906531306078644,0.9486832980505139,3.285611992843961,0.60816946849836,0.10085078930391163,0.0053677493537670215,0.18627678467626882,0.04367130550033127,0.6394963552021206,,,0.005301524188204108
experiments/cikm2026,ml1m,weighted_itemknn,0,alpha_0.2_beta_0.1,0.2,none,,0.2568,0.3443717876685776,0.002632450331125828,0.33704512854421304,0.2684051048884285,0.2187169781609172,0.20320100998909804,0.133844118555115,0.052194636512069674,0.20320100998909804,0.6539767750432104,0.632455532033676,3.1550415504933818,0.6946118754707609,0.1398098824853803,0.01053669155047639,0.4409208503956297,0.10536779324055667,0.5760106030483764,,,0.010404241219350562
experiments/cikm2026,ml1m,weighted_itemknn,0,alpha_0.2_beta_0.3,0.2,none,,0.2568,0.3443717876685776,0.002632450331125828,0.33704512854421304,0.2684051048884285,0.2187169781609172,0.20320100998909804,0.133844118555115,0.052194636512069674,0.20320100998909804,0.6539767750432104,0.632455532033676,3.1550415504933818,0.6946118754707609,0.1398098824853803,0.01053669155047639,0.4409208503956297,0.10536779324055667,0.5760106030483764,,,0.010404241219350562
experiments/cikm2026,ml1m,weighted_itemknn,0,alpha_0.2_beta_0.5,0.2,none,,0.2568,0.3443717876685776,0.002632450331125828,0.33704512854421304,0.2684051048884285,0.2187169781609172,0.20320100998909804,0.133844118555115,0.052194636512069674,0.20320100998909804,0.6539767750432104,0.632455532033676,3.1550415504933818,0.6946118754707609,0.1398098824853803,0.01053669155047639,0.4409208503956297,0.10536779324055667,0.5760106030483764,,,0.010404241219350562
experiments/cikm2026,ml1m,weighted_itemknn,0,alpha_0.2_beta_0.0,0.2,none,,0.2568,0.3443717876685776,0.002632450331125828,0.33704512854421304,0.2684051048884285,0.2187169781609172,0.20320100998909804,0.133844118555115,0.052194636512069674,0.20320100998909804,0.6539767750432104,0.632455532033676,3.1550415504933818,0.6946118754707609,0.1398098824853803,0.01053669155047639,0.4409208503956297,0.10536779324055667,0.5760106030483764,,,0.010404241219350562
experiments/cikm2026,ml1m,weighted_itemknn,0,alpha_0.2,0.2,none,,0.2568,0.3443717876685776,0.002632450331125828,0.33704512854421304,0.2684051048884285,0.2187169781609172,0.20320100998909804,0.133844118555115,0.052194636512069674,0.20320100998909804,0.6539767750432104,0.632455532033676,3.1550415504933818,0.6946118754707609,0.1398098824853803,0.01053669155047639,0.4409208503956297,0.10536779324055667,0.5760106030483764,,,0.010404241219350562
experiments/cikm2026,ml1m,weighted_itemknn,0,alpha_0.2_beta_0.0,0.2,none,,0.2568,0.3443717876685776,0.002632450331125828,0.33704512854421304,0.2684051048884285,0.2187169781609172,0.20320100998909804,0.133844118555115,0.052194636512069674,0.20320100998909804,0.6539767750432104,0.632455532033676,3.1550415504933818,0.6946118754707609,0.1398098824853803,0.01053669155047639,0.4409208503956297,0.10536779324055667,0.5760106030483764,,,0.010404241219350562
experiments/cikm2026_SOTA,ml1m,weighted_itemknn,0,alpha_0.2_beta_0.0,0.2,none,,0.2568,0.3443717876685776,0.002632450331125828,0.33704512854421304,0.2684051048884285,0.2187169781609172,0.20320100998909804,0.133844118555115,0.052194636512069674,0.20320100998909804,0.6539767750432104,0.632455532033676,3.1550415504933818,0.6946118754707609,0.1398098824853803,0.01053669155047639,0.4409208503956297,0.10536779324055667,0.5760106030483764,,,0.010404241219350562
experiments/cikm2026,ml1m,weighted_itemknn,1,alpha_0.2_beta_0.0,0.2,none,,0.2532,0.3439082115096372,0.002632450331125828,0.3274927599661817,0.26915935160235743,0.21753742620041286,0.19859122351289596,0.12890153645328575,0.05007008246911967,0.19859122351289596,0.8046412568460324,0.316227766016838,3.1513362736552955,0.7010995748299519,0.1370274160774865,0.010536735437266027,0.4305832319950764,0.10198807157057654,0.5776673293571901,,,0.010470510271703114
experiments/cikm2026,ml1m,weighted_itemknn,1,alpha_0.2_beta_0.0,0.2,none,,0.2532,0.3439082115096372,0.002632450331125828,0.3274927599661817,0.26915935160235743,0.21753742620041286,0.19859122351289596,0.12890153645328575,0.05007008246911967,0.19859122351289596,0.8046412568460324,0.316227766016838,3.1513362736552955,0.7010995748299519,0.1370274160774865,0.010536735437266027,0.4305832319950764,0.10198807157057654,0.5776673293571901,,,0.010470510271703114
experiments/cikm2026_SOTA,ml1m,weighted_itemknn,1,alpha_0.2_beta_0.0,0.2,none,,0.2532,0.3439082115096372,0.002632450331125828,0.3274927599661817,0.26915935160235743,0.21753742620041286,0.19859122351289596,0.12890153645328575,0.05007008246911967,0.19859122351289596,0.8046412568460324,0.316227766016838,3.1513362736552955,0.7010995748299519,0.1370274160774865,0.010536735437266027,0.4305832319950764,0.10198807157057654,0.5776673293571901,,,0.010470510271703114
experiments/cikm2026,ml1m,weighted_itemknn,2,alpha_0.2_beta_0.0,0.2,none,,0.2539,0.3461598671387763,0.0023344370860927154,0.33358269184283273,0.26528625118272675,0.2213028246917171,0.1955676887226842,0.13801500312014853,0.0523072834563312,0.1955676887226842,-0.21503137306703976,0.10540925533894598,3.169350705897227,0.6835486309733809,0.13775685840805058,0.009343804721340828,0.42289821672638017,0.10006626905235261,0.5820410868124585,,,0.009145129224652087
experiments/cikm2026,ml1m,weighted_itemknn,2,alpha_0.2_beta_0.0,0.2,none,,0.2539,0.3461598671387763,0.0023344370860927154,0.33358269184283273,0.26528625118272675,0.2213028246917171,0.1955676887226842,0.13801500312014853,0.0523072834563312,0.1955676887226842,-0.21503137306703976,0.10540925533894598,3.169350705897227,0.6835486309733809,0.13775685840805058,0.009343804721340828,0.42289821672638017,0.10006626905235261,0.5820410868124585,,,0.009145129224652087
experiments/cikm2026_SOTA,ml1m,weighted_itemknn,2,alpha_0.2_beta_0.0,0.2,none,,0.2539,0.3461598671387763,0.0023344370860927154,0.33358269184283273,0.26528625118272675,0.2213028246917171,0.1955676887226842,0.13801500312014853,0.0523072834563312,0.1955676887226842,-0.21503137306703976,0.10540925533894598,3.169350705897227,0.6835486309733809,0.13775685840805058,0.009343804721340828,0.42289821672638017,0.10006626905235261,0.5820410868124585,,,0.009145129224652087
experiments/cikm2026,ml1m,weighted_itemknn,3,alpha_0.2_beta_0.0,0.2,none,,0.2576,0.3468966221056637,0.002963576158940397,0.345887296067138,0.2689624120223684,0.2228950493636169,0.19276578312547274,0.15312151294166523,0.0577313980330779,0.19276578312547274,-0.19454630425371183,0.7378647873726218,3.1752443049055588,0.6783179416320742,0.13457568086483893,0.011862072597527416,0.4138894877601008,0.0985420808482439,0.5792577866136513,,,0.011729622266401589
experiments/cikm2026,ml1m,weighted_itemknn,3,alpha_0.2_beta_0.0,0.2,none,,0.2576,0.3468966221056637,0.002963576158940397,0.345887296067138,0.2689624120223684,0.2228950493636169,0.19276578312547274,0.15312151294166523,0.0577313980330779,0.19276578312547274,-0.19454630425371183,0.7378647873726218,3.1752443049055588,0.6783179416320742,0.13457568086483893,0.011862072597527416,0.4138894877601008,0.0985420808482439,0.5792577866136513,,,0.011729622266401589
experiments/cikm2026_SOTA,ml1m,weighted_itemknn,3,alpha_0.2_beta_0.0,0.2,none,,0.2576,0.3468966221056637,0.002963576158940397,0.345887296067138,0.2689624120223684,0.2228950493636169,0.19276578312547274,0.15312151294166523,0.0577313980330779,0.19276578312547274,-0.19454630425371183,0.7378647873726218,3.1752443049055588,0.6783179416320742,0.13457568086483893,0.011862072597527416,0.4138894877601008,0.0985420808482439,0.5792577866136513,,,0.011729622266401589
experiments/cikm2026,ml1m,weighted_itemknn,4,alpha_0.2_beta_0.0,0.2,none,,0.256,0.3462757611785114,0.0024172185430463575,0.33864673173811066,0.263565121941456,0.2251521180826295,0.19671500477656256,0.1419317269615481,0.053277608465207835,0.19671500477656256,0.9757203407092826,0.9486832980505139,3.1702770232624005,0.6832855745438192,0.1367621644370972,0.00967523775668286,0.4225097286570997,0.10550033134526182,0.5795228628230615,,,0.009609012591119947
experiments/cikm2026,ml1m,weighted_itemknn,4,alpha_0.2_beta_0.0,0.2,none,,0.256,0.3462757611785114,0.0024172185430463575,0.33864673173811066,0.263565121941456,0.2251521180826295,0.19671500477656256,0.1419317269615481,0.053277608465207835,0.19671500477656256,0.9757203407092826,0.9486832980505139,3.1702770232624005,0.6832855745438192,0.1367621644370972,0.00967523775668286,0.4225097286570997,0.10550033134526182,0.5795228628230615,,,0.009609012591119947
experiments/cikm2026_SOTA,ml1m,weighted_itemknn,4,alpha_0.2_beta_0.0,0.2,none,,0.256,0.3462757611785114,0.0024172185430463575,0.33864673173811066,0.263565121941456,0.2251521180826295,0.19671500477656256,0.1419317269615481,0.053277608465207835,0.19671500477656256,0.9757203407092826,0.9486832980505139,3.1702770232624005,0.6832855745438192,0.1367621644370972,0.00967523775668286,0.4225097286570997,0.10550033134526182,0.5795228628230615,,,0.009609012591119947
experiments/cikm2026,ml1m,weighted_itemknn,5,alpha_0.2_beta_0.0,0.2,none,,0.2545,0.34364331084738553,0.0027649006622516557,0.3349036317314841,0.2613199090335783,0.22855746212019576,0.19314731918678368,0.1417563125447004,0.05231735033672036,0.19314731918678368,-0.9746771065531284,-0.632455532033676,3.149215222788528,0.6932819352513939,0.14643599799078086,0.0110668439692968,0.4246233183049106,0.10231941683233925,0.5722332670642809,,,0.010934393638170973
experiments/cikm2026,ml1m,weighted_itemknn,5,alpha_0.2_beta_0.0,0.2,none,,0.2545,0.34364331084738553,0.0027649006622516557,0.3349036317314841,0.2613199090335783,0.22855746212019576,0.19314731918678368,0.1417563125447004,0.05231735033672036,0.19314731918678368,-0.9746771065531284,-0.632455532033676,3.149215222788528,0.6932819352513939,0.14643599799078086,0.0110668439692968,0.4246233183049106,0.10231941683233925,0.5722332670642809,,,0.010934393638170973
experiments/cikm2026_SOTA,ml1m,weighted_itemknn,5,alpha_0.2_beta_0.0,0.2,none,,0.2545,0.34364331084738553,0.0027649006622516557,0.3349036317314841,0.2613199090335783,0.22855746212019576,0.19314731918678368,0.1417563125447004,0.05231735033672036,0.19314731918678368,-0.9746771065531284,-0.632455532033676,3.149215222788528,0.6932819352513939,0.14643599799078086,0.0110668439692968,0.4246233183049106,0.10231941683233925,0.5722332670642809,,,0.010934393638170973
experiments/cikm2026,ml1m,weighted_itemknn,6,alpha_0.2_beta_0.0,0.2,none,,0.2584,0.3468469532314915,0.0023675496688741722,0.34441082140535934,0.274474128847767,0.2224433399413981,0.19247144923970477,0.15193937216565456,0.0576534566418214,0.19247144923970477,-0.23083464154968836,-0.10540925533894598,3.1748473511587876,0.6793783322101538,0.13629797380501216,0.00947634282604593,0.4214408225895872,0.09880715705765408,0.5824387011265738,,,0.009277667329357189
experiments/cikm2026,ml1m,weighted_itemknn,6,alpha_0.2_beta_0.0,0.2,none,,0.2584,0.3468469532314915,0.0023675496688741722,0.34441082140535934,0.274474128847767,0.2224433399413981,0.19247144923970477,0.15193937216565456,0.0576534566418214,0.19247144923970477,-0.23083464154968836,-0.10540925533894598,3.1748473511587876,0.6793783322101538,0.13629797380501216,0.00947634282604593,0.4214408225895872,0.09880715705765408,0.5824387011265738,,,0.009277667329357189
experiments/cikm2026_SOTA,ml1m,weighted_itemknn,6,alpha_0.2_beta_0.0,0.2,none,,0.2584,0.3468469532314915,0.0023675496688741722,0.34441082140535934,0.274474128847767,0.2224433399413981,0.19247144923970477,0.15193937216565456,0.0576534566418214,0.19247144923970477,-0.23083464154968836,-0.10540925533894598,3.1748473511587876,0.6793783322101538,0.13629797380501216,0.00947634282604593,0.4214408225895872,0.09880715705765408,0.5824387011265738,,,0.009277667329357189
experiments/cikm2026,ml1m,weighted_itemknn,7,alpha_0.2_beta_0.0,0.2,none,,0.2524,0.3470952976023524,0.0025165562913907285,0.33372376971268003,0.26456594041979475,0.22320365796836486,0.18835185609288405,0.14537191361979598,0.05412056383397066,0.18835185609288405,-0.47071572090711655,0.21081851067789195,3.1768330491830707,0.6738130081310022,0.139281134501918,0.01007280818400853,0.4108471669155971,0.10112657388999335,0.5766732935719019,,,0.009940357852882702
experiments/cikm2026,ml1m,weighted_itemknn,7,alpha_0.2_beta_0.0,0.2,none,,0.2524,0.3470952976023524,0.0025165562913907285,0.33372376971268003,0.26456594041979475,0.22320365796836486,0.18835185609288405,0.14537191361979598,0.05412056383397066,0.18835185609288405,-0.47071572090711655,0.21081851067789195,3.1768330491830707,0.6738130081310022,0.139281134501918,0.01007280818400853,0.4108471669155971,0.10112657388999335,0.5766732935719019,,,0.009940357852882702
experiments/cikm2026_SOTA,ml1m,weighted_itemknn,7,alpha_0.2_beta_0.0,0.2,none,,0.2524,0.3470952976023524,0.0025165562913907285,0.33372376971268003,0.26456594041979475,0.22320365796836486,0.18835185609288405,0.14537191361979598,0.05412056383397066,0.18835185609288405,-0.47071572090711655,0.21081851067789195,3.1768330491830707,0.6738130081310022,0.139281134501918,0.01007280818400853,0.4108471669155971,0.10112657388999335,0.5766732935719019,,,0.009940357852882702
experiments/cikm2026,ml1m,weighted_itemknn,8,alpha_0.2_beta_0.0,0.2,none,,0.2573,0.3469214565427498,0.0022847682119205297,0.33332741530808624,0.2673386016596499,0.22411079154519384,0.20432923575980808,0.12899817954827816,0.04946808217637978,0.20432923575980808,-0.8884221954595615,-0.7745966692414834,3.175445435913147,0.6709592703319036,0.14445016453029638,0.009145129224652087,0.4093881944808896,0.09960238568588464,0.5805168986083499,,,0.009145129224652087
experiments/cikm2026,ml1m,weighted_itemknn,8,alpha_0.2_beta_0.0,0.2,none,,0.2573,0.3469214565427498,0.0022847682119205297,0.33332741530808624,0.2673386016596499,0.22411079154519384,0.20432923575980808,0.12899817954827816,0.04946808217637978,0.20432923575980808,-0.8884221954595615,-0.7745966692414834,3.175445435913147,0.6709592703319036,0.14445016453029638,0.009145129224652087,0.4093881944808896,0.09960238568588464,0.5805168986083499,,,0.009145129224652087
experiments/cikm2026_SOTA,ml1m,weighted_itemknn,8,alpha_0.2_beta_0.0,0.2,none,,0.2573,0.3469214565427498,0.0022847682119205297,0.33332741530808624,0.2673386016596499,0.22411079154519384,0.20432923575980808,0.12899817954827816,0.04946808217637978,0.20432923575980808,-0.8884221954595615,-0.7745966692414834,3.175445435913147,0.6709592703319036,0.14445016453029638,0.009145129224652087,0.4093881944808896,0.09960238568588464,0.5805168986083499,,,0.009145129224652087
experiments/cikm2026,ml1m,weighted_itemknn,9,alpha_0.2_beta_0.0,0.2,none,,0.2559,0.3458618538937432,0.0026655629139072847,0.34088766075468946,0.26969915076439427,0.22164565981950282,0.19154653308983052,0.14934112766485894,0.05640930675935891,0.19154653308983052,0.8626211752137819,0.9486832980505139,3.1669682646723927,0.6859977361735852,0.13636476949884035,0.010669229655181493,0.4235642410194057,0.10198807157057643,0.5811795891318754,,,0.010536779324055666
experiments/cikm2026,ml1m,weighted_itemknn,9,alpha_0.2_beta_0.0,0.2,none,,0.2559,0.3458618538937432,0.0026655629139072847,0.34088766075468946,0.26969915076439427,0.22164565981950282,0.19154653308983052,0.14934112766485894,0.05640930675935891,0.19154653308983052,0.8626211752137819,0.9486832980505139,3.1669682646723927,0.6859977361735852,0.13636476949884035,0.010669229655181493,0.4235642410194057,0.10198807157057643,0.5811795891318754,,,0.010536779324055666
experiments/cikm2026_SOTA,ml1m,weighted_itemknn,9,alpha_0.2_beta_0.0,0.2,none,,0.2559,0.3458618538937432,0.0026655629139072847,0.34088766075468946,0.26969915076439427,0.22164565981950282,0.19154653308983052,0.14934112766485894,0.05640930675935891,0.19154653308983052,0.8626211752137819,0.9486832980505139,3.1669682646723927,0.6859977361735852,0.13636476949884035,0.010669229655181493,0.4235642410194057,0.10198807157057643,0.5811795891318754,,,0.010536779324055666
experiments/cikm2026,ml1m,weighted_itemknn,0,alpha_0.4_beta_0.1,0.4,none,,0.2468,0.31125520984998845,0.009735099337748344,0.31232463210894623,0.2600127780223347,0.21280757495123362,0.20206785286020212,0.11025677924874411,0.04365920528167448,0.20206785286020212,-0.9098704520132848,-1.0,2.8105687692211827,0.8792051694606765,0.2712612190253188,0.03896484229282143,1.1298664129400282,0.2766070245195494,0.40477137176938366,,,0.0369118621603711
experiments/cikm2026,ml1m,weighted_itemknn,0,alpha_0.4_beta_0.3,0.4,none,,0.2468,0.31125520984998845,0.009735099337748344,0.31232463210894623,0.2600127780223347,0.21280757495123362,0.20206785286020212,0.11025677924874411,0.04365920528167448,0.20206785286020212,-0.9098704520132848,-1.0,2.8105687692211827,0.8792051694606765,0.2712612190253188,0.03896484229282143,1.1298664129400282,0.2766070245195494,0.40477137176938366,,,0.0369118621603711
experiments/cikm2026,ml1m,weighted_itemknn,0,alpha_0.4,0.4,none,,0.2468,0.31125520984998845,0.009735099337748344,0.31232463210894623,0.2600127780223347,0.21280757495123362,0.20206785286020212,0.11025677924874411,0.04365920528167448,0.20206785286020212,-0.9098704520132848,-1.0,2.8105687692211827,0.8792051694606765,0.2712612190253188,0.03896484229282143,1.1298664129400282,0.2766070245195494,0.40477137176938366,,,0.0369118621603711
experiments/cikm2026,ml1m,weighted_itemknn,0,alpha_0.4_beta_0.5,0.4,none,,0.2468,0.31125520984998845,0.009735099337748344,0.31232463210894623,0.2600127780223347,0.21280757495123362,0.20206785286020212,0.11025677924874411,0.04365920528167448,0.20206785286020212,-0.9098704520132848,-1.0,2.8105687692211827,0.8792051694606765,0.2712612190253188,0.03896484229282143,1.1298664129400282,0.2766070245195494,0.40477137176938366,,,0.0369118621603711
experiments/cikm2026,ml1m,weighted_itemknn,0,alpha_0.4_beta_0.0,0.4,none,,0.2468,0.31125520984998845,0.009735099337748344,0.31232463210894623,0.2600127780223347,0.21280757495123362,0.20206785286020212,0.11025677924874411,0.04365920528167448,0.20206785286020212,-0.9098704520132848,-1.0,2.8105687692211827,0.8792051694606765,0.2712612190253188,0.03896484229282143,1.1298664129400282,0.2766070245195494,0.40477137176938366,,,0.0369118621603711
experiments/cikm2026,ml1m,weighted_itemknn,0,alpha_0.4_beta_0.0,0.4,none,,0.2468,0.31125520984998845,0.009735099337748344,0.31232463210894623,0.2600127780223347,0.21280757495123362,0.20206785286020212,0.11025677924874411,0.04365920528167448,0.20206785286020212,-0.9098704520132848,-1.0,2.8105687692211827,0.8792051694606765,0.2712612190253188,0.03896484229282143,1.1298664129400282,0.2766070245195494,0.40477137176938366,,,0.0369118621603711
experiments/cikm2026_SOTA,ml1m,weighted_itemknn,0,alpha_0.4_beta_0.0,0.4,none,,0.2468,0.31125520984998845,0.009735099337748344,0.31232463210894623,0.2600127780223347,0.21280757495123362,0.20206785286020212,0.11025677924874411,0.04365920528167448,0.20206785286020212,-0.9098704520132848,-1.0,2.8105687692211827,0.8792051694606765,0.2712612190253188,0.03896484229282143,1.1298664129400282,0.2766070245195494,0.40477137176938366,,,0.0369118621603711
experiments/cikm2026,ml1m,weighted_itemknn,1,alpha_0.4_beta_0.0,0.4,none,,0.2442,0.31211613700230634,0.009701986754966887,0.3052430871435384,0.2613172042108245,0.21505487843599086,0.19545452290435236,0.10978856423918606,0.04255819143459482,0.19545452290435236,-0.9470737055302156,-1.0,2.81680130474409,0.8798632109470766,0.26450375059089226,0.03883173371794077,1.0996531698174867,0.26719681908548704,0.4124585818422796,,,0.035984095427435386
experiments/cikm2026,ml1m,weighted_itemknn,1,alpha_0.4_beta_0.0,0.4,none,,0.2442,0.31211613700230634,0.009701986754966887,0.3052430871435384,0.2613172042108245,0.21505487843599086,0.19545452290435236,0.10978856423918606,0.04255819143459482,0.19545452290435236,-0.9470737055302156,-1.0,2.81680130474409,0.8798632109470766,0.26450375059089226,0.03883173371794077,1.0996531698174867,0.26719681908548704,0.4124585818422796,,,0.035984095427435386
experiments/cikm2026_SOTA,ml1m,weighted_itemknn,1,alpha_0.4_beta_0.0,0.4,none,,0.2442,0.31211613700230634,0.009701986754966887,0.3052430871435384,0.2613172042108245,0.21505487843599086,0.19545452290435236,0.10978856423918606,0.04255819143459482,0.19545452290435236,-0.9470737055302156,-1.0,2.81680130474409,0.8798632109470766,0.26450375059089226,0.03883173371794077,1.0996531698174867,0.26719681908548704,0.4124585818422796,,,0.035984095427435386
experiments/cikm2026,ml1m,weighted_itemknn,2,alpha_0.4_beta_0.0,0.4,none,,0.2434,0.31194229594270373,0.009701986754966887,0.30443475776743983,0.2593673635216772,0.21834447963388362,0.1915923557749831,0.11284240199245674,0.042696617627410685,0.1915923557749831,-0.998376215972011,-1.0,2.830046207416188,0.8652266139402467,0.26589566430148237,0.03883151434208231,1.1015072136884587,0.26845593108018556,0.4136514247846255,,,0.03571901921802518
experiments/cikm2026,ml1m,weighted_itemknn,2,alpha_0.4_beta_0.0,0.4,none,,0.2434,0.31194229594270373,0.009701986754966887,0.30443475776743983,0.2593673635216772,0.21834447963388362,0.1915923557749831,0.11284240199245674,0.042696617627410685,0.1915923557749831,-0.998376215972011,-1.0,2.830046207416188,0.8652266139402467,0.26589566430148237,0.03883151434208231,1.1015072136884587,0.26845593108018556,0.4136514247846255,,,0.03571901921802518
experiments/cikm2026_SOTA,ml1m,weighted_itemknn,2,alpha_0.4_beta_0.0,0.4,none,,0.2434,0.31194229594270373,0.009701986754966887,0.30443475776743983,0.2593673635216772,0.21834447963388362,0.1915923557749831,0.11284240199245674,0.042696617627410685,0.1915923557749831,-0.998376215972011,-1.0,2.830046207416188,0.8652266139402467,0.26589566430148237,0.03883151434208231,1.1015072136884587,0.26845593108018556,0.4136514247846255,,,0.03571901921802518
experiments/cikm2026,ml1m,weighted_itemknn,3,alpha_0.4_beta_0.0,0.4,none,,0.2473,0.3123148124989951,0.01031456953642384,0.31717522055468017,0.2638948896361222,0.21627111347171513,0.19202471154705517,0.125150509007625,0.04789592685896752,0.19202471154705517,-0.9847013729639011,-0.7999999999999999,2.8373999635701885,0.8608556233858661,0.26046068056025995,0.04128373248368508,1.0895781704308418,0.2623591782637508,0.4154406891981444,,,0.038436050364479786
experiments/cikm2026,ml1m,weighted_itemknn,3,alpha_0.4_beta_0.0,0.4,none,,0.2473,0.3123148124989951,0.01031456953642384,0.31717522055468017,0.2638948896361222,0.21627111347171513,0.19202471154705517,0.125150509007625,0.04789592685896752,0.19202471154705517,-0.9847013729639011,-0.7999999999999999,2.8373999635701885,0.8608556233858661,0.26046068056025995,0.04128373248368508,1.0895781704308418,0.2623591782637508,0.4154406891981444,,,0.038436050364479786
experiments/cikm2026_SOTA,ml1m,weighted_itemknn,3,alpha_0.4_beta_0.0,0.4,none,,0.2473,0.3123148124989951,0.01031456953642384,0.31717522055468017,0.2638948896361222,0.21627111347171513,0.19202471154705517,0.125150509007625,0.04789592685896752,0.19202471154705517,-0.9847013729639011,-0.7999999999999999,2.8373999635701885,0.8608556233858661,0.26046068056025995,0.04128373248368508,1.0895781704308418,0.2623591782637508,0.4154406891981444,,,0.038436050364479786
experiments/cikm2026,ml1m,weighted_itemknn,4,alpha_0.4_beta_0.0,0.4,none,,0.2463,0.31176845488310106,0.009254966887417218,0.3139387165432824,0.2580839389114824,0.21900360551599724,0.19418608678739174,0.11975262975589068,0.045207328653473974,0.19418608678739174,-0.9839941214625583,-0.7999999999999999,2.8246115730265906,0.8692717921632942,0.26907390224304456,0.03704273256706998,1.1138406291287182,0.2794565937707091,0.4055666003976143,,,0.034526176275679256
experiments/cikm2026,ml1m,weighted_itemknn,4,alpha_0.4_beta_0.0,0.4,none,,0.2463,0.31176845488310106,0.009254966887417218,0.3139387165432824,0.2580839389114824,0.21900360551599724,0.19418608678739174,0.11975262975589068,0.045207328653473974,0.19418608678739174,-0.9839941214625583,-0.7999999999999999,2.8246115730265906,0.8692717921632942,0.26907390224304456,0.03704273256706998,1.1138406291287182,0.2794565937707091,0.4055666003976143,,,0.034526176275679256
experiments/cikm2026_SOTA,ml1m,weighted_itemknn,4,alpha_0.4_beta_0.0,0.4,none,,0.2463,0.31176845488310106,0.009254966887417218,0.3139387165432824,0.2580839389114824,0.21900360551599724,0.19418608678739174,0.11975262975589068,0.045207328653473974,0.19418608678739174,-0.9839941214625583,-0.7999999999999999,2.8246115730265906,0.8692717921632942,0.26907390224304456,0.03704273256706998,1.1138406291287182,0.2794565937707091,0.4055666003976143,,,0.034526176275679256
experiments/cikm2026,ml1m,weighted_itemknn,5,alpha_0.4_beta_0.0,0.4,none,,0.2441,0.31042739528045205,0.009867549668874173,0.3092347778931306,0.2531463003862031,0.2223032652159134,0.19174170735139465,0.11749307054173594,0.04341907164060521,0.19174170735139465,-0.9751930803615599,-1.0,2.806929889319985,0.8762191181608068,0.27735669970575144,0.03949429281345628,1.1091939852419965,0.27216699801192834,0.4023856858846918,,,0.03671305500331345
experiments/cikm2026,ml1m,weighted_itemknn,5,alpha_0.4_beta_0.0,0.4,none,,0.2441,0.31042739528045205,0.009867549668874173,0.3092347778931306,0.2531463003862031,0.2223032652159134,0.19174170735139465,0.11749307054173594,0.04341907164060521,0.19174170735139465,-0.9751930803615599,-1.0,2.806929889319985,0.8762191181608068,0.27735669970575144,0.03949429281345628,1.1091939852419965,0.27216699801192834,0.4023856858846918,,,0.03671305500331345
experiments/cikm2026_SOTA,ml1m,weighted_itemknn,5,alpha_0.4_beta_0.0,0.4,none,,0.2441,0.31042739528045205,0.009867549668874173,0.3092347778931306,0.2531463003862031,0.2223032652159134,0.19174170735139465,0.11749307054173594,0.04341907164060521,0.19174170735139465,-0.9751930803615599,-1.0,2.806929889319985,0.8762191181608068,0.27735669970575144,0.03949429281345628,1.1091939852419965,0.27216699801192834,0.4023856858846918,,,0.03671305500331345
experiments/cikm2026,ml1m,weighted_itemknn,6,alpha_0.4_beta_0.0,0.4,none,,0.248,0.3125217661413792,0.009536423841059603,0.31692268264103735,0.26628935693884914,0.21742098928223702,0.19153507359954694,0.1253876090414904,0.047979666278930126,0.19153507359954694,-0.9894300043891514,-1.0,2.8395165819292916,0.8603939762125292,0.261920047569446,0.03816939428873235,1.0921023610485787,0.2669980119284294,0.41424784625579847,,,0.03585155732273028
experiments/cikm2026,ml1m,weighted_itemknn,6,alpha_0.4_beta_0.0,0.4,none,,0.248,0.3125217661413792,0.009536423841059603,0.31692268264103735,0.26628935693884914,0.21742098928223702,0.19153507359954694,0.1253876090414904,0.047979666278930126,0.19153507359954694,-0.9894300043891514,-1.0,2.8395165819292916,0.8603939762125292,0.261920047569446,0.03816939428873235,1.0921023610485787,0.2669980119284294,0.41424784625579847,,,0.03585155732273028
experiments/cikm2026_SOTA,ml1m,weighted_itemknn,6,alpha_0.4_beta_0.0,0.4,none,,0.248,0.3125217661413792,0.009536423841059603,0.31692268264103735,0.26628935693884914,0.21742098928223702,0.19153507359954694,0.1253876090414904,0.047979666278930126,0.19153507359954694,-0.9894300043891514,-1.0,2.8395165819292916,0.8603939762125292,0.261920047569446,0.03816939428873235,1.0921023610485787,0.2669980119284294,0.41424784625579847,,,0.03585155732273028
experiments/cikm2026,ml1m,weighted_itemknn,7,alpha_0.4_beta_0.0,0.4,none,,0.2432,0.31210785885661096,0.009950331125827815,0.30838051167007957,0.25792384456922784,0.21902372911973134,0.1876069870802634,0.12077352458981616,0.04511197540149767,0.1876069870802634,-0.9859844228541899,-0.7999999999999999,2.836602321342797,0.859996802334733,0.2635755452224191,0.03982533110005049,1.0913086225961448,0.2666003976143141,0.41119946984758116,,,0.03684559310801855
experiments/cikm2026,ml1m,weighted_itemknn,7,alpha_0.4_beta_0.0,0.4,none,,0.2432,0.31210785885661096,0.009950331125827815,0.30838051167007957,0.25792384456922784,0.21902372911973134,0.1876069870802634,0.12077352458981616,0.04511197540149767,0.1876069870802634,-0.9859844228541899,-0.7999999999999999,2.836602321342797,0.859996802334733,0.2635755452224191,0.03982533110005049,1.0913086225961448,0.2666003976143141,0.41119946984758116,,,0.03684559310801855
experiments/cikm2026_SOTA,ml1m,weighted_itemknn,7,alpha_0.4_beta_0.0,0.4,none,,0.2432,0.31210785885661096,0.009950331125827815,0.30838051167007957,0.25792384456922784,0.21902372911973134,0.1876069870802634,0.12077352458981616,0.04511197540149767,0.1876069870802634,-0.9859844228541899,-0.7999999999999999,2.836602321342797,0.859996802334733,0.2635755452224191,0.03982533110005049,1.0913086225961448,0.2666003976143141,0.41119946984758116,,,0.03684559310801855
experiments/cikm2026,ml1m,weighted_itemknn,8,alpha_0.4_beta_0.0,0.4,none,,0.2475,0.3113214350155514,0.008973509933774835,0.3078615442656744,0.2596863553714854,0.21928134111289754,0.2030495155580296,0.1048120287076448,0.04050974538577536,0.2030495155580296,-0.9826640192742013,-1.0,2.8320320802324632,0.8582699042442238,0.2737820762801838,0.03591593924312842,1.0962149058422577,0.2728296885354539,0.4072895957587806,,,0.033068257123923125
experiments/cikm2026,ml1m,weighted_itemknn,8,alpha_0.4_beta_0.0,0.4,none,,0.2475,0.3113214350155514,0.008973509933774835,0.3078615442656744,0.2596863553714854,0.21928134111289754,0.2030495155580296,0.1048120287076448,0.04050974538577536,0.2030495155580296,-0.9826640192742013,-1.0,2.8320320802324632,0.8582699042442238,0.2737820762801838,0.03591593924312842,1.0962149058422577,0.2728296885354539,0.4072895957587806,,,0.033068257123923125
experiments/cikm2026_SOTA,ml1m,weighted_itemknn,8,alpha_0.4_beta_0.0,0.4,none,,0.2475,0.3113214350155514,0.008973509933774835,0.3078615442656744,0.2596863553714854,0.21928134111289754,0.2030495155580296,0.1048120287076448,0.04050974538577536,0.2030495155580296,-0.9826640192742013,-1.0,2.8320320802324632,0.8582699042442238,0.2737820762801838,0.03591593924312842,1.0962149058422577,0.2728296885354539,0.4072895957587806,,,0.033068257123923125
experiments/cikm2026,ml1m,weighted_itemknn,9,alpha_0.4_beta_0.0,0.4,none,,0.2458,0.31248037541290236,0.009635761589403973,0.31486333743844247,0.26261618311075413,0.21637783089268653,0.18936137044334683,0.12550196699509564,0.047706161672617854,0.18936137044334683,-0.9869220077896206,-1.0,2.828990419432496,0.8705884420627963,0.2618537788656318,0.03856735963907504,1.0995199314991984,0.2677269715043074,0.4154406891981444,,,0.03671305500331345
experiments/cikm2026,ml1m,weighted_itemknn,9,alpha_0.4_beta_0.0,0.4,none,,0.2458,0.31248037541290236,0.009635761589403973,0.31486333743844247,0.26261618311075413,0.21637783089268653,0.18936137044334683,0.12550196699509564,0.047706161672617854,0.18936137044334683,-0.9869220077896206,-1.0,2.828990419432496,0.8705884420627963,0.2618537788656318,0.03856735963907504,1.0995199314991984,0.2677269715043074,0.4154406891981444,,,0.03671305500331345
experiments/cikm2026_SOTA,ml1m,weighted_itemknn,9,alpha_0.4_beta_0.0,0.4,none,,0.2458,0.31248037541290236,0.009635761589403973,0.31486333743844247,0.26261618311075413,0.21637783089268653,0.18936137044334683,0.12550196699509564,0.047706161672617854,0.18936137044334683,-0.9869220077896206,-1.0,2.828990419432496,0.8705884420627963,0.2618537788656318,0.03856735963907504,1.0995199314991984,0.2677269715043074,0.4154406891981444,,,0.03671305500331345
experiments/cikm2026,ml1m,weighted_itemknn,0,alpha_0.8,0.8,none,,0.1723,0.18732309064469047,0.11258278145695365,0.15114666319118983,0.18008294272041284,0.17195430014961038,0.18594749939072128,0.03480083619953145,0.013175834197874166,0.15114666319118983,-0.9793374325037757,-1.0,1.690220940563377,1.0078181856800923,0.8514772123479509,0.450483661408579,3.41005842545776,0.6312789927104042,0.05009940357852882,,,0.26335321404903905
experiments/cikm2026,ml1m,weighted_itemknn,0,alpha_0.8_beta_0.0,0.8,none,,0.1723,0.18732309064469047,0.11258278145695365,0.15114666319118983,0.18008294272041284,0.17195430014961038,0.18594749939072128,0.03480083619953145,0.013175834197874166,0.15114666319118983,-0.9793374325037757,-1.0,1.690220940563377,1.0078181856800923,0.8514772123479509,0.450483661408579,3.41005842545776,0.6312789927104042,0.05009940357852882,,,0.26335321404903905
experiments/cikm2026_SOTA,ml1m,weighted_itemknn,0,alpha_0.8_beta_0.0,0.8,none,,0.1723,0.18732309064469047,0.11258278145695365,0.15114666319118983,0.18008294272041284,0.17195430014961038,0.18594749939072128,0.03480083619953145,0.013175834197874166,0.15114666319118983,-0.9793374325037757,-1.0,1.690220940563377,1.0078181856800923,0.8514772123479509,0.450483661408579,3.41005842545776,0.6312789927104042,0.05009940357852882,,,0.26335321404903905
experiments/cikm2026,ml1m,weighted_itemknn,1,alpha_0.8_beta_0.0,0.8,none,,0.1698,0.1902038853466772,0.11183774834437087,0.14664826374003836,0.17962411304802833,0.1762634107400214,0.17678758710696205,0.03297584930798997,0.013445392665126272,0.14664826374003836,-0.9673388431983357,-1.0,1.6972475167505288,1.0238437548789017,0.8314071263647843,0.4475016020057848,3.384618930032575,0.6263088137839629,0.05334658714380384,,,0.2650762094102054
experiments/cikm2026,ml1m,weighted_itemknn,1,alpha_0.8_beta_0.0,0.8,none,,0.1698,0.1902038853466772,0.11183774834437087,0.14664826374003836,0.17962411304802833,0.1762634107400214,0.17678758710696205,0.03297584930798997,0.013445392665126272,0.14664826374003836,-0.9673388431983357,-1.0,1.6972475167505288,1.0238437548789017,0.8314071263647843,0.4475016020057848,3.384618930032575,0.6263088137839629,0.05334658714380384,,,0.2650762094102054
experiments/cikm2026_SOTA,ml1m,weighted_itemknn,1,alpha_0.8_beta_0.0,0.8,none,,0.1698,0.1902038853466772,0.11183774834437087,0.14664826374003836,0.17962411304802833,0.1762634107400214,0.17678758710696205,0.03297584930798997,0.013445392665126272,0.14664826374003836,-0.9673388431983357,-1.0,1.6972475167505288,1.0238437548789017,0.8314071263647843,0.4475016020057848,3.384618930032575,0.6263088137839629,0.05334658714380384,,,0.2650762094102054
experiments/cikm2026,ml1m,weighted_itemknn,2,alpha_0.8_beta_0.0,0.8,none,,0.1689,0.18885454759833284,0.11403973509933775,0.145520772567472,0.18146580265697515,0.17595012376686547,0.17278199915307255,0.035945030089503144,0.013867753170540285,0.145520772567472,-0.9856071476430015,-1.0,1.6981050239281898,1.0121873800129433,0.8333941423869101,0.4563134536719561,3.409789845740664,0.6302849569251159,0.051822398939695154,,,0.26951623591782636
experiments/cikm2026,ml1m,weighted_itemknn,2,alpha_0.8_beta_0.0,0.8,none,,0.1689,0.18885454759833284,0.11403973509933775,0.145520772567472,0.18146580265697515,0.17595012376686547,0.17278199915307255,0.035945030089503144,0.013867753170540285,0.145520772567472,-0.9856071476430015,-1.0,1.6981050239281898,1.0121873800129433,0.8333941423869101,0.4563134536719561,3.409789845740664,0.6302849569251159,0.051822398939695154,,,0.26951623591782636
experiments/cikm2026_SOTA,ml1m,weighted_itemknn,2,alpha_0.8_beta_0.0,0.8,none,,0.1689,0.18885454759833284,0.11403973509933775,0.145520772567472,0.18146580265697515,0.17595012376686547,0.17278199915307255,0.035945030089503144,0.013867753170540285,0.145520772567472,-0.9856071476430015,-1.0,1.6981050239281898,1.0121873800129433,0.8333941423869101,0.4563134536719561,3.409789845740664,0.6302849569251159,0.051822398939695154,,,0.26951623591782636
experiments/cikm2026,ml1m,weighted_itemknn,3,alpha_0.8_beta_0.0,0.8,none,,0.1709,0.19069229594270368,0.11721854304635762,0.15220233206880918,0.18306424167455282,0.17510927640516663,0.17336646462021973,0.030861909605743643,0.011416741586224882,0.15220233206880918,-0.9926566831925092,-1.0,1.7171127898829557,1.007883183003071,0.8059729718253869,0.46903105528858624,3.3760107020332732,0.6215374420145792,0.0562624254473161,,,0.2730284956925116
experiments/cikm2026,ml1m,weighted_itemknn,3,alpha_0.8_beta_0.0,0.8,none,,0.1709,0.19069229594270368,0.11721854304635762,0.15220233206880918,0.18306424167455282,0.17510927640516663,0.17336646462021973,0.030861909605743643,0.011416741586224882,0.15220233206880918,-0.9926566831925092,-1.0,1.7171127898829557,1.007883183003071,0.8059729718253869,0.46903105528858624,3.3760107020332732,0.6215374420145792,0.0562624254473161,,,0.2730284956925116
experiments/cikm2026_SOTA,ml1m,weighted_itemknn,3,alpha_0.8_beta_0.0,0.8,none,,0.1709,0.19069229594270368,0.11721854304635762,0.15220233206880918,0.18306424167455282,0.17510927640516663,0.17336646462021973,0.030861909605743643,0.011416741586224882,0.15220233206880918,-0.9926566831925092,-1.0,1.7171127898829557,1.007883183003071,0.8059729718253869,0.46903105528858624,3.3760107020332732,0.6215374420145792,0.0562624254473161,,,0.2730284956925116
experiments/cikm2026,ml1m,weighted_itemknn,4,alpha_0.8_beta_0.0,0.8,none,,0.1706,0.18817573965131298,0.11288079470198675,0.15100746326602316,0.18171894349497972,0.17780876109384333,0.17197128422618876,0.03071148022895656,0.011846330909215077,0.15100746326602316,-0.9908389757709674,-1.0,1.690888977026497,1.0139783985038944,0.8434637500882999,0.4516688743813084,3.4124322757346053,0.6355864811133201,0.04943671305500331,,,0.26023856858846917
experiments/cikm2026,ml1m,weighted_itemknn,4,alpha_0.8_beta_0.0,0.8,none,,0.1706,0.18817573965131298,0.11288079470198675,0.15100746326602316,0.18171894349497972,0.17780876109384333,0.17197128422618876,0.03071148022895656,0.011846330909215077,0.15100746326602316,-0.9908389757709674,-1.0,1.690888977026497,1.0139783985038944,0.8434637500882999,0.4516688743813084,3.4124322757346053,0.6355864811133201,0.04943671305500331,,,0.26023856858846917
experiments/cikm2026_SOTA,ml1m,weighted_itemknn,4,alpha_0.8_beta_0.0,0.8,none,,0.1706,0.18817573965131298,0.11288079470198675,0.15100746326602316,0.18171894349497972,0.17780876109384333,0.17197128422618876,0.03071148022895656,0.011846330909215077,0.15100746326602316,-0.9908389757709674,-1.0,1.690888977026497,1.0139783985038944,0.8434637500882999,0.4516688743813084,3.4124322757346053,0.6355864811133201,0.04943671305500331,,,0.26023856858846917
experiments/cikm2026,ml1m,weighted_itemknn,5,alpha_0.8_beta_0.0,0.8,none,,0.1713,0.18817573965131296,0.11508278145695364,0.15402789781579365,0.1766645153029273,0.179816750582419,0.17469019778141068,0.025788852766625348,0.010138195348227623,0.15402789781579365,-0.9825112781776842,-1.0,1.6810891873409388,1.0237777064803817,0.8346489581234023,0.4604841480552768,3.4040828113339527,0.6241882041086811,0.05036447978793902,,,0.2685222001325381
experiments/cikm2026,ml1m,weighted_itemknn,5,alpha_0.8_beta_0.0,0.8,none,,0.1713,0.18817573965131296,0.11508278145695364,0.15402789781579365,0.1766645153029273,0.179816750582419,0.17469019778141068,0.025788852766625348,0.010138195348227623,0.15402789781579365,-0.9825112781776842,-1.0,1.6810891873409388,1.0237777064803817,0.8346489581234023,0.4604841480552768,3.4040828113339527,0.6241882041086811,0.05036447978793902,,,0.2685222001325381
experiments/cikm2026_SOTA,ml1m,weighted_itemknn,5,alpha_0.8_beta_0.0,0.8,none,,0.1713,0.18817573965131296,0.11508278145695364,0.15402789781579365,0.1766645153029273,0.179816750582419,0.17469019778141068,0.025788852766625348,0.010138195348227623,0.15402789781579365,-0.9825112781776842,-1.0,1.6810891873409388,1.0237777064803817,0.8346489581234023,0.4604841480552768,3.4040828113339527,0.6241882041086811,0.05036447978793902,,,0.2685222001325381
experiments/cikm2026,ml1m,weighted_itemknn,6,alpha_0.8_beta_0.0,0.8,none,,0.1709,0.19146216349237258,0.11061258278145696,0.15273638407056833,0.18155418927469105,0.17516540720955828,0.1740812530729944,0.02881780520412272,0.010859808672419884,0.15273638407056833,-0.9859486110389196,-1.0,1.7093603661899786,1.021794373405112,0.8262395445423741,0.442605715862535,3.3909833809963903,0.6286944996686546,0.05255135851557322,,,0.2636845593108018
experiments/cikm2026,ml1m,weighted_itemknn,6,alpha_0.8_beta_0.0,0.8,none,,0.1709,0.19146216349237258,0.11061258278145696,0.15273638407056833,0.18155418927469105,0.17516540720955828,0.1740812530729944,0.02881780520412272,0.010859808672419884,0.15273638407056833,-0.9859486110389196,-1.0,1.7093603661899786,1.021794373405112,0.8262395445423741,0.442605715862535,3.3909833809963903,0.6286944996686546,0.05255135851557322,,,0.2636845593108018
experiments/cikm2026_SOTA,ml1m,weighted_itemknn,6,alpha_0.8_beta_0.0,0.8,none,,0.1709,0.19146216349237258,0.11061258278145696,0.15273638407056833,0.18155418927469105,0.17516540720955828,0.1740812530729944,0.02881780520412272,0.010859808672419884,0.15273638407056833,-0.9859486110389196,-1.0,1.7093603661899786,1.021794373405112,0.8262395445423741,0.442605715862535,3.3909833809963903,0.6286944996686546,0.05255135851557322,,,0.2636845593108018
experiments/cikm2026,ml1m,weighted_itemknn,7,alpha_0.8_beta_0.0,0.8,none,,0.1666,0.18949196481687589,0.11387417218543046,0.145810991272247,0.17848427541873949,0.17439725073020948,0.16764477703638617,0.03267328414649248,0.01260264437648202,0.145810991272247,-0.9898905573131401,-1.0,1.7079723550925516,1.007421757064464,0.8289535897606212,0.45565229808236307,3.3880649102987563,0.625248508946322,0.05255135851557322,,,0.26991385023194164
experiments/cikm2026,ml1m,weighted_itemknn,7,alpha_0.8_beta_0.0,0.8,none,,0.1666,0.18949196481687589,0.11387417218543046,0.145810991272247,0.17848427541873949,0.17439725073020948,0.16764477703638617,0.03267328414649248,0.01260264437648202,0.145810991272247,-0.9898905573131401,-1.0,1.7079723550925516,1.007421757064464,0.8289535897606212,0.45565229808236307,3.3880649102987563,0.625248508946322,0.05255135851557322,,,0.26991385023194164
experiments/cikm2026_SOTA,ml1m,weighted_itemknn,7,alpha_0.8_beta_0.0,0.8,none,,0.1666,0.18949196481687589,0.11387417218543046,0.145810991272247,0.17848427541873949,0.17439725073020948,0.16764477703638617,0.03267328414649248,0.01260264437648202,0.145810991272247,-0.9898905573131401,-1.0,1.7079723550925516,1.007421757064464,0.8289535897606212,0.45565229808236307,3.3880649102987563,0.625248508946322,0.05255135851557322,,,0.26991385023194164
experiments/cikm2026,ml1m,weighted_itemknn,8,alpha_0.8_beta_0.0,0.8,none,,0.1742,0.18965752773078318,0.11057947019867549,0.15546666622940455,0.17932988384922485,0.17887016431381295,0.1832978926330024,0.027831226403597836,0.010975299696118945,0.15546666622940455,-0.9892610964544608,-1.0,1.7115483820240416,1.0051675140897869,0.8408158839995065,0.44246821988666457,3.373232666738889,0.6281643472498343,0.05195493704440026,,,0.2575878064943671
experiments/cikm2026,ml1m,weighted_itemknn,8,alpha_0.8_beta_0.0,0.8,none,,0.1742,0.18965752773078318,0.11057947019867549,0.15546666622940455,0.17932988384922485,0.17887016431381295,0.1832978926330024,0.027831226403597836,0.010975299696118945,0.15546666622940455,-0.9892610964544608,-1.0,1.7115483820240416,1.0051675140897869,0.8408158839995065,0.44246821988666457,3.373232666738889,0.6281643472498343,0.05195493704440026,,,0.2575878064943671
experiments/cikm2026_SOTA,ml1m,weighted_itemknn,8,alpha_0.8_beta_0.0,0.8,none,,0.1742,0.18965752773078318,0.11057947019867549,0.15546666622940455,0.17932988384922485,0.17887016431381295,0.1832978926330024,0.027831226403597836,0.010975299696118945,0.15546666622940455,-0.9892610964544608,-1.0,1.7115483820240416,1.0051675140897869,0.8408158839995065,0.44246821988666457,3.373232666738889,0.6281643472498343,0.05195493704440026,,,0.2575878064943671
experiments/cikm2026,ml1m,weighted_itemknn,9,alpha_0.8_beta_0.0,0.8,none,,0.172,0.19042739528045205,0.11569536423841059,0.1579079651581197,0.18352736416749418,0.17455584291493859,0.17204812398355146,0.02561939900937449,0.009192385891460998,0.1579079651581197,-0.9856426276916341,-1.0,1.7025401360448071,1.0203366748490985,0.8141823493611576,0.4629408397449362,3.3860851768696723,0.6332670642809807,0.04990059642147117,,,0.27468522200132534
experiments/cikm2026,ml1m,weighted_itemknn,9,alpha_0.8_beta_0.0,0.8,none,,0.172,0.19042739528045205,0.11569536423841059,0.1579079651581197,0.18352736416749418,0.17455584291493859,0.17204812398355146,0.02561939900937449,0.009192385891460998,0.1579079651581197,-0.9856426276916341,-1.0,1.7025401360448071,1.0203366748490985,0.8141823493611576,0.4629408397449362,3.3860851768696723,0.6332670642809807,0.04990059642147117,,,0.27468522200132534
experiments/cikm2026_SOTA,ml1m,weighted_itemknn,9,alpha_0.8_beta_0.0,0.8,none,,0.172,0.19042739528045205,0.11569536423841059,0.1579079651581197,0.18352736416749418,0.17455584291493859,0.17204812398355146,0.02561939900937449,0.009192385891460998,0.1579079651581197,-0.9856426276916341,-1.0,1.7025401360448071,1.0203366748490985,0.8141823493611576,0.4629408397449362,3.3860851768696723,0.6332670642809807,0.04990059642147117,,,0.27468522200132534
experiments/cikm2026,ml1m,weighted_lightgcn,0,alpha_0.0,0.0,none,,0.26,0.35441317839705444,0.0009437086092715232,0.34065565912638324,0.2751525816931569,0.22560460911779043,0.19861297748607032,0.14204268164031292,0.054051700623987925,0.19861297748607032,,,3.2353886498346505,0.6493846960270102,0.11144936204103299,0.0037772920973057895,0.0,0.0,0.5986746189529489,,,0.003711066931742876
experiments/cikm2026,ml1m,weighted_lightgcn,0,alpha_0.0_beta_0.1,0.0,none,,0.26,0.35441317839705444,0.0009437086092715232,0.34065565912638324,0.2751525816931569,0.22560460911779043,0.19861297748607032,0.14204268164031292,0.054051700623987925,0.19861297748607032,,,3.2353886498346505,0.6493846960270102,0.11144936204103299,0.0037772920973057895,0.0,0.0,0.5986746189529489,,,0.003711066931742876
experiments/cikm2026,ml1m,weighted_lightgcn,0,baseline,0.0,none,,0.26,0.35441317839705444,0.0009437086092715232,0.34065565912638324,0.2751525816931569,0.22560460911779043,0.19861297748607032,0.14204268164031292,0.054051700623987925,0.19861297748607032,,,3.2353886498346505,0.6493846960270102,0.11144936204103299,0.0037772920973057895,,,0.5986746189529489,,,0.003711066931742876
experiments/cikm2026,ml1m,weighted_lightgcn,0,alpha_0.0_beta_0.5,0.0,none,,0.26,0.35441317839705444,0.0009437086092715232,0.34065565912638324,0.2751525816931569,0.22560460911779043,0.19861297748607032,0.14204268164031292,0.054051700623987925,0.19861297748607032,,,3.2353886498346505,0.6493846960270102,0.11144936204103299,0.0037772920973057895,0.0,0.0,0.5986746189529489,,,0.003711066931742876
experiments/cikm2026,ml1m,weighted_lightgcn,0,alpha_0.0_beta_0.0,0.0,none,,0.26,0.35441317839705444,0.0009437086092715232,0.34065565912638324,0.2751525816931569,0.22560460911779043,0.19861297748607032,0.14204268164031292,0.054051700623987925,0.19861297748607032,,,3.2353886498346505,0.6493846960270102,0.11144936204103299,0.0037772920973057895,0.0,0.0,0.5986746189529489,,,0.003711066931742876
experiments/cikm2026,ml1m,weighted_lightgcn,0,alpha_0.0_beta_0.3,0.0,none,,0.26,0.35441317839705444,0.0009437086092715232,0.34065565912638324,0.2751525816931569,0.22560460911779043,0.19861297748607032,0.14204268164031292,0.054051700623987925,0.19861297748607032,,,3.2353886498346505,0.6493846960270102,0.11144936204103299,0.0037772920973057895,0.0,0.0,0.5986746189529489,,,0.003711066931742876
experiments/cikm2026,ml1m,weighted_lightgcn,0,baseline,0.0,none,,0.26,0.35441317839705444,0.0009437086092715232,0.34065565912638324,0.2751525816931569,0.22560460911779043,0.19861297748607032,0.14204268164031292,0.054051700623987925,0.19861297748607032,,,3.2353886498346505,0.6493846960270102,0.11144936204103299,0.0037772920973057895,,,0.5986746189529489,,,0.003711066931742876
experiments/cikm2026_SOTA,ml1m,weighted_lightgcn,0,baseline,0.0,none,,0.26,0.35441317839705444,0.0009437086092715232,0.34065565912638324,0.2751525816931569,0.22560460911779043,0.19861297748607032,0.14204268164031292,0.054051700623987925,0.19861297748607032,,,3.2353886498346505,0.6493846960270102,0.11144936204103299,0.0037772920973057895,,,0.5986746189529489,,,0.003711066931742876
experiments/cikm2026_SOTA,ml1m,weighted_lightgcn,0,baseline,0.0,none,,0.26,0.35441317839705444,0.0009437086092715232,0.34065565912638324,0.2751525816931569,0.22560460911779043,0.19861297748607032,0.14204268164031292,0.054051700623987925,0.19861297748607032,,,3.2353886498346505,0.6493846960270102,0.11144936204103299,0.0037772920973057895,,,0.5986746189529489,,,0.003711066931742876
experiments/cikm2026_SOTA,ml1m,weighted_lightgcn,0,baseline,0.0,none,,0.26,0.35441317839705444,0.0009437086092715232,0.34065565912638324,0.2751525816931569,0.22560460911779043,0.19861297748607032,0.14204268164031292,0.054051700623987925,0.19861297748607032,,,3.2353886498346505,0.6493846960270102,0.11144936204103299,0.0037772920973057895,,,0.5986746189529489,,,0.003711066931742876
experiments/cikm2026_SOTA,ml1m,weighted_lightgcn,0,baseline,0.0,none,,0.26,0.35441317839705444,0.0009437086092715232,0.34065565912638324,0.2751525816931569,0.22560460911779043,0.19861297748607032,0.14204268164031292,0.054051700623987925,0.19861297748607032,,,3.2353886498346505,0.6493846960270102,0.11144936204103299,0.0037772920973057895,,,0.5986746189529489,,,0.003711066931742876
experiments/cikm2026_SOTA,ml1m,weighted_lightgcn,0,baseline,0.0,none,,0.26,0.35441317839705444,0.0009437086092715232,0.34065565912638324,0.2751525816931569,0.22560460911779043,0.19861297748607032,0.14204268164031292,0.054051700623987925,0.19861297748607032,,,3.2353886498346505,0.6493846960270102,0.11144936204103299,0.0037772920973057895,,,0.5986746189529489,,,0.003711066931742876
experiments/cikm2026,ml1m,weighted_lightgcn,1,baseline,0.0,none,,0.2598,0.3525505956155975,0.0011258278145695364,0.3364157973492613,0.2723521862279649,0.2321711418508225,0.19836728148188804,0.13804851586737327,0.051392771036182505,0.19836728148188804,,,3.2204871959361796,0.6689246763245428,0.1060818321793039,0.004506295559973492,,,0.595559973492379,,,0.004506295559973492
experiments/cikm2026,ml1m,weighted_lightgcn,1,baseline,0.0,none,,0.2598,0.3525505956155975,0.0011258278145695364,0.3364157973492613,0.2723521862279649,0.2321711418508225,0.19836728148188804,0.13804851586737327,0.051392771036182505,0.19836728148188804,,,3.2204871959361796,0.6689246763245428,0.1060818321793039,0.004506295559973492,,,0.595559973492379,,,0.004506295559973492
experiments/cikm2026_SOTA,ml1m,weighted_lightgcn,1,baseline,0.0,none,,0.2598,0.3525505956155975,0.0011258278145695364,0.3364157973492613,0.2723521862279649,0.2321711418508225,0.19836728148188804,0.13804851586737327,0.051392771036182505,0.19836728148188804,,,3.2204871959361796,0.6689246763245428,0.1060818321793039,0.004506295559973492,,,0.595559973492379,,,0.004506295559973492
experiments/cikm2026_SOTA,ml1m,weighted_lightgcn,1,baseline,0.0,none,,0.2598,0.3525505956155975,0.0011258278145695364,0.3364157973492613,0.2723521862279649,0.2321711418508225,0.19836728148188804,0.13804851586737327,0.051392771036182505,0.19836728148188804,,,3.2204871959361796,0.6689246763245428,0.1060818321793039,0.004506295559973492,,,0.595559973492379,,,0.004506295559973492
experiments/cikm2026_SOTA,ml1m,weighted_lightgcn,1,baseline,0.0,none,,0.2598,0.3525505956155975,0.0011258278145695364,0.3364157973492613,0.2723521862279649,0.2321711418508225,0.19836728148188804,0.13804851586737327,0.051392771036182505,0.19836728148188804,,,3.2204871959361796,0.6689246763245428,0.1060818321793039,0.004506295559973492,,,0.595559973492379,,,0.004506295559973492
experiments/cikm2026_SOTA,ml1m,weighted_lightgcn,1,baseline,0.0,none,,0.2598,0.3525505956155975,0.0011258278145695364,0.3364157973492613,0.2723521862279649,0.2321711418508225,0.19836728148188804,0.13804851586737327,0.051392771036182505,0.19836728148188804,,,3.2204871959361796,0.6689246763245428,0.1060818321793039,0.004506295559973492,,,0.595559973492379,,,0.004506295559973492
experiments/cikm2026_SOTA,ml1m,weighted_lightgcn,1,baseline,0.0,none,,0.2598,0.3525505956155975,0.0011258278145695364,0.3364157973492613,0.2723521862279649,0.2321711418508225,0.19836728148188804,0.13804851586737327,0.051392771036182505,0.19836728148188804,,,3.2204871959361796,0.6689246763245428,0.1060818321793039,0.004506295559973492,,,0.595559973492379,,,0.004506295559973492
experiments/cikm2026,ml1m,weighted_lightgcn,2,baseline,0.0,none,,0.2594,0.3537260923043392,0.0006456953642384106,0.33874719507485723,0.2777933413149585,0.2237536856831456,0.197443220205567,0.14130397486929022,0.054183922742943,0.197443220205567,,,3.229891258962384,0.660447940989108,0.10707635089354736,0.002584449154959865,,,0.5976805831676606,,,0.0025182239893969515
experiments/cikm2026,ml1m,weighted_lightgcn,2,baseline,0.0,none,,0.2594,0.3537260923043392,0.0006456953642384106,0.33874719507485723,0.2777933413149585,0.2237536856831456,0.197443220205567,0.14130397486929022,0.054183922742943,0.197443220205567,,,3.229891258962384,0.660447940989108,0.10707635089354736,0.002584449154959865,,,0.5976805831676606,,,0.0025182239893969515
experiments/cikm2026_SOTA,ml1m,weighted_lightgcn,2,baseline,0.0,none,,0.2594,0.3537260923043392,0.0006456953642384106,0.33874719507485723,0.2777933413149585,0.2237536856831456,0.197443220205567,0.14130397486929022,0.054183922742943,0.197443220205567,,,3.229891258962384,0.660447940989108,0.10707635089354736,0.002584449154959865,,,0.5976805831676606,,,0.0025182239893969515
experiments/cikm2026_SOTA,ml1m,weighted_lightgcn,2,baseline,0.0,none,,0.2594,0.3537260923043392,0.0006456953642384106,0.33874719507485723,0.2777933413149585,0.2237536856831456,0.197443220205567,0.14130397486929022,0.054183922742943,0.197443220205567,,,3.229891258962384,0.660447940989108,0.10707635089354736,0.002584449154959865,,,0.5976805831676606,,,0.0025182239893969515
experiments/cikm2026_SOTA,ml1m,weighted_lightgcn,2,baseline,0.0,none,,0.2594,0.3537260923043392,0.0006456953642384106,0.33874719507485723,0.2777933413149585,0.2237536856831456,0.197443220205567,0.14130397486929022,0.054183922742943,0.197443220205567,,,3.229891258962384,0.660447940989108,0.10707635089354736,0.002584449154959865,,,0.5976805831676606,,,0.0025182239893969515
experiments/cikm2026_SOTA,ml1m,weighted_lightgcn,2,baseline,0.0,none,,0.2594,0.3537260923043392,0.0006456953642384106,0.33874719507485723,0.2777933413149585,0.2237536856831456,0.197443220205567,0.14130397486929022,0.054183922742943,0.197443220205567,,,3.229891258962384,0.660447940989108,0.10707635089354736,0.002584449154959865,,,0.5976805831676606,,,0.0025182239893969515
experiments/cikm2026_SOTA,ml1m,weighted_lightgcn,2,baseline,0.0,none,,0.2594,0.3537260923043392,0.0006456953642384106,0.33874719507485723,0.2777933413149585,0.2237536856831456,0.197443220205567,0.14130397486929022,0.054183922742943,0.197443220205567,,,3.229891258962384,0.660447940989108,0.10707635089354736,0.002584449154959865,,,0.5976805831676606,,,0.0025182239893969515
experiments/cikm2026,ml1m,weighted_lightgcn,3,baseline,0.0,none,,0.2616,0.35182211879440545,0.0008774834437086093,0.34741939320815474,0.2797368689275229,0.22617655948857546,0.19314313728058105,0.15427625592757369,0.05838466197068161,0.19314313728058105,,,3.2146572289969892,0.6766771036190832,0.10515345149603107,0.003512215887895584,,,0.5901259111994698,,,0.00344599072233267
experiments/cikm2026,ml1m,weighted_lightgcn,3,baseline,0.0,none,,0.2616,0.35182211879440545,0.0008774834437086093,0.34741939320815474,0.2797368689275229,0.22617655948857546,0.19314313728058105,0.15427625592757369,0.05838466197068161,0.19314313728058105,,,3.2146572289969892,0.6766771036190832,0.10515345149603107,0.003512215887895584,,,0.5901259111994698,,,0.00344599072233267
experiments/cikm2026_SOTA,ml1m,weighted_lightgcn,3,baseline,0.0,none,,0.2616,0.35182211879440545,0.0008774834437086093,0.34741939320815474,0.2797368689275229,0.22617655948857546,0.19314313728058105,0.15427625592757369,0.05838466197068161,0.19314313728058105,,,3.2146572289969892,0.6766771036190832,0.10515345149603107,0.003512215887895584,,,0.5901259111994698,,,0.00344599072233267
experiments/cikm2026_SOTA,ml1m,weighted_lightgcn,3,baseline,0.0,none,,0.2616,0.35182211879440545,0.0008774834437086093,0.34742272942212377,0.2797368689275229,0.22617655948857546,0.19314313728058105,0.15427959214154272,0.0583858876764755,0.19314313728058105,,,3.2146572289969892,0.6766771036190832,0.10515345149603107,0.003512215887895584,,,0.5901259111994698,,,0.00344599072233267
experiments/cikm2026_SOTA,ml1m,weighted_lightgcn,3,baseline,0.0,none,,0.2616,0.35182211879440545,0.0008774834437086093,0.34741939320815474,0.2797368689275229,0.22617655948857546,0.19314313728058105,0.15427625592757369,0.05838466197068161,0.19314313728058105,,,3.2146572289969892,0.6766771036190832,0.10515345149603107,0.003512215887895584,,,0.5901259111994698,,,0.00344599072233267
experiments/cikm2026_SOTA,ml1m,weighted_lightgcn,3,baseline,0.0,none,,0.2616,0.35182211879440545,0.0008774834437086093,0.34741939320815474,0.2797368689275229,0.22617655948857546,0.19314313728058105,0.15427625592757369,0.05838466197068161,0.19314313728058105,,,3.2146572289969892,0.6766771036190832,0.10515345149603107,0.003512215887895584,,,0.5901259111994698,,,0.00344599072233267
experiments/cikm2026_SOTA,ml1m,weighted_lightgcn,3,baseline,0.0,none,,0.2616,0.35182211879440545,0.0008774834437086093,0.34741939320815474,0.2797368689275229,0.22617655948857546,0.19314313728058105,0.15427625592757369,0.05838466197068161,0.19314313728058105,,,3.2146572289969892,0.6766771036190832,0.10515345149603107,0.003512215887895584,,,0.5901259111994698,,,0.00344599072233267
experiments/cikm2026,ml1m,weighted_lightgcn,4,baseline,0.0,none,,0.2595,0.356449602238114,0.0014072847682119205,0.3431259417782574,0.26881922556749993,0.2268423200075653,0.19932174907145178,0.1438041927068056,0.05424041175091893,0.19932174907145178,,,3.2516870161810005,0.6384536398760818,0.10422656226652921,0.005632781676387589,,,0.6064943671305499,,,0.005500331345261762
experiments/cikm2026,ml1m,weighted_lightgcn,4,baseline,0.0,none,,0.2595,0.356449602238114,0.0014072847682119205,0.3431259417782574,0.26881922556749993,0.2268423200075653,0.19932174907145178,0.1438041927068056,0.05424041175091893,0.19932174907145178,,,3.2516870161810005,0.6384536398760818,0.10422656226652921,0.005632781676387589,,,0.6064943671305499,,,0.005500331345261762
experiments/cikm2026_SOTA,ml1m,weighted_lightgcn,4,baseline,0.0,none,,0.2595,0.356449602238114,0.0014072847682119205,0.3431259417782574,0.26881922556749993,0.2268423200075653,0.19932174907145178,0.1438041927068056,0.05424041175091893,0.19932174907145178,,,3.2516870161810005,0.6384536398760818,0.10422656226652921,0.005632781676387589,,,0.6064943671305499,,,0.005500331345261762
experiments/cikm2026_SOTA,ml1m,weighted_lightgcn,4,baseline,0.0,none,,0.2595,0.356449602238114,0.0014072847682119205,0.3431259417782574,0.26881922556749993,0.2268423200075653,0.19932174907145178,0.1438041927068056,0.05424041175091893,0.19932174907145178,,,3.2516870161810005,0.6384536398760818,0.10422656226652921,0.005632781676387589,,,0.6064943671305499,,,0.005500331345261762
experiments/cikm2026_SOTA,ml1m,weighted_lightgcn,4,baseline,0.0,none,,0.2595,0.356449602238114,0.0014072847682119205,0.3431259417782574,0.26881922556749993,0.2268423200075653,0.19932174907145178,0.1438041927068056,0.05424041175091893,0.19932174907145178,,,3.2516870161810005,0.6384536398760818,0.10422656226652921,0.005632781676387589,,,0.6064943671305499,,,0.005500331345261762
experiments/cikm2026_SOTA,ml1m,weighted_lightgcn,4,baseline,0.0,none,,0.2595,0.356449602238114,0.0014072847682119205,0.3431259417782574,0.26881922556749993,0.2268423200075653,0.19932174907145178,0.1438041927068056,0.05424041175091893,0.19932174907145178,,,3.2516870161810005,0.6384536398760818,0.10422656226652921,0.005632781676387589,,,0.6064943671305499,,,0.005500331345261762
experiments/cikm2026_SOTA,ml1m,weighted_lightgcn,4,baseline,0.0,none,,0.2595,0.356449602238114,0.0014072847682119205,0.3431259417782574,0.26881922556749993,0.2268423200075653,0.19932174907145178,0.1438041927068056,0.05424041175091893,0.19932174907145178,,,3.2516870161810005,0.6384536398760818,0.10422656226652921,0.005632781676387589,,,0.6064943671305499,,,0.005500331345261762
experiments/cikm2026,ml1m,weighted_lightgcn,5,baseline,0.0,none,,0.2589,0.3507625161453988,0.0009105960264900663,0.33668680948511875,0.26844622347340097,0.23380975154417105,0.1965987523295868,0.14008805715553196,0.05160640291392671,0.1965987523295868,,,3.2061783432088626,0.6685925005248914,0.12158444616043437,0.0036447101058110494,,,0.5848243870112657,,,0.0035122597746852216
experiments/cikm2026,ml1m,weighted_lightgcn,5,baseline,0.0,none,,0.2589,0.3507625161453988,0.0009105960264900663,0.33668680948511875,0.26844622347340097,0.23380975154417105,0.1965987523295868,0.14008805715553196,0.05160640291392671,0.1965987523295868,,,3.2061783432088626,0.6685925005248914,0.12158444616043437,0.0036447101058110494,,,0.5848243870112657,,,0.0035122597746852216
experiments/cikm2026_SOTA,ml1m,weighted_lightgcn,5,baseline,0.0,none,,0.2589,0.3507625161453988,0.0009105960264900663,0.33668680948511875,0.26844622347340097,0.23380975154417105,0.1965987523295868,0.14008805715553196,0.05160640291392671,0.1965987523295868,,,3.2061783432088626,0.6685925005248914,0.12158444616043437,0.0036447101058110494,,,0.5848243870112657,,,0.0035122597746852216
experiments/cikm2026_SOTA,ml1m,weighted_lightgcn,5,baseline,0.0,none,,0.2589,0.3507625161453988,0.0009105960264900663,0.33668680948511875,0.26844622347340097,0.23380975154417105,0.1965987523295868,0.14008805715553196,0.05160640291392671,0.1965987523295868,,,3.2061783432088626,0.6685925005248914,0.12158444616043437,0.0036447101058110494,,,0.5848243870112657,,,0.0035122597746852216
experiments/cikm2026_SOTA,ml1m,weighted_lightgcn,5,baseline,0.0,none,,0.2589,0.3507625161453988,0.0009105960264900663,0.33668680948511875,0.26844622347340097,0.23380975154417105,0.1965987523295868,0.14008805715553196,0.05160640291392671,0.1965987523295868,,,3.2061783432088626,0.6685925005248914,0.12158444616043437,0.0036447101058110494,,,0.5848243870112657,,,0.0035122597746852216
experiments/cikm2026_SOTA,ml1m,weighted_lightgcn,5,baseline,0.0,none,,0.2589,0.3507625161453988,0.0009105960264900663,0.33668680948511875,0.26844622347340097,0.23380975154417105,0.1965987523295868,0.14008805715553196,0.05160640291392671,0.1965987523295868,,,3.2061783432088626,0.6685925005248914,0.12158444616043437,0.0036447101058110494,,,0.5848243870112657,,,0.0035122597746852216
experiments/cikm2026_SOTA,ml1m,weighted_lightgcn,5,baseline,0.0,none,,0.2589,0.3507625161453988,0.0009105960264900663,0.33668680948511875,0.26844622347340097,0.23380975154417105,0.1965987523295868,0.14008805715553196,0.05160640291392671,0.1965987523295868,,,3.2061783432088626,0.6685925005248914,0.12158444616043437,0.0036447101058110494,,,0.5848243870112657,,,0.0035122597746852216
experiments/cikm2026,ml1m,weighted_lightgcn,6,baseline,0.0,none,,0.2601,0.35499264859572993,0.001009933774834437,0.33929754032845005,0.28097742703111467,0.2269449210107941,0.1933524213877186,0.14594511894073145,0.05536833130101533,0.1933524213877186,,,3.2400258595719333,0.6509086648552604,0.10502310726609003,0.004042368306715995,,,0.600728959575878,,,0.003976143141153081
experiments/cikm2026,ml1m,weighted_lightgcn,6,baseline,0.0,none,,0.2601,0.35499264859572993,0.001009933774834437,0.33929754032845005,0.28097742703111467,0.2269449210107941,0.1933524213877186,0.14594511894073145,0.05536833130101533,0.1933524213877186,,,3.2400258595719333,0.6509086648552604,0.10502310726609003,0.004042368306715995,,,0.600728959575878,,,0.003976143141153081
experiments/cikm2026_SOTA,ml1m,weighted_lightgcn,6,baseline,0.0,none,,0.2601,0.35499264859572993,0.001009933774834437,0.33929754032845005,0.28097742703111467,0.2269449210107941,0.1933524213877186,0.14594511894073145,0.05536833130101533,0.1933524213877186,,,3.2400258595719333,0.6509086648552604,0.10502310726609003,0.004042368306715995,,,0.600728959575878,,,0.003976143141153081
experiments/cikm2026_SOTA,ml1m,weighted_lightgcn,6,baseline,0.0,none,,0.2601,0.35499264859572993,0.001009933774834437,0.33929754032845005,0.28097742703111467,0.2269449210107941,0.1933524213877186,0.14594511894073145,0.05536833130101533,0.1933524213877186,,,3.2400258595719333,0.6509086648552604,0.10502310726609003,0.004042368306715995,,,0.600728959575878,,,0.003976143141153081
experiments/cikm2026_SOTA,ml1m,weighted_lightgcn,6,baseline,0.0,none,,0.2601,0.35499264859572993,0.001009933774834437,0.33929754032845005,0.28097742703111467,0.2269449210107941,0.1933524213877186,0.14594511894073145,0.05536833130101533,0.1933524213877186,,,3.2400258595719333,0.6509086648552604,0.10502310726609003,0.004042368306715995,,,0.600728959575878,,,0.003976143141153081
experiments/cikm2026_SOTA,ml1m,weighted_lightgcn,6,baseline,0.0,none,,0.2601,0.35499264859572993,0.001009933774834437,0.33929754032845005,0.28097742703111467,0.2269449210107941,0.1933524213877186,0.14594511894073145,0.05536833130101533,0.1933524213877186,,,3.2400258595719333,0.6509086648552604,0.10502310726609003,0.004042368306715995,,,0.600728959575878,,,0.003976143141153081
experiments/cikm2026_SOTA,ml1m,weighted_lightgcn,6,baseline,0.0,none,,0.2601,0.35499264859572993,0.001009933774834437,0.33929754032845005,0.28097742703111467,0.2269449210107941,0.1933524213877186,0.14594511894073145,0.05536833130101533,0.1933524213877186,,,3.2400258595719333,0.6509086648552604,0.10502310726609003,0.004042368306715995,,,0.600728959575878,,,0.003976143141153081
experiments/cikm2026,ml1m,weighted_lightgcn,7,baseline,0.0,none,,0.26,0.3497277479334783,0.0007615894039735099,0.3371354764625519,0.277434398227325,0.23069616078832347,0.1948317977303059,0.14230367873224598,0.05329035362386712,0.1948317977303059,,,3.1979023041955803,0.6818380166245191,0.11721134665847216,0.0030483325214277243,,,0.5881378396288932,,,0.0029821073558648106
experiments/cikm2026,ml1m,weighted_lightgcn,7,baseline,0.0,none,,0.26,0.3497277479334783,0.0007615894039735099,0.3371354764625519,0.277434398227325,0.23069616078832347,0.1948317977303059,0.14230367873224598,0.05329035362386712,0.1948317977303059,,,3.1979023041955803,0.6818380166245191,0.11721134665847216,0.0030483325214277243,,,0.5881378396288932,,,0.0029821073558648106
experiments/cikm2026_SOTA,ml1m,weighted_lightgcn,7,baseline,0.0,none,,0.26,0.3497277479334783,0.0007615894039735099,0.3371354764625519,0.277434398227325,0.23069616078832347,0.1948317977303059,0.14230367873224598,0.05329035362386712,0.1948317977303059,,,3.1979023041955803,0.6818380166245191,0.11721134665847216,0.0030483325214277243,,,0.5881378396288932,,,0.0029821073558648106
experiments/cikm2026_SOTA,ml1m,weighted_lightgcn,7,baseline,0.0,none,,0.26,0.3497277479334783,0.0007615894039735099,0.3371354764625519,0.277434398227325,0.23069616078832347,0.1948317977303059,0.14230367873224598,0.05329035362386712,0.1948317977303059,,,3.1979023041955803,0.6818380166245191,0.11721134665847216,0.0030483325214277243,,,0.5881378396288932,,,0.0029821073558648106
experiments/cikm2026_SOTA,ml1m,weighted_lightgcn,7,baseline,0.0,none,,0.26,0.3497277479334783,0.0007615894039735099,0.3371354764625519,0.277434398227325,0.23069616078832347,0.1948317977303059,0.14230367873224598,0.05329035362386712,0.1948317977303059,,,3.1979023041955803,0.6818380166245191,0.11721134665847216,0.0030483325214277243,,,0.5881378396288932,,,0.0029821073558648106
experiments/cikm2026_SOTA,ml1m,weighted_lightgcn,7,baseline,0.0,none,,0.26,0.3497277479334783,0.0007615894039735099,0.3371354764625519,0.277434398227325,0.23069616078832347,0.1948317977303059,0.14230367873224598,0.05329035362386712,0.1948317977303059,,,3.1979023041955803,0.6818380166245191,0.11721134665847216,0.0030483325214277243,,,0.5881378396288932,,,0.0029821073558648106
experiments/cikm2026_SOTA,ml1m,weighted_lightgcn,7,baseline,0.0,none,,0.26,0.3497277479334783,0.0007615894039735099,0.3371354764625519,0.277434398227325,0.23069616078832347,0.1948317977303059,0.14230367873224598,0.05329035362386712,0.1948317977303059,,,3.1979023041955803,0.6818380166245191,0.11721134665847216,0.0030483325214277243,,,0.5881378396288932,,,0.0029821073558648106
experiments/cikm2026,ml1m,weighted_lightgcn,8,baseline,0.0,none,,0.2648,0.3541151651520213,0.0008278145695364238,0.33942313220897696,0.2773652320487054,0.23484442332378053,0.20781599022523337,0.1316071419837436,0.049676441570760066,0.20781599022523337,,,3.2330053762711457,0.6582628628978231,0.10541830821340337,0.0033134526176275677,,,0.5982770046388336,,,0.0033134526176275677
experiments/cikm2026,ml1m,weighted_lightgcn,8,baseline,0.0,none,,0.2648,0.35412344329771667,0.0008278145695364238,0.33942313220897696,0.2773652320487054,0.23484442332378053,0.20781599022523337,0.1316071419837436,0.049676441570760066,0.20781599022523337,,,3.2330716014367087,0.6581966377322601,0.10541830821340337,0.0033134526176275677,,,0.5982770046388336,,,0.0033134526176275677
experiments/cikm2026_SOTA,ml1m,weighted_lightgcn,8,baseline,0.0,none,,0.2648,0.3541151651520213,0.0008278145695364238,0.33942313220897696,0.2773652320487054,0.23484442332378053,0.20781599022523337,0.1316071419837436,0.049676441570760066,0.20781599022523337,,,3.2330053762711457,0.6582628628978231,0.10541830821340337,0.0033134526176275677,,,0.5982770046388336,,,0.0033134526176275677
experiments/cikm2026_SOTA,ml1m,weighted_lightgcn,8,baseline,0.0,none,,0.2648,0.3541151651520213,0.0008278145695364238,0.33942313220897696,0.2773652320487054,0.23484442332378053,0.20781599022523337,0.1316071419837436,0.049676441570760066,0.20781599022523337,,,3.2330053762711457,0.6582628628978231,0.10541830821340337,0.0033134526176275677,,,0.5982770046388336,,,0.0033134526176275677
experiments/cikm2026_SOTA,ml1m,weighted_lightgcn,8,baseline,0.0,none,,0.2648,0.3541151651520213,0.0008278145695364238,0.33942313220897696,0.2773652320487054,0.23484442332378053,0.20781599022523337,0.1316071419837436,0.049676441570760066,0.20781599022523337,,,3.2330053762711457,0.6582628628978231,0.10541830821340337,0.0033134526176275677,,,0.5982770046388336,,,0.0033134526176275677
experiments/cikm2026_SOTA,ml1m,weighted_lightgcn,8,baseline,0.0,none,,0.2648,0.3541151651520213,0.0008278145695364238,0.33942313220897696,0.2773652320487054,0.23484442332378053,0.20781599022523337,0.1316071419837436,0.049676441570760066,0.20781599022523337,,,3.2330053762711457,0.6582628628978231,0.10541830821340337,0.0033134526176275677,,,0.5982770046388336,,,0.0033134526176275677
experiments/cikm2026_SOTA,ml1m,weighted_lightgcn,8,baseline,0.0,none,,0.2648,0.3541151651520213,0.0008278145695364238,0.33942313220897696,0.2773652320487054,0.23484442332378053,0.20781599022523337,0.1316071419837436,0.049676441570760066,0.20781599022523337,,,3.2330053762711457,0.6582628628978231,0.10541830821340337,0.0033134526176275677,,,0.5982770046388336,,,0.0033134526176275677
experiments/cikm2026,ml1m,weighted_lightgcn,9,baseline,0.0,none,,0.2588,0.3558287413109617,0.0007781456953642385,0.3423229244119127,0.27295427214335427,0.22955890542639018,0.19065316828616297,0.15166975612574973,0.056292614274434515,0.19065316828616297,,,3.2467172327584737,0.6391165050754201,0.11105170447911507,0.0031145576869906384,,,0.6027170311464546,,,0.0029821073558648106
experiments/cikm2026,ml1m,weighted_lightgcn,9,baseline,0.0,none,,0.2588,0.3558287413109617,0.0007781456953642385,0.3423229244119127,0.27295427214335427,0.22955890542639018,0.19065316828616297,0.15166975612574973,0.056292614274434515,0.19065316828616297,,,3.2467172327584737,0.6391165050754201,0.11105170447911507,0.0031145576869906384,,,0.6027170311464546,,,0.0029821073558648106
experiments/cikm2026_SOTA,ml1m,weighted_lightgcn,9,baseline,0.0,none,,0.2588,0.3558287413109617,0.0007781456953642385,0.3423229244119127,0.27295427214335427,0.22955890542639018,0.19065316828616297,0.15166975612574973,0.056292614274434515,0.19065316828616297,,,3.2467172327584737,0.6391165050754201,0.11105170447911507,0.0031145576869906384,,,0.6027170311464546,,,0.0029821073558648106
experiments/cikm2026_SOTA,ml1m,weighted_lightgcn,9,baseline,0.0,none,,0.2588,0.3558287413109617,0.0007781456953642385,0.3423229244119127,0.27295427214335427,0.22955890542639018,0.19065316828616297,0.15166975612574973,0.056292614274434515,0.19065316828616297,,,3.2467172327584737,0.6391165050754201,0.11105170447911507,0.0031145576869906384,,,0.6027170311464546,,,0.0029821073558648106
experiments/cikm2026_SOTA,ml1m,weighted_lightgcn,9,baseline,0.0,none,,0.2588,0.3558287413109617,0.0007781456953642385,0.3423229244119127,0.27295427214335427,0.22955890542639018,0.19065316828616297,0.15166975612574973,0.056292614274434515,0.19065316828616297,,,3.2467172327584737,0.6391165050754201,0.11105170447911507,0.0031145576869906384,,,0.6027170311464546,,,0.0029821073558648106
experiments/cikm2026_SOTA,ml1m,weighted_lightgcn,9,baseline,0.0,none,,0.2588,0.3558287413109617,0.0007781456953642385,0.3423229244119127,0.27295427214335427,0.22955890542639018,0.19065316828616297,0.15166975612574973,0.056292614274434515,0.19065316828616297,,,3.2467172327584737,0.6391165050754201,0.11105170447911507,0.0031145576869906384,,,0.6027170311464546,,,0.0029821073558648106
experiments/cikm2026_SOTA,ml1m,weighted_lightgcn,9,baseline,0.0,none,,0.2588,0.3558287413109617,0.0007781456953642385,0.3423229244119127,0.27295427214335427,0.22955890542639018,0.19065316828616297,0.15166975612574973,0.056292614274434515,0.19065316828616297,,,3.2467172327584737,0.6391165050754201,0.11105170447911507,0.0031145576869906384,,,0.6027170311464546,,,0.0029821073558648106
experiments/cikm2026,ml1m,weighted_lightgcn,0,alpha_0.1,0.1,none,,0.2598,0.352062185019571,0.0009933774834437086,0.34103027371033034,0.2749203972805827,0.22513231794339758,0.19838495763986258,0.14264531607046776,0.054315332640542974,0.19838495763986258,0.9487326132721916,0.7745966692414834,3.2165783748398815,0.6609738824254432,0.11847164348031139,0.003976099254363444,0.037620549989538246,0.006158940397350987,0.5929092113982769,,,0.00390987408880053
experiments/cikm2026,ml1m,weighted_lightgcn,0,alpha_0.1_beta_0.3,0.1,none,,0.2598,0.352062185019571,0.0009933774834437086,0.34103027371033034,0.2749203972805827,0.22513231794339758,0.19838495763986258,0.14264531607046776,0.054315332640542974,0.19838495763986258,0.9487326132721916,0.7745966692414834,3.2165783748398815,0.6609738824254432,0.11847164348031139,0.003976099254363444,0.037620549989538246,0.006158940397350987,0.5929092113982769,,,0.00390987408880053
experiments/cikm2026,ml1m,weighted_lightgcn,0,alpha_0.1_beta_0.0,0.1,none,,0.2598,0.352062185019571,0.0009933774834437086,0.34103027371033034,0.2749203972805827,0.22513231794339758,0.19838495763986258,0.14264531607046776,0.054315332640542974,0.19838495763986258,0.9487326132721916,0.7745966692414834,3.2165783748398815,0.6609738824254432,0.11847164348031139,0.003976099254363444,0.037620549989538246,0.006158940397350987,0.5929092113982769,,,0.00390987408880053
experiments/cikm2026,ml1m,weighted_lightgcn,0,alpha_0.1_beta_0.1,0.1,none,,0.2598,0.352062185019571,0.0009933774834437086,0.34103027371033034,0.2749203972805827,0.22513231794339758,0.19838495763986258,0.14264531607046776,0.054315332640542974,0.19838495763986258,0.9487326132721916,0.7745966692414834,3.2165783748398815,0.6609738824254432,0.11847164348031139,0.003976099254363444,0.037620549989538246,0.006158940397350987,0.5929092113982769,,,0.00390987408880053
experiments/cikm2026,ml1m,weighted_lightgcn,0,alpha_0.1_beta_0.5,0.1,none,,0.2598,0.352062185019571,0.0009933774834437086,0.34103027371033034,0.2749203972805827,0.22513231794339758,0.19838495763986258,0.14264531607046776,0.054315332640542974,0.19838495763986258,0.9487326132721916,0.7745966692414834,3.2165783748398815,0.6609738824254432,0.11847164348031139,0.003976099254363444,0.037620549989538246,0.006158940397350987,0.5929092113982769,,,0.00390987408880053
experiments/cikm2026,ml1m,weighted_lightgcn,0,alpha_0.1_beta_0.0,0.1,none,,0.2598,0.352062185019571,0.0009933774834437086,0.34103027371033034,0.2749203972805827,0.22513231794339758,0.19838495763986258,0.14264531607046776,0.054315332640542974,0.19838495763986258,0.9487326132721916,0.7745966692414834,3.2165783748398815,0.6609738824254432,0.11847164348031139,0.003976099254363444,0.037620549989538246,0.006158940397350987,0.5929092113982769,,,0.00390987408880053
experiments/cikm2026_SOTA,ml1m,weighted_lightgcn,0,alpha_0.1_beta_0.0,0.1,none,,0.2598,0.352062185019571,0.0009933774834437086,0.34103027371033034,0.2749203972805827,0.22513231794339758,0.19838495763986258,0.14264531607046776,0.054315332640542974,0.19838495763986258,0.9487326132721916,0.7745966692414834,3.2165783748398815,0.6609738824254432,0.11847164348031139,0.003976099254363444,0.037620549989538246,0.006158940397350987,0.5929092113982769,,,0.00390987408880053
experiments/cikm2026,ml1m,weighted_lightgcn,1,alpha_0.1_beta_0.0,0.1,none,,0.2599,0.3495042379997034,0.0013079470198675497,0.3365349815512481,0.271896060152689,0.2325145241450306,0.19869277143954134,0.13784221011170678,0.05126674020494547,0.19869277143954134,-0.15702033235213195,-0.7378647873726218,3.196112163149974,0.684819859381672,0.11383281010608144,0.005235167362272281,0.048750065572411294,0.009277667329357198,0.5862823061630218,,,0.005102717031146454
experiments/cikm2026,ml1m,weighted_lightgcn,1,alpha_0.1_beta_0.0,0.1,none,,0.2599,0.3495042379997034,0.0013079470198675497,0.3365349815512481,0.271896060152689,0.2325145241450306,0.19869277143954134,0.13784221011170678,0.05126674020494547,0.19869277143954134,-0.15702033235213195,-0.7378647873726218,3.196112163149974,0.684819859381672,0.11383281010608144,0.005235167362272281,0.048750065572411294,0.009277667329357198,0.5862823061630218,,,0.005102717031146454
experiments/cikm2026_SOTA,ml1m,weighted_lightgcn,1,alpha_0.1_beta_0.0,0.1,none,,0.2599,0.3495042379997034,0.0013079470198675497,0.3365349815512481,0.27189884154420324,0.2325145241450306,0.19869277143954134,0.13784221011170678,0.05126690279539986,0.19869277143954134,-0.15802268204985895,-0.7378647873726218,3.196112163149974,0.684819859381672,0.11383281010608144,0.005235167362272281,0.048750065572411294,0.009277667329357198,0.5862823061630218,,,0.005102717031146454
experiments/cikm2026,ml1m,weighted_lightgcn,2,alpha_0.1_beta_0.0,0.1,none,,0.2601,0.3514744366752001,0.0009768211920529802,0.3409879914758515,0.2785585421225126,0.22535006747091701,0.19560725423462338,0.14538073724122813,0.05534088523175764,0.19560725423462338,0.6087164944745455,0.632455532033676,3.2118759042846134,0.6681273421760248,0.1160870549977194,0.00390969854164198,0.037488628507297575,0.006693174287607628,0.590987408880053,,,0.0036447978793903244
experiments/cikm2026,ml1m,weighted_lightgcn,2,alpha_0.1_beta_0.0,0.1,none,,0.2601,0.3514744366752001,0.0009768211920529802,0.3409879914758515,0.2785585421225126,0.22535006747091701,0.19560725423462338,0.14538073724122813,0.05534088523175764,0.19560725423462338,0.6087164944745455,0.632455532033676,3.2118759042846134,0.6681273421760248,0.1160870549977194,0.00390969854164198,0.037488628507297575,0.006693174287607628,0.590987408880053,,,0.0036447978793903244
experiments/cikm2026_SOTA,ml1m,weighted_lightgcn,2,alpha_0.1_beta_0.0,0.1,none,,0.2601,0.3514744366752001,0.0009768211920529802,0.3409879914758515,0.2785585421225126,0.22535006747091701,0.19560725423462338,0.14538073724122813,0.05534088523175764,0.19560725423462338,0.6087164944745455,0.632455532033676,3.2118759042846134,0.6681273421760248,0.1160870549977194,0.00390969854164198,0.037488628507297575,0.006693174287607628,0.590987408880053,,,0.0036447978793903244
experiments/cikm2026,ml1m,weighted_lightgcn,3,alpha_0.1_beta_0.0,0.1,none,,0.2618,0.3491813903175842,0.0011423841059602648,0.3481692460179931,0.27997032276238737,0.2260118822309104,0.19310361920818137,0.15506562680981173,0.05871496537547403,0.19310361920818137,0.9353129996926757,0.9486832980505139,3.1935282388937978,0.6889284542481044,0.11297083001935063,0.004572476838746768,0.042257980206383924,0.007554671968190818,0.582571239231279,,,0.004440026507620941
experiments/cikm2026,ml1m,weighted_lightgcn,3,alpha_0.1_beta_0.0,0.1,none,,0.2618,0.3491813903175842,0.0011423841059602648,0.3481692460179931,0.27997032276238737,0.2260118822309104,0.19310361920818137,0.15506562680981173,0.05871496537547403,0.19310361920818137,0.9353129996926757,0.9486832980505139,3.1935282388937978,0.6889284542481044,0.11297083001935063,0.004572476838746768,0.042257980206383924,0.007554671968190818,0.582571239231279,,,0.004440026507620941
experiments/cikm2026_SOTA,ml1m,weighted_lightgcn,3,alpha_0.1_beta_0.0,0.1,none,,0.2618,0.3491813903175842,0.0011423841059602648,0.3481692460179931,0.27997032276238737,0.2260118822309104,0.19310361920818137,0.15506562680981173,0.05871496537547403,0.19310361920818137,0.9347141834053871,0.9486832980505139,3.1935282388937978,0.6889284542481044,0.11297083001935063,0.004572476838746768,0.042257980206383924,0.007554671968190818,0.582571239231279,,,0.004440026507620941
experiments/cikm2026,ml1m,weighted_lightgcn,4,alpha_0.1_beta_0.0,0.1,none,,0.2595,0.35387509892685576,0.0016059602649006622,0.34363309307755924,0.2688874818955942,0.2266730633149684,0.19883323521253338,0.14479985786502586,0.054599830834197574,0.19883323521253338,0.9398747232164604,0.9486832980505139,3.231089274911204,0.6521613743162987,0.11032147212824779,0.006427878644249293,0.041195482539594236,0.006357615894039714,0.6002650762094102,,,0.006096752816434724
experiments/cikm2026,ml1m,weighted_lightgcn,4,alpha_0.1_beta_0.0,0.1,none,,0.2595,0.35387509892685576,0.0016059602649006622,0.34363309307755924,0.2688874818955942,0.2266730633149684,0.19883323521253338,0.14479985786502586,0.054599830834197574,0.19883323521253338,0.9398747232164604,0.9486832980505139,3.231089274911204,0.6521613743162987,0.11032147212824779,0.006427878644249293,0.041195482539594236,0.006357615894039714,0.6002650762094102,,,0.006096752816434724
experiments/cikm2026_SOTA,ml1m,weighted_lightgcn,4,alpha_0.1_beta_0.0,0.1,none,,0.2595,0.35387509892685576,0.0016059602649006622,0.34363309307755924,0.2688874818955942,0.2266730633149684,0.19883323521253338,0.14479985786502586,0.054599830834197574,0.19883323521253338,0.9398747232164604,0.9486832980505139,3.231089274911204,0.6521613743162987,0.11032147212824779,0.006427878644249293,0.041195482539594236,0.006357615894039714,0.6002650762094102,,,0.006096752816434724
experiments/cikm2026,ml1m,weighted_lightgcn,5,alpha_0.1_beta_0.0,0.1,none,,0.2583,0.34846119164208755,0.0010596026490066225,0.33664021621928303,0.2673513783125235,0.233242516496764,0.1963479837421998,0.14029223247708322,0.05168416156197819,0.1963479837421998,0.6555606682476619,0.632455532033676,3.187763576659383,0.6782621217600261,0.12973321389039602,0.004241087690194373,0.03682953309895947,0.007753479125248597,0.5770709078860171,,,0.004042412193505632
experiments/cikm2026,ml1m,weighted_lightgcn,5,alpha_0.1_beta_0.0,0.1,none,,0.2583,0.34846119164208755,0.0010596026490066225,0.33664021621928303,0.2673513783125235,0.2331278166192429,0.1963479837421998,0.14029223247708322,0.051698138714547565,0.1963479837421998,0.6680816310184117,0.632455532033676,3.187763576659383,0.6782621217600261,0.12973321389039602,0.004241087690194373,0.03682953309895947,0.007753479125248597,0.5770709078860171,,,0.004042412193505632
experiments/cikm2026_SOTA,ml1m,weighted_lightgcn,5,alpha_0.1_beta_0.0,0.1,none,,0.2583,0.34846119164208755,0.0010596026490066225,0.33664021621928303,0.2673513783125235,0.2331278166192429,0.1963479837421998,0.14029223247708322,0.051698138714547565,0.1963479837421998,0.6680816310184117,0.632455532033676,3.187763576659383,0.6782621217600261,0.12973321389039602,0.004241087690194373,0.03682953309895947,0.007753479125248597,0.5770709078860171,,,0.004042412193505632
experiments/cikm2026,ml1m,weighted_lightgcn,6,alpha_0.1_beta_0.0,0.1,none,,0.2616,0.3497194697877829,0.0014238410596026491,0.34123141714281235,0.28266887747222763,0.22708224450901177,0.19565987623111297,0.14557154091169938,0.05550815451265475,0.19565987623111297,0.25401613385879407,-0.21081851067789195,3.1978324815331516,0.6805804832762736,0.11588798446183418,0.005699050728740141,0.084386756077563,0.01663353214049046,0.5840954274353876,,,0.0055666003976143135
experiments/cikm2026,ml1m,weighted_lightgcn,6,alpha_0.1_beta_0.0,0.1,none,,0.2616,0.3497194697877829,0.0014238410596026491,0.34123141714281235,0.28266887747222763,0.22708224450901177,0.19565987623111297,0.14557154091169938,0.05550815451265475,0.19565987623111297,0.25401613385879407,-0.21081851067789195,3.1978324815331516,0.6805804832762736,0.11588798446183418,0.005699050728740141,0.084386756077563,0.01663353214049046,0.5840954274353876,,,0.0055666003976143135
experiments/cikm2026_SOTA,ml1m,weighted_lightgcn,6,alpha_0.1_beta_0.0,0.1,none,,0.2616,0.3497194697877829,0.0014238410596026491,0.34123141714281235,0.28266887747222763,0.22708224450901177,0.19565987623111297,0.14557154091169938,0.05550815451265475,0.19565987623111297,0.25401613385879407,-0.21081851067789195,3.1978324815331516,0.6805804832762736,0.11588798446183418,0.005699050728740141,0.084386756077563,0.01663353214049046,0.5840954274353876,,,0.0055666003976143135
experiments/cikm2026,ml1m,weighted_lightgcn,7,alpha_0.1_beta_0.0,0.1,none,,0.259,0.35065490025135904,0.0007615894039735099,0.33685598996507293,0.27712359281982507,0.22947334367486574,0.19260492688010025,0.14425106308497268,0.05401422988835336,0.19260492688010025,-0.014081841896373527,-0.316227766016838,3.2053207080304853,0.6740219107600094,0.11760909257486665,0.0030482886346380874,0.01642691383195404,0.003973509933774821,0.5903247183565274,,,0.0029158383035122596
experiments/cikm2026,ml1m,weighted_lightgcn,7,alpha_0.1_beta_0.0,0.1,none,,0.259,0.35065490025135904,0.0007615894039735099,0.33685598996507293,0.27712359281982507,0.22947334367486574,0.19260492688010025,0.14425106308497268,0.05401422988835336,0.19260492688010025,-0.014081841896373527,-0.316227766016838,3.2053207080304853,0.6740219107600094,0.11760909257486665,0.0030482886346380874,0.01642691383195404,0.003973509933774821,0.5903247183565274,,,0.0029158383035122596
experiments/cikm2026_SOTA,ml1m,weighted_lightgcn,7,alpha_0.1_beta_0.0,0.1,none,,0.259,0.35065490025135904,0.0007615894039735099,0.33685598996507293,0.27712359281982507,0.22947334367486574,0.19260492688010025,0.14425106308497268,0.05401422988835336,0.19260492688010025,-0.014081841896373527,-0.316227766016838,3.2053207080304853,0.6740219107600094,0.11760909257486665,0.0030482886346380874,0.01642691383195404,0.003973509933774821,0.5903247183565274,,,0.0029158383035122596
experiments/cikm2026,ml1m,weighted_lightgcn,8,alpha_0.1_beta_0.0,0.1,none,,0.2644,0.3528486088606306,0.0008940397350993377,0.338204860332505,0.2768963979787591,0.23369708885610407,0.20896452021344436,0.12924034011906066,0.04903843368107754,0.20896452021344436,-0.5224173423730074,-0.632455532033676,3.222871344911888,0.6635603504889058,0.10998981965895757,0.0035784849402481353,0.020268062718515216,0.004039735099337749,0.5946322067594433,,,0.0035122597746852216
experiments/cikm2026,ml1m,weighted_lightgcn,8,alpha_0.1_beta_0.0,0.1,none,,0.2644,0.3528486088606306,0.0008940397350993377,0.338204860332505,0.2768963979787591,0.23369708885610407,0.20896452021344436,0.12924034011906066,0.04903843368107754,0.20896452021344436,-0.5224173423730074,-0.632455532033676,3.222871344911888,0.6635603504889058,0.10998981965895757,0.0035784849402481353,0.0204005130496411,0.004105960264900732,0.5946322067594433,,,0.0035122597746852216
experiments/cikm2026_SOTA,ml1m,weighted_lightgcn,8,alpha_0.1_beta_0.0,0.1,none,,0.2644,0.3528486088606306,0.0008940397350993377,0.338204860332505,0.2768963979787591,0.23369708885610407,0.20896452021344436,0.12924034011906066,0.04903843368107754,0.20896452021344436,-0.5224173423730074,-0.632455532033676,3.222871344911888,0.6635603504889058,0.10998981965895757,0.0035784849402481353,0.020268062718515216,0.004039735099337749,0.5946322067594433,,,0.0035122597746852216
experiments/cikm2026,ml1m,weighted_lightgcn,9,alpha_0.1_beta_0.0,0.1,none,,0.2589,0.3533535757480478,0.001009933774834437,0.3432178239085179,0.272856526895218,0.22981121486380493,0.1897060173512058,0.1535118065573121,0.05687320262969798,0.1897060173512058,0.7548185979287976,0.7745966692414834,3.2269124390494612,0.6528922634005879,0.11615297313002403,0.0040423244199263575,0.03987431276547701,0.007687210072895967,0.5950298210735586,,,0.00390987408880053
experiments/cikm2026,ml1m,weighted_lightgcn,9,alpha_0.1_beta_0.0,0.1,none,,0.2589,0.3533535757480478,0.001009933774834437,0.3432178239085179,0.272856526895218,0.22981121486380493,0.1897060173512058,0.1535118065573121,0.05687320262969798,0.1897060173512058,0.7548185979287976,0.7745966692414834,3.2269124390494612,0.6528922634005879,0.11615297313002403,0.0040423244199263575,0.03987431276547701,0.007687210072895967,0.5950298210735586,,,0.00390987408880053
experiments/cikm2026_SOTA,ml1m,weighted_lightgcn,9,alpha_0.1_beta_0.0,0.1,none,,0.2589,0.3533535757480478,0.001009933774834437,0.3432178239085179,0.272856526895218,0.22981121486380493,0.1897060173512058,0.1535118065573121,0.05687320262969798,0.1897060173512058,0.7548185979287976,0.7745966692414834,3.2269124390494612,0.6528922634005879,0.11615297313002403,0.0040423244199263575,0.03987431276547701,0.007687210072895967,0.5950298210735586,,,0.00390987408880053
experiments/cikm2026,ml1m,weighted_lightgcn,0,alpha_0.2_beta_0.1,0.2,none,,0.26,0.34882543005268357,0.0012582781456953642,0.3429353332434945,0.27428575914383196,0.22479500423845963,0.19825474070696594,0.14468059253652857,0.055077678890917206,0.19825474070696594,0.9883781802041889,0.7745966692414834,3.1906791546628233,0.6766698628796902,0.12761457836548162,0.005036404092004265,0.08941899034365447,0.01563949635520212,0.5830351225977468,,,0.004970178926441351
experiments/cikm2026,ml1m,weighted_lightgcn,0,alpha_0.2_beta_0.3,0.2,none,,0.26,0.34882543005268357,0.0012582781456953642,0.3429353332434945,0.27428575914383196,0.22479500423845963,0.19825474070696594,0.14468059253652857,0.055077678890917206,0.19825474070696594,0.9883781802041889,0.7745966692414834,3.1906791546628233,0.6766698628796902,0.12761457836548162,0.005036404092004265,0.08941899034365447,0.01563949635520212,0.5830351225977468,,,0.004970178926441351
experiments/cikm2026,ml1m,weighted_lightgcn,0,alpha_0.2_beta_0.5,0.2,none,,0.26,0.34882543005268357,0.0012582781456953642,0.3429353332434945,0.27428575914383196,0.22479500423845963,0.19825474070696594,0.14468059253652857,0.055077678890917206,0.19825474070696594,0.9883781802041889,0.7745966692414834,3.1906791546628233,0.6766698628796902,0.12761457836548162,0.005036404092004265,0.08941899034365447,0.01563949635520212,0.5830351225977468,,,0.004970178926441351
experiments/cikm2026,ml1m,weighted_lightgcn,0,alpha_0.2_beta_0.0,0.2,none,,0.26,0.34882543005268357,0.0012582781456953642,0.3429353332434945,0.27428575914383196,0.22479500423845963,0.19825474070696594,0.14468059253652857,0.055077678890917206,0.19825474070696594,0.9883781802041889,0.7745966692414834,3.1906791546628233,0.6766698628796902,0.12761457836548162,0.005036404092004265,0.08941899034365447,0.01563949635520212,0.5830351225977468,,,0.004970178926441351
experiments/cikm2026,ml1m,weighted_lightgcn,0,alpha_0.2,0.2,none,,0.26,0.34882543005268357,0.0012582781456953642,0.3429353332434945,0.27429586346090445,0.22479500423845963,0.19825474070696594,0.14468059253652857,0.055078331156598555,0.19825474070696594,0.9886282538678627,0.7745966692414834,3.1906791546628233,0.6766698628796902,0.12761457836548162,0.005036404092004265,0.08941899034365447,0.01563949635520212,0.5830351225977468,,,0.004970178926441351
experiments/cikm2026,ml1m,weighted_lightgcn,0,alpha_0.2_beta_0.0,0.2,none,,0.26,0.34882543005268357,0.0012582781456953642,0.3429353332434945,0.27429586346090445,0.22479500423845963,0.19825474070696594,0.14468059253652857,0.055078331156598555,0.19825474070696594,0.9886282538678627,0.7745966692414834,3.1906791546628233,0.6766698628796902,0.12761457836548162,0.005036404092004265,0.08941899034365447,0.01563949635520212,0.5830351225977468,,,0.004970178926441351
experiments/cikm2026_SOTA,ml1m,weighted_lightgcn,0,alpha_0.2_beta_0.0,0.2,none,,0.26,0.34882543005268357,0.0012582781456953642,0.3429353332434945,0.27428575914383196,0.22479500423845963,0.19825474070696594,0.14468059253652857,0.055077678890917206,0.19825474070696594,0.9883781802041889,0.7745966692414834,3.1906791546628233,0.6766698628796902,0.12761457836548162,0.005036404092004265,0.08941899034365447,0.01563949635520212,0.5830351225977468,,,0.004970178926441351
experiments/cikm2026,ml1m,weighted_lightgcn,1,alpha_0.2_beta_0.0,0.2,none,,0.26,0.34669794660897496,0.0015231788079470199,0.3378661461095264,0.27142922291757204,0.23212460018918965,0.19853367170968264,0.13933247439984378,0.05183847687110494,0.19853367170968264,0.8316610717840741,0.316227766016838,3.173658844701785,0.6983294008475273,0.1219150894078321,0.006096665042855449,0.09365670246878935,0.01722995361166335,0.5783300198807156,,,0.005964214711729621
experiments/cikm2026,ml1m,weighted_lightgcn,1,alpha_0.2_beta_0.0,0.2,none,,0.26,0.34669794660897496,0.0015231788079470199,0.3378661461095264,0.27142922291757204,0.23212460018918965,0.19853367170968264,0.13933247439984378,0.05183847687110494,0.19853367170968264,0.8316610717840741,0.316227766016838,3.173658844701785,0.6983294008475273,0.1219150894078321,0.006096665042855449,0.09365670246878935,0.01722995361166335,0.5783300198807156,,,0.005964214711729621
experiments/cikm2026_SOTA,ml1m,weighted_lightgcn,1,alpha_0.2_beta_0.0,0.2,none,,0.26,0.34669794660897496,0.0015231788079470199,0.3378661461095264,0.27142922291757204,0.23212460018918965,0.19853367170968264,0.13933247439984378,0.05183847687110494,0.19853367170968264,0.8316610717840741,0.316227766016838,3.173658844701785,0.6983294008475273,0.1219150894078321,0.006096665042855449,0.09365670246878935,0.01722995361166335,0.5783300198807156,,,0.005964214711729621
experiments/cikm2026,ml1m,weighted_lightgcn,2,alpha_0.2_beta_0.0,0.2,none,,0.2595,0.34913172144341204,0.0012582781456953642,0.33971053046447713,0.27824774078883563,0.2248653386290577,0.1953384523259748,0.14437207813850234,0.05500332804532012,0.1953384523259748,0.43412154127730335,0.39999999999999997,3.193130845407784,0.6791209405456599,0.12271202938849966,0.0050361846580560775,0.07352082710920037,0.013585155732273035,0.5840954274353876,,,0.0046388336646785945
experiments/cikm2026,ml1m,weighted_lightgcn,2,alpha_0.2_beta_0.0,0.2,none,,0.2595,0.34913172144341204,0.0012582781456953642,0.33971053046447713,0.27824774078883563,0.2248653386290577,0.1953384523259748,0.14437207813850234,0.05500332804532012,0.1953384523259748,0.43412154127730335,0.39999999999999997,3.193130845407784,0.6791209405456599,0.12271202938849966,0.0050361846580560775,0.07352082710920037,0.013585155732273035,0.5840954274353876,,,0.0046388336646785945
experiments/cikm2026_SOTA,ml1m,weighted_lightgcn,2,alpha_0.2_beta_0.0,0.2,none,,0.2595,0.34913172144341204,0.0012582781456953642,0.33971053046447713,0.27824774078883563,0.2248653386290577,0.1953384523259748,0.14437207813850234,0.05500332804532012,0.1953384523259748,0.43412154127730335,0.39999999999999997,3.193130845407784,0.6791209405456599,0.12271202938849966,0.0050361846580560775,0.07352082710920037,0.013585155732273035,0.5840954274353876,,,0.0046388336646785945
experiments/cikm2026,ml1m,weighted_lightgcn,3,alpha_0.2_beta_0.0,0.2,none,,0.2629,0.34587013203943856,0.0014238410596026491,0.34963498452043223,0.2810661160916889,0.22656755874569093,0.19439163694253003,0.1552433475779022,0.05887785343619729,0.19439163694253003,0.8404835489126351,0.9486832980505139,3.167031938537094,0.7056193484557916,0.12164970616516363,0.005699006841950504,0.09525058091979158,0.019483101391650104,0.5706428098078197,,,0.005500331345261762
experiments/cikm2026,ml1m,weighted_lightgcn,3,alpha_0.2_beta_0.0,0.2,none,,0.2629,0.34587013203943856,0.0014238410596026491,0.34963498452043223,0.2810661160916889,0.22656755874569093,0.19439163694253003,0.1552433475779022,0.05887785343619729,0.19439163694253003,0.8404835489126351,0.9486832980505139,3.167031938537094,0.7056193484557916,0.12164970616516363,0.005699006841950504,0.09525058091979158,0.019483101391650104,0.5706428098078197,,,0.005500331345261762
experiments/cikm2026_SOTA,ml1m,weighted_lightgcn,3,alpha_0.2_beta_0.0,0.2,none,,0.2629,0.34587013203943856,0.0014238410596026491,0.34963498452043223,0.2810661160916889,0.22656755874569093,0.19439163694253003,0.1552433475779022,0.05887785343619729,0.19439163694253003,0.8397945484999509,0.9486832980505139,3.167031938537094,0.7056193484557916,0.12164970616516363,0.005699006841950504,0.09525058091979158,0.019483101391650104,0.5706428098078197,,,0.005500331345261762
experiments/cikm2026,ml1m,weighted_lightgcn,4,alpha_0.2_beta_0.0,0.2,none,,0.2597,0.35096119164208756,0.0017549668874172186,0.34340799367247465,0.2700226770320384,0.2268697786088766,0.19852884875312138,0.14487914491935328,0.05461986550844695,0.19852884875312138,0.3625677972982827,0.7378647873726218,3.207773318597247,0.6666658723767683,0.11853659668414131,0.007024212341842981,0.08782739516750789,0.015772034459907158,0.5907223326706428,,,0.006560636182902584
experiments/cikm2026,ml1m,weighted_lightgcn,4,alpha_0.2_beta_0.0,0.2,none,,0.2597,0.35096119164208756,0.0017549668874172186,0.34340799367247465,0.2700226770320384,0.22686717417168284,0.19852884875312138,0.14487914491935328,0.054620256966583555,0.19852884875312138,0.3632308958527455,0.7378647873726218,3.207773318597247,0.6666658723767683,0.11853659668414131,0.007024212341842981,0.08782739516750789,0.015772034459907158,0.5907223326706428,,,0.006560636182902584
experiments/cikm2026_SOTA,ml1m,weighted_lightgcn,4,alpha_0.2_beta_0.0,0.2,none,,0.2597,0.35096119164208756,0.0017549668874172186,0.34340799367247465,0.2700226770320384,0.2268697786088766,0.19852884875312138,0.14487914491935328,0.05461986550844695,0.19852884875312138,0.3625677972982827,0.7378647873726218,3.207773318597247,0.6666658723767683,0.11853659668414131,0.007024212341842981,0.08782739516750789,0.015772034459907158,0.5907223326706428,,,0.006560636182902584
experiments/cikm2026,ml1m,weighted_lightgcn,5,alpha_0.2_beta_0.0,0.2,none,,0.259,0.3455721187944054,0.0012913907284768213,0.3370913791199131,0.2673698577286872,0.23335381837907287,0.19840236073594775,0.13868901838396536,0.05123013446676903,0.19840236073594775,0.11233015887259606,0.10540925533894598,3.164650683126925,0.6928957360916729,0.13728472635827135,0.005168854423130092,0.08305532016387504,0.014503311258278084,0.5725646123260437,,,0.004970178926441351
experiments/cikm2026,ml1m,weighted_lightgcn,5,alpha_0.2_beta_0.0,0.2,none,,0.259,0.3455721187944054,0.0012913907284768213,0.3370913791199131,0.2673698577286872,0.23335381837907287,0.19840236073594775,0.13868901838396536,0.05123013446676903,0.19840236073594775,0.11233015887259606,0.10540925533894598,3.164650683126925,0.6928957360916729,0.13728472635827135,0.005168854423130092,0.08305532016387504,0.014503311258278084,0.5725646123260437,,,0.004970178926441351
experiments/cikm2026_SOTA,ml1m,weighted_lightgcn,5,alpha_0.2_beta_0.0,0.2,none,,0.259,0.3455721187944054,0.0012913907284768213,0.3370913791199131,0.2673698577286872,0.23335381837907287,0.19840236073594775,0.13868901838396536,0.05123013446676903,0.19840236073594775,0.11233015887259606,0.10540925533894598,3.164650683126925,0.6928957360916729,0.13728472635827135,0.005168854423130092,0.08305532016387504,0.014503311258278084,0.5725646123260437,,,0.004970178926441351
experiments/cikm2026,ml1m,weighted_lightgcn,6,alpha_0.2_beta_0.0,0.2,none,,0.2613,0.3473601982646041,0.0016556291390728477,0.34125030193889155,0.2822973004550128,0.2265641073531089,0.19526661339041337,0.14598368854847818,0.05567746366762801,0.19526661339041337,0.41262961846683427,0.316227766016838,3.178955015921537,0.6906464907505802,0.12377171975299583,0.006626773574886223,0.12214168730079163,0.02379058979456594,0.5769383697813121,,,0.006428098078197481
experiments/cikm2026,ml1m,weighted_lightgcn,6,alpha_0.2_beta_0.0,0.2,none,,0.2613,0.3473601982646041,0.0016556291390728477,0.34125030193889155,0.2822973004550128,0.2265641073531089,0.19526661339041337,0.14598368854847818,0.05567746366762801,0.19526661339041337,0.41262961846683427,0.316227766016838,3.178955015921537,0.6906464907505802,0.12377171975299583,0.006626773574886223,0.12214168730079163,0.02379058979456594,0.5769383697813121,,,0.006428098078197481
experiments/cikm2026_SOTA,ml1m,weighted_lightgcn,6,alpha_0.2_beta_0.0,0.2,none,,0.2613,0.3473601982646041,0.0016556291390728477,0.34125030193889155,0.2822973004550128,0.2265641073531089,0.19526661339041337,0.14598368854847818,0.05567746366762801,0.19526661339041337,0.41262961846683427,0.316227766016838,3.178955015921537,0.6906464907505802,0.12377171975299583,0.006626773574886223,0.12214168730079163,0.02379058979456594,0.5769383697813121,,,0.006428098078197481
experiments/cikm2026,ml1m,weighted_lightgcn,7,alpha_0.2_beta_0.0,0.2,none,,0.2592,0.3468055625030147,0.0008940397350993377,0.3373642834602357,0.2760125393865876,0.23031362342251338,0.1930464448007923,0.14431783865944342,0.053858683865891974,0.1930464448007923,0.7679427511639891,0.7745966692414834,3.174521833778049,0.6945517149309094,0.12734796635079298,0.0035784849402481353,0.04676094083506282,0.008476821192052952,0.5805831676607024,,,0.0035122597746852216
experiments/cikm2026,ml1m,weighted_lightgcn,7,alpha_0.2_beta_0.0,0.2,none,,0.2592,0.3468055625030147,0.0008940397350993377,0.3373642834602357,0.2760125393865876,0.23031362342251338,0.1930464448007923,0.14431783865944342,0.053858683865891974,0.1930464448007923,0.7679427511639891,0.7745966692414834,3.174521833778049,0.6945517149309094,0.12734796635079298,0.0035784849402481353,0.04676094083506282,0.008476821192052952,0.5805831676607024,,,0.0035122597746852216
experiments/cikm2026_SOTA,ml1m,weighted_lightgcn,7,alpha_0.2_beta_0.0,0.2,none,,0.2592,0.3468055625030147,0.0008940397350993377,0.3373642834602357,0.2760125393865876,0.23031362342251338,0.1930464448007923,0.14431783865944342,0.053858683865891974,0.1930464448007923,0.7679427511639891,0.7745966692414834,3.174521833778049,0.6945517149309094,0.12734796635079298,0.0035784849402481353,0.04676094083506282,0.008476821192052952,0.5805831676607024,,,0.0035122597746852216
experiments/cikm2026,ml1m,weighted_lightgcn,8,alpha_0.2_beta_0.0,0.2,none,,0.2634,0.34994297972155775,0.001076158940397351,0.33768457558254833,0.27585364236523213,0.23258427511518423,0.20770703878904803,0.1299775367935003,0.049306675600378706,0.20770703878904803,-0.25307385975938296,-0.10540925533894598,3.1996221840013104,0.6769381435218208,0.11913222796074185,0.0043074445161262005,0.06676638453966988,0.012657388999337327,0.5856196156394963,,,0.004241219350563287
experiments/cikm2026,ml1m,weighted_lightgcn,8,alpha_0.2_beta_0.0,0.2,none,,0.2634,0.34994297972155775,0.001076158940397351,0.33768457558254833,0.27585364236523213,0.23258427511518423,0.20770703878904803,0.1299775367935003,0.049306675600378706,0.20770703878904803,-0.25307385975938296,-0.10540925533894598,3.1996221840013104,0.6769381435218208,0.11913222796074185,0.0043074445161262005,0.06689883487079576,0.012657388999337327,0.5856196156394963,,,0.004241219350563287
experiments/cikm2026_SOTA,ml1m,weighted_lightgcn,8,alpha_0.2_beta_0.0,0.2,none,,0.2634,0.34994297972155775,0.001076158940397351,0.33768457558254833,0.27585364236523213,0.23258427511518423,0.20770703878904803,0.1299775367935003,0.049306675600378706,0.20770703878904803,-0.25307385975938296,-0.10540925533894598,3.1996221840013104,0.6769381435218208,0.11913222796074185,0.0043074445161262005,0.06676638453966988,0.012657388999337327,0.5856196156394963,,,0.004241219350563287
experiments/cikm2026,ml1m,weighted_lightgcn,9,alpha_0.2_beta_0.0,0.2,none,,0.2585,0.3506466221056637,0.0011423841059602648,0.3438358634018575,0.27251824188008955,0.2298755600325457,0.18787851291041105,0.15595735049144646,0.05763130825452531,0.18787851291041105,0.7190216022762058,0.7999999999999999,3.2052523311342567,0.6671316854259165,0.12304359437465925,0.004572389065167493,0.0829298032484351,0.017097415506958313,0.5856196156394963,,,0.004307488402915838
experiments/cikm2026,ml1m,weighted_lightgcn,9,alpha_0.2_beta_0.0,0.2,none,,0.2588,0.35038999958910744,0.0012417218543046358,0.3432454090561489,0.2731391580496034,0.2301004029064501,0.18897357256737618,0.15427183648877274,0.05708769283852046,0.18897357256737618,0.5677130930745142,0.7999999999999999,3.2031993505951775,0.666269529850117,0.12556111617542198,0.004970003379282801,0.08703576432659198,0.017561298873426168,0.5851557322730284,,,0.0047051027170311455
experiments/cikm2026_SOTA,ml1m,weighted_lightgcn,9,alpha_0.2_beta_0.0,0.2,none,,0.2585,0.3506466221056637,0.0011423841059602648,0.3438358634018575,0.27251824188008955,0.2298755600325457,0.18787851291041105,0.15595735049144646,0.05763130825452531,0.18787851291041105,0.7190216022762058,0.7999999999999999,3.2052523311342567,0.6671316854259165,0.12304359437465925,0.004572389065167493,0.0829298032484351,0.017097415506958313,0.5856196156394963,,,0.004307488402915838
experiments/cikm2026,ml1m,weighted_lightgcn,0,alpha_0.4_beta_0.1,0.4,none,,0.2608,0.34338668833082925,0.001837748344370861,0.34345977854262205,0.27496314764742,0.22587638123471163,0.19883877141271397,0.14462100712990808,0.05498201018776383,0.19883877141271397,0.9883346351609607,0.7999999999999999,3.1471616246975493,0.6986560506294269,0.14682663540904864,0.00735568926397465,0.17645405027420263,0.03141153081510939,0.5672630881378395,,,0.007090788601722994
experiments/cikm2026,ml1m,weighted_lightgcn,0,alpha_0.4_beta_0.3,0.4,none,,0.2608,0.34338668833082925,0.001837748344370861,0.34345977854262205,0.27496314764742,0.22587638123471163,0.19883166736707622,0.14462811117554583,0.05498401118926753,0.19883166736707622,0.9885744279477536,0.7999999999999999,3.1471616246975493,0.6986560506294269,0.14682663540904864,0.00735568926397465,0.17645405027420263,0.03141153081510939,0.5672630881378395,,,0.007090788601722994
experiments/cikm2026,ml1m,weighted_lightgcn,0,alpha_0.4,0.4,none,,0.2608,0.34338668833082925,0.001837748344370861,0.34345977854262205,0.27496314764742,0.22587638123471163,0.19883166736707622,0.14462811117554583,0.05498401118926753,0.19883166736707622,0.9885744279477536,0.7999999999999999,3.1471616246975493,0.6986560506294269,0.14682663540904864,0.00735568926397465,0.17645405027420263,0.03141153081510939,0.5672630881378395,,,0.007090788601722994
experiments/cikm2026,ml1m,weighted_lightgcn,0,alpha_0.4_beta_0.5,0.4,none,,0.2608,0.34338668833082925,0.001837748344370861,0.34345977854262205,0.27496314764742,0.22587638123471163,0.19883877141271397,0.14462100712990808,0.05498201018776383,0.19883877141271397,0.9883346351609607,0.7999999999999999,3.1471616246975493,0.6986560506294269,0.14682663540904864,0.00735568926397465,0.17645405027420263,0.03141153081510939,0.5672630881378395,,,0.007090788601722994
experiments/cikm2026,ml1m,weighted_lightgcn,0,alpha_0.4_beta_0.0,0.4,none,,0.2608,0.34338668833082925,0.001837748344370861,0.34345977854262205,0.27496314764742,0.22587638123471163,0.19883166736707622,0.14462811117554583,0.05498401118926753,0.19883166736707622,0.9885744279477536,0.7999999999999999,3.1471616246975493,0.6986560506294269,0.14682663540904864,0.00735568926397465,0.17645405027420263,0.03141153081510939,0.5672630881378395,,,0.007090788601722994
experiments/cikm2026,ml1m,weighted_lightgcn,0,alpha_0.4_beta_0.0,0.4,none,,0.2608,0.34338668833082925,0.001837748344370861,0.34345977854262205,0.27496314764742,0.22587638123471163,0.19883166736707622,0.14462811117554583,0.05498401118926753,0.19883166736707622,0.9885744279477536,0.7999999999999999,3.1471616246975493,0.6986560506294269,0.14682663540904864,0.00735568926397465,0.17645405027420263,0.03141153081510939,0.5672630881378395,,,0.007090788601722994
experiments/cikm2026_SOTA,ml1m,weighted_lightgcn,0,alpha_0.4_beta_0.0,0.4,none,,0.2608,0.34338668833082925,0.001837748344370861,0.34345977854262205,0.27496314764742,0.22587638123471163,0.19883877141271397,0.14462100712990808,0.05498201018776383,0.19883877141271397,0.9883346351609607,0.7999999999999999,3.1471616246975493,0.6986560506294269,0.14682663540904864,0.00735568926397465,0.17645405027420263,0.03141153081510939,0.5672630881378395,,,0.007090788601722994
experiments/cikm2026,ml1m,weighted_lightgcn,1,alpha_0.4_beta_0.0,0.4,none,,0.2601,0.34029066184076306,0.0023841059602649007,0.33866391486733577,0.2712803778648209,0.23195921410708384,0.19855666044208756,0.1401072544252482,0.052145889430683275,0.19855666044208756,0.9082710302381632,0.19999999999999998,3.122392397862334,0.7277332915215087,0.14033178651133796,0.009542524104819206,0.19618959614769138,0.03611663353214045,0.5594433399602385,,,0.009211398277004637
experiments/cikm2026,ml1m,weighted_lightgcn,1,alpha_0.4_beta_0.0,0.4,none,,0.2601,0.34029066184076306,0.0023841059602649007,0.33866391486733577,0.2712803778648209,0.23195921410708384,0.19855666044208756,0.1401072544252482,0.052145889430683275,0.19855666044208756,0.9082710302381632,0.19999999999999998,3.122392397862334,0.7277332915215087,0.14033178651133796,0.009542524104819206,0.19618959614769138,0.03611663353214045,0.5594433399602385,,,0.009211398277004637
experiments/cikm2026_SOTA,ml1m,weighted_lightgcn,1,alpha_0.4_beta_0.0,0.4,none,,0.2601,0.34029066184076306,0.0023841059602649007,0.33866391486733577,0.2712803778648209,0.23195921410708384,0.19855666044208756,0.1401072544252482,0.052145889430683275,0.19855666044208756,0.9082710302381632,0.19999999999999998,3.122392397862334,0.7277332915215087,0.14033178651133796,0.009542524104819206,0.19618959614769138,0.03611663353214045,0.5594433399602385,,,0.009211398277004637
experiments/cikm2026,ml1m,weighted_lightgcn,2,alpha_0.4_beta_0.0,0.4,none,,0.2597,0.3437012578672531,0.002317880794701987,0.3400042924965928,0.2777103499069647,0.2250710981771532,0.1961626353622107,0.1438416571343821,0.05479348533326358,0.1961626353622107,0.5179439961864948,0.39999999999999997,3.149679101391638,0.7022995766632637,0.13874404959684725,0.009277272348250452,0.16042431514149227,0.03041749502982105,0.5672630881378395,,,0.008681245858184227
experiments/cikm2026,ml1m,weighted_lightgcn,2,alpha_0.4_beta_0.0,0.4,none,,0.2597,0.3437012578672531,0.002317880794701987,0.3400042924965928,0.2777103499069647,0.2250710981771532,0.1961626353622107,0.1438416571343821,0.05479348533326358,0.1961626353622107,0.5179439961864948,0.39999999999999997,3.149679101391638,0.7022995766632637,0.13874404959684725,0.009277272348250452,0.16042431514149227,0.03041749502982105,0.5672630881378395,,,0.008681245858184227
experiments/cikm2026_SOTA,ml1m,weighted_lightgcn,2,alpha_0.4_beta_0.0,0.4,none,,0.2597,0.3437012578672531,0.002317880794701987,0.3400042924965928,0.2777103499069647,0.2250710981771532,0.1961626353622107,0.1438416571343821,0.05479348533326358,0.1961626353622107,0.5179439961864948,0.39999999999999997,3.149679101391638,0.7022995766632637,0.13874404959684725,0.009277272348250452,0.16042431514149227,0.03041749502982105,0.5672630881378395,,,0.008681245858184227
experiments/cikm2026,ml1m,weighted_lightgcn,3,alpha_0.4_beta_0.0,0.4,none,,0.2628,0.34125920488712064,0.0021357615894039735,0.34974660546049285,0.2807575028838668,0.2275653379477244,0.19313674970362937,0.15660985575686348,0.059111407429365846,0.19313674970362937,0.7983852243963604,0.632455532033676,3.130138197554562,0.7213788346630667,0.13993447946283985,0.008548488319530938,0.16903806288485512,0.03366467859509603,0.5564612326043737,,,0.008217362491716368
experiments/cikm2026,ml1m,weighted_lightgcn,3,alpha_0.4_beta_0.0,0.4,none,,0.2628,0.34125920488712064,0.0021357615894039735,0.34974660546049285,0.2807575028838668,0.2275653379477244,0.19313674970362937,0.15660985575686348,0.059111407429365846,0.19313674970362937,0.7983852243963604,0.632455532033676,3.130138197554562,0.7213788346630667,0.13993447946283985,0.008548488319530938,0.16903806288485512,0.03366467859509603,0.5564612326043737,,,0.008217362491716368
experiments/cikm2026_SOTA,ml1m,weighted_lightgcn,3,alpha_0.4_beta_0.0,0.4,none,,0.2628,0.34125920488712064,0.0021357615894039735,0.34974660546049285,0.2807575028838668,0.2275653379477244,0.19313674970362937,0.15660985575686348,0.059111407429365846,0.19313674970362937,0.7977491932893495,0.632455532033676,3.130138197554562,0.7213788346630667,0.13993447946283985,0.008548488319530938,0.16903806288485512,0.03366467859509603,0.5564612326043737,,,0.008217362491716368
experiments/cikm2026,ml1m,weighted_lightgcn,4,alpha_0.4_beta_0.0,0.4,none,,0.259,0.3426250989268558,0.0028311258278145694,0.34339158464940644,0.26675873090066604,0.22651936429076572,0.19950421230227783,0.14388737234712862,0.054260644935016984,0.19950421230227783,0.36160096926490704,0.19999999999999998,3.141073948255918,0.7068659591053135,0.14072861132795764,0.011331481310810632,0.22122613585016587,0.04095427435387666,0.5655400927766733,,,0.010536779324055666
experiments/cikm2026,ml1m,weighted_lightgcn,4,alpha_0.4_beta_0.0,0.4,none,,0.259,0.3426250989268558,0.0028311258278145694,0.34339158464940644,0.26675873090066604,0.22651936429076572,0.19950421230227783,0.14388737234712862,0.054260644935016984,0.19950421230227783,0.36160096926490704,0.19999999999999998,3.141073948255918,0.7068659591053135,0.14072861132795764,0.011331481310810632,0.22122613585016587,0.04095427435387666,0.5655400927766733,,,0.010536779324055666
experiments/cikm2026_SOTA,ml1m,weighted_lightgcn,4,alpha_0.4_beta_0.0,0.4,none,,0.259,0.3426250989268558,0.0028311258278145694,0.34339158464940644,0.26675873090066604,0.22651936429076572,0.19950421230227783,0.14388737234712862,0.054260644935016984,0.19950421230227783,0.36160096926490704,0.19999999999999998,3.141073948255918,0.7068659591053135,0.14072861132795764,0.011331481310810632,0.22122613585016587,0.04095427435387666,0.5655400927766733,,,0.010536779324055666
experiments/cikm2026,ml1m,weighted_lightgcn,5,alpha_0.4_beta_0.0,0.4,none,,0.2592,0.3403734432977167,0.0020529801324503313,0.3385667300160738,0.266903869584213,0.23348589443782622,0.19813058203822867,0.14043614797784512,0.051838923291043205,0.19813058203822867,0.5497904078784949,0.19999999999999998,3.123054648588527,0.7137563147637115,0.1549721569107306,0.008216879737030355,0.16624738924067117,0.02644135188866803,0.5583830351225977,,,0.007488402915838303
experiments/cikm2026,ml1m,weighted_lightgcn,5,alpha_0.4_beta_0.0,0.4,none,,0.2592,0.3403734432977167,0.0020529801324503313,0.3385667300160738,0.266903869584213,0.23348589443782622,0.19813058203822867,0.14043614797784512,0.051838923291043205,0.19813058203822867,0.5497904078784949,0.19999999999999998,3.123054648588527,0.7137563147637115,0.1549721569107306,0.008216879737030355,0.16624738924067117,0.02644135188866803,0.5583830351225977,,,0.007488402915838303
experiments/cikm2026_SOTA,ml1m,weighted_lightgcn,5,alpha_0.4_beta_0.0,0.4,none,,0.2592,0.3403734432977167,0.0020529801324503313,0.3385667300160738,0.266903869584213,0.23348589443782622,0.19813058203822867,0.14043614797784512,0.051838923291043205,0.19813058203822867,0.5497904078784949,0.19999999999999998,3.123054648588527,0.7137563147637115,0.1549721569107306,0.008216879737030355,0.16624738924067117,0.02644135188866803,0.5583830351225977,,,0.007488402915838303
experiments/cikm2026,ml1m,weighted_lightgcn,6,alpha_0.4_beta_0.0,0.4,none,,0.2614,0.3423436419732134,0.002599337748344371,0.3409149068505952,0.2832495635255042,0.22654978985000523,0.19496078215520546,0.14595412469538976,0.055742105371973966,0.19496078215520546,0.19830021669691422,0.6000000000000001,3.13881492591981,0.7092538345661294,0.14152726161544704,0.010403977898612736,0.20242186730424555,0.039165009940357876,0.5615639496355201,,,0.010006626905235254
experiments/cikm2026,ml1m,weighted_lightgcn,6,alpha_0.4_beta_0.0,0.4,none,,0.2614,0.3423436419732134,0.002599337748344371,0.3409149068505952,0.2832495635255042,0.22654978985000523,0.19496078215520546,0.14595412469538976,0.055742105371973966,0.19496078215520546,0.19830021669691422,0.6000000000000001,3.13881492591981,0.7092538345661294,0.14152726161544704,0.010403977898612736,0.20242186730424555,0.039165009940357876,0.5615639496355201,,,0.010006626905235254
experiments/cikm2026_SOTA,ml1m,weighted_lightgcn,6,alpha_0.4_beta_0.0,0.4,none,,0.2614,0.3423436419732134,0.002599337748344371,0.3409149068505952,0.2832495635255042,0.22654978985000523,0.19496078215520546,0.14595412469538976,0.055742105371973966,0.19496078215520546,0.19830021669691422,0.6000000000000001,3.13881492591981,0.7092538345661294,0.14152726161544704,0.010403977898612736,0.20242186730424555,0.039165009940357876,0.5615639496355201,,,0.010006626905235254
experiments/cikm2026,ml1m,weighted_lightgcn,7,alpha_0.4_beta_0.0,0.4,none,,0.2595,0.33894132409241867,0.0019205298013245033,0.3365404285955704,0.27666015124973264,0.23084748016218404,0.19416462829757616,0.1423758002979942,0.05319625176780415,0.19416462829757616,-0.21180081888100194,-0.21081851067789195,3.1115987037033177,0.730842847973352,0.1498713699108028,0.007687078412527045,0.17260720098452564,0.02895957587806497,0.5591782637508282,,,0.007488402915838303
experiments/cikm2026,ml1m,weighted_lightgcn,7,alpha_0.4_beta_0.0,0.4,none,,0.2595,0.33894132409241867,0.0019205298013245033,0.3365404285955704,0.27666015124973264,0.23084748016218404,0.19416462829757616,0.1423758002979942,0.05319625176780415,0.19416462829757616,-0.21180081888100194,-0.21081851067789195,3.1115987037033177,0.730842847973352,0.1498713699108028,0.007687078412527045,0.17260720098452564,0.02895957587806497,0.5591782637508282,,,0.007488402915838303
experiments/cikm2026_SOTA,ml1m,weighted_lightgcn,7,alpha_0.4_beta_0.0,0.4,none,,0.2595,0.33894132409241867,0.0019205298013245033,0.3365404285955704,0.27666015124973264,0.23084748016218404,0.19416462829757616,0.1423758002979942,0.05319625176780415,0.19416462829757616,-0.21180081888100194,-0.21081851067789195,3.1115987037033177,0.730842847973352,0.1498713699108028,0.007687078412527045,0.17260720098452564,0.02895957587806497,0.5591782637508282,,,0.007488402915838303
experiments/cikm2026,ml1m,weighted_lightgcn,8,alpha_0.4_beta_0.0,0.4,none,,0.2636,0.3434777479334783,0.0018874172185430465,0.33816023061074735,0.2759340581921347,0.23161048909275977,0.20867776028708335,0.129482470323664,0.04937392562667452,0.20867776028708335,-0.019877935467624397,-0.19999999999999998,3.1478902310878802,0.7050846767432535,0.13947072740820252,0.007554364760663391,0.17023029036653098,0.03320079522862818,0.5650762094102054,,,0.007090788601722994
experiments/cikm2026,ml1m,weighted_lightgcn,8,alpha_0.4_beta_0.0,0.4,none,,0.2636,0.3434777479334783,0.0018874172185430465,0.33816023061074735,0.2759340581921347,0.23161048909275977,0.20867776028708335,0.129482470323664,0.04937392562667452,0.20867776028708335,-0.019877935467624397,-0.19999999999999998,3.1478902310878802,0.7050846767432535,0.13947072740820252,0.007554364760663391,0.17036274069765683,0.03320079522862818,0.5650762094102054,,,0.007090788601722994
experiments/cikm2026_SOTA,ml1m,weighted_lightgcn,8,alpha_0.4_beta_0.0,0.4,none,,0.2636,0.3434777479334783,0.0018874172185430465,0.33816023061074735,0.2759340581921347,0.23161048909275977,0.20867776028708335,0.129482470323664,0.04937392562667452,0.20867776028708335,-0.019877935467624397,-0.19999999999999998,3.1478902310878802,0.7050846767432535,0.13947072740820252,0.007554364760663391,0.17023029036653098,0.03320079522862818,0.5650762094102054,,,0.007090788601722994
experiments/cikm2026,ml1m,weighted_lightgcn,9,alpha_0.4_beta_0.0,0.4,none,,0.2591,0.3438419863440743,0.001970198675496689,0.343599334299402,0.27377074570456,0.23047491525610456,0.18867361475031216,0.15492571954908982,0.057303219751203685,0.18867361475031216,0.4950671990254392,0.7999999999999999,3.1508065933607403,0.6986541677380228,0.1426536166523895,0.007885622248846874,0.19182127879546673,0.03697813121272375,0.5657388999337308,,,0.007289595758780649
experiments/cikm2026,ml1m,weighted_lightgcn,9,alpha_0.4_beta_0.0,0.4,none,,0.2591,0.3438419863440743,0.001970198675496689,0.343599334299402,0.27377074570456,0.23047491525610456,0.18867361475031216,0.15492571954908982,0.057303219751203685,0.18867361475031216,0.4950671990254392,0.7999999999999999,3.1508065933607403,0.6986541677380228,0.1426536166523895,0.007885622248846874,0.19182127879546673,0.03697813121272375,0.5657388999337308,,,0.007289595758780649
experiments/cikm2026_SOTA,ml1m,weighted_lightgcn,9,alpha_0.4_beta_0.0,0.4,none,,0.2591,0.3438419863440743,0.001970198675496689,0.343599334299402,0.27377074570456,0.23047491525610456,0.18867361475031216,0.15492571954908982,0.057303219751203685,0.18867361475031216,0.4950671990254392,0.7999999999999999,3.1508065933607403,0.6986541677380228,0.1426536166523895,0.007885622248846874,0.19182127879546673,0.03697813121272375,0.5657388999337308,,,0.007289595758780649
experiments/cikm2026,ml1m,weighted_lightgcn,0,alpha_0.8,0.8,none,,0.2598,0.33525754925798157,0.005811258278145695,0.34211728445692824,0.27360402705617015,0.22583082705941876,0.19772472804563077,0.14439255641129747,0.054712724993110806,0.19772472804563077,0.7751134712554559,0.39999999999999997,3.0821178840761903,0.7165956159583391,0.17802803749525817,0.023258462470211835,0.30654153151692043,0.05593108018555337,0.5427435387673956,,,0.020278330019880712
experiments/cikm2026,ml1m,weighted_lightgcn,0,alpha_0.8_beta_0.0,0.8,none,,0.2598,0.33525754925798157,0.005811258278145695,0.34211728445692824,0.27360402705617015,0.22583082705941876,0.19772472804563077,0.14439255641129747,0.054712724993110806,0.19772472804563077,0.7751134712554559,0.39999999999999997,3.0821178840761903,0.7165956159583391,0.17802803749525817,0.023258462470211835,0.30654153151692043,0.05593108018555337,0.5427435387673956,,,0.020278330019880712
experiments/cikm2026_SOTA,ml1m,weighted_lightgcn,0,alpha_0.8_beta_0.0,0.8,none,,0.2598,0.33525754925798157,0.005811258278145695,0.34211728445692824,0.27360402705617015,0.22583082705941876,0.19772472804563077,0.14439255641129747,0.054712724993110806,0.19772472804563077,0.7751134712554559,0.39999999999999997,3.0821178840761903,0.7165956159583391,0.17802803749525817,0.023258462470211835,0.30654153151692043,0.05593108018555337,0.5427435387673956,,,0.020278330019880712
experiments/cikm2026,ml1m,weighted_lightgcn,1,alpha_0.8_beta_0.0,0.8,none,,0.2589,0.3313005956155975,0.006903973509933775,0.3356562338234282,0.2720178537796139,0.2305149654322649,0.19764562005012806,0.13801061377330012,0.05153007132037235,0.19764562005012806,0.18308248991398546,0.0,3.0504586508761125,0.7471291084203504,0.17477971357052932,0.02763252713300769,0.3400570901201342,0.06434724983432738,0.5312127236580516,,,0.02511597084161696
experiments/cikm2026,ml1m,weighted_lightgcn,1,alpha_0.8_beta_0.0,0.8,none,,0.2589,0.3313005956155975,0.006903973509933775,0.3356562338234282,0.2720178537796139,0.2305149654322649,0.19764562005012806,0.13801061377330012,0.05153007132037235,0.19764562005012806,0.18308248991398546,0.0,3.0504586508761125,0.7471291084203504,0.17477971357052932,0.02763252713300769,0.3400570901201342,0.06434724983432738,0.5312127236580516,,,0.02511597084161696
experiments/cikm2026_SOTA,ml1m,weighted_lightgcn,1,alpha_0.8_beta_0.0,0.8,none,,0.2589,0.3313005956155975,0.006903973509933775,0.3356562338234282,0.2720178537796139,0.2305149654322649,0.19764562005012806,0.13801061377330012,0.05153007132037235,0.19764562005012806,0.18308248991398546,0.0,3.0504586508761125,0.7471291084203504,0.17477971357052932,0.02763252713300769,0.3400570901201342,0.06434724983432738,0.5312127236580516,,,0.02511597084161696
experiments/cikm2026,ml1m,weighted_lightgcn,2,alpha_0.8_beta_0.0,0.8,none,,0.2587,0.33431384064871006,0.006804635761589404,0.3382228094565333,0.2756536042407388,0.225014226788156,0.1959937059863411,0.14222910347019221,0.054032653941475745,0.1959937059863411,0.053365344256947944,0.0,3.0745637383428472,0.7226915346934119,0.17551020912595497,0.027234517837785646,0.3106550412390742,0.062160371106693146,0.5355202120609674,,,0.024121935056328692
experiments/cikm2026,ml1m,weighted_lightgcn,2,alpha_0.8_beta_0.0,0.8,none,,0.2587,0.33431384064871006,0.006804635761589404,0.3382228094565333,0.2756536042407388,0.225014226788156,0.1959937059863411,0.14222910347019221,0.054032653941475745,0.1959937059863411,0.053365344256947944,0.0,3.0745637383428472,0.7226915346934119,0.17551020912595497,0.027234517837785646,0.3106550412390742,0.062160371106693146,0.5355202120609674,,,0.024121935056328692
experiments/cikm2026_SOTA,ml1m,weighted_lightgcn,2,alpha_0.8_beta_0.0,0.8,none,,0.2587,0.33431384064871006,0.006804635761589404,0.3382228094565333,0.2756536042407388,0.225014226788156,0.1959937059863411,0.14222910347019221,0.054032653941475745,0.1959937059863411,0.053365344256947944,0.0,3.0745637383428472,0.7226915346934119,0.17551020912595497,0.027234517837785646,0.3106550412390742,0.062160371106693146,0.5355202120609674,,,0.024121935056328692
experiments/cikm2026,ml1m,weighted_lightgcn,3,alpha_0.8_beta_0.0,0.8,none,,0.2618,0.33329562872818025,0.005927152317880794,0.3481140953606628,0.2791191647430103,0.22784447065586363,0.1923483985165947,0.1557656968440681,0.05858021565205055,0.1923483985165947,0.250016320587365,0.39999999999999997,3.066418828642182,0.7346817159086466,0.1751765828548359,0.023722872594334803,0.2964768007096149,0.05831676607024516,0.5318091451292246,,,0.021669980119284293
experiments/cikm2026,ml1m,weighted_lightgcn,3,alpha_0.8_beta_0.0,0.8,none,,0.2618,0.33329562872818025,0.005927152317880794,0.3481140953606628,0.2791191647430103,0.22784447065586363,0.1923483985165947,0.1557656968440681,0.05858021565205055,0.1923483985165947,0.250016320587365,0.39999999999999997,3.066418828642182,0.7346817159086466,0.1751765828548359,0.023722872594334803,0.2964768007096149,0.05831676607024516,0.5318091451292246,,,0.021669980119284293
experiments/cikm2026_SOTA,ml1m,weighted_lightgcn,3,alpha_0.8_beta_0.0,0.8,none,,0.2618,0.33329562872818025,0.005927152317880794,0.3481140953606628,0.2791191647430103,0.22784447065586363,0.1923483985165947,0.1557656968440681,0.05858021565205055,0.1923483985165947,0.24867699397101814,0.39999999999999997,3.066418828642182,0.7346817159086466,0.1751765828548359,0.023722872594334803,0.2964768007096149,0.05831676607024516,0.5318091451292246,,,0.021669980119284293
experiments/cikm2026,ml1m,weighted_lightgcn,4,alpha_0.8_beta_0.0,0.8,none,,0.2583,0.3363502644897697,0.006291390728476821,0.34152630060761807,0.26912081390900433,0.22582216890790016,0.19693075867649135,0.14459554193112673,0.05446257984924689,0.19693075867649135,-0.14522877260615635,0.39999999999999997,3.090866227375296,0.7114250975549455,0.17252810287379497,0.02518057219596329,0.3216415776114099,0.05997349237905891,0.546520874751491,,,0.022664015904572562
experiments/cikm2026,ml1m,weighted_lightgcn,4,alpha_0.8_beta_0.0,0.8,none,,0.2583,0.3363502644897697,0.006291390728476821,0.34152630060761807,0.2691163471218103,0.22582216890790016,0.19693075867649135,0.14459554193112673,0.05446235903937064,0.19693075867649135,-0.14503591655309306,0.39999999999999997,3.090866227375296,0.7114250975549455,0.17252810287379497,0.02518057219596329,0.3216415776114099,0.05997349237905891,0.546520874751491,,,0.022664015904572562
experiments/cikm2026_SOTA,ml1m,weighted_lightgcn,4,alpha_0.8_beta_0.0,0.8,none,,0.2583,0.3363502644897697,0.006291390728476821,0.34152630060761807,0.2691163471218103,0.22582216890790016,0.19693075867649135,0.14459554193112673,0.05446235903937064,0.19693075867649135,-0.14503591655309306,0.39999999999999997,3.090866227375296,0.7114250975549455,0.17252810287379497,0.02518057219596329,0.3216415776114099,0.05997349237905891,0.546520874751491,,,0.022664015904572562
experiments/cikm2026,ml1m,weighted_lightgcn,5,alpha_0.8_beta_0.0,0.8,none,,0.2576,0.33221119164208757,0.006009933774834437,0.3384051984500598,0.26532558089987124,0.23164430893160554,0.195098054136947,0.14330714431311278,0.05284258343146793,0.195098054136947,0.9080823109393846,0.19999999999999998,3.0577439021331676,0.7242778692056849,0.19392471310986323,0.024053515551283905,0.3028330968631201,0.05255135851557324,0.5322730284956925,,,0.020808482438701124
experiments/cikm2026,ml1m,weighted_lightgcn,5,alpha_0.8_beta_0.0,0.8,none,,0.2576,0.33221119164208757,0.006009933774834437,0.3384051984500598,0.26532558089987124,0.23164430893160554,0.195098054136947,0.14330714431311278,0.05284258343146793,0.195098054136947,0.9080823109393846,0.19999999999999998,3.0577439021331676,0.7242778692056849,0.19392471310986323,0.024053515551283905,0.3028330968631201,0.05255135851557324,0.5322730284956925,,,0.020808482438701124
experiments/cikm2026_SOTA,ml1m,weighted_lightgcn,5,alpha_0.8_beta_0.0,0.8,none,,0.2576,0.33221119164208757,0.006009933774834437,0.3384051984500598,0.26532558089987124,0.23164430893160554,0.195098054136947,0.14330714431311278,0.05284258343146793,0.195098054136947,0.9080823109393846,0.19999999999999998,3.0577439021331676,0.7242778692056849,0.19392471310986323,0.024053515551283905,0.3028330968631201,0.05255135851557324,0.5322730284956925,,,0.020808482438701124
experiments/cikm2026,ml1m,weighted_lightgcn,6,alpha_0.8_beta_0.0,0.8,none,,0.2609,0.33463668833082927,0.0063741721854304635,0.3393355781790865,0.2826965816507506,0.22557522320187495,0.19628546979714054,0.14305010838194596,0.05488644373710183,0.19628546979714054,-0.2745177840139307,-0.39999999999999997,3.077148714255462,0.727061913562955,0.17027736695027726,0.02551200523130532,0.32575429063294215,0.06176275679257792,0.5389662027833001,,,0.02312789927104042
experiments/cikm2026,ml1m,weighted_lightgcn,6,alpha_0.8_beta_0.0,0.8,none,,0.2609,0.33463668833082927,0.0063741721854304635,0.3393355781790865,0.2826965816507506,0.22557522320187495,0.19628546979714054,0.14305010838194596,0.05488644373710183,0.19628546979714054,-0.2745177840139307,-0.39999999999999997,3.077148714255462,0.727061913562955,0.17027736695027726,0.02551200523130532,0.32575429063294215,0.06176275679257792,0.5389662027833001,,,0.02312789927104042
experiments/cikm2026_SOTA,ml1m,weighted_lightgcn,6,alpha_0.8_beta_0.0,0.8,none,,0.2609,0.33463668833082927,0.0063741721854304635,0.3393355781790865,0.2826965816507506,0.22557522320187495,0.19628546979714054,0.14305010838194596,0.05488644373710183,0.19628546979714054,-0.2745177840139307,-0.39999999999999997,3.077148714255462,0.727061913562955,0.17027736695027726,0.02551200523130532,0.32575429063294215,0.06176275679257792,0.5389662027833001,,,0.02312789927104042
experiments/cikm2026,ml1m,weighted_lightgcn,7,alpha_0.8_beta_0.0,0.8,none,,0.2579,0.3300919863440743,0.006324503311258278,0.33387483196203643,0.2761391254861795,0.2286897072661138,0.19306793264416605,0.14080689931787038,0.05282345972193044,0.19306793264416605,-0.9045540731145543,-0.39999999999999997,3.0407922758111674,0.7467279853704736,0.18716667240447954,0.025313066413878753,0.31422005676882564,0.05593108018555326,0.53220675944334,,,0.022730284956925112
experiments/cikm2026,ml1m,weighted_lightgcn,7,alpha_0.8_beta_0.0,0.8,none,,0.2579,0.3300919863440743,0.006324503311258278,0.33387483196203643,0.2761391254861795,0.2286897072661138,0.19306793264416605,0.14080689931787038,0.05282345972193044,0.19306793264416605,-0.9045540731145543,-0.39999999999999997,3.0407922758111674,0.7467279853704736,0.18716667240447954,0.025313066413878753,0.31422005676882564,0.05593108018555326,0.53220675944334,,,0.022730284956925112
experiments/cikm2026_SOTA,ml1m,weighted_lightgcn,7,alpha_0.8_beta_0.0,0.8,none,,0.2579,0.3300919863440743,0.006324503311258278,0.33387483196203643,0.2761391254861795,0.2286897072661138,0.19306793264416605,0.14080689931787038,0.05282345972193044,0.19306793264416605,-0.9045540731145543,-0.39999999999999997,3.0407922758111674,0.7467279853704736,0.18716667240447954,0.025313066413878753,0.31422005676882564,0.05593108018555326,0.53220675944334,,,0.022730284956925112
experiments/cikm2026,ml1m,weighted_lightgcn,8,alpha_0.8_beta_0.0,0.8,none,,0.2622,0.336085363827518,0.005629139072847682,0.3389545706293361,0.2720198842716296,0.2315695236762103,0.20630775506899235,0.13264681556034374,0.05012450172759675,0.20630775506899235,0.6036331597635454,0.19999999999999998,3.0887414086344895,0.7197124126267678,0.16901636863688058,0.02252981010186124,0.28852793527331116,0.055599734923790556,0.542677269715043,,,0.02001325381047051
experiments/cikm2026,ml1m,weighted_lightgcn,8,alpha_0.8_beta_0.0,0.8,none,,0.2622,0.336085363827518,0.005629139072847682,0.3389545706293361,0.2720198842716296,0.2315695236762103,0.20630775506899235,0.13264681556034374,0.05012450172759675,0.20630775506899235,0.6036331597635454,0.19999999999999998,3.0887414086344895,0.7197124126267678,0.16901636863688058,0.02252981010186124,0.2886603856044371,0.055599734923790556,0.542677269715043,,,0.02001325381047051
experiments/cikm2026_SOTA,ml1m,weighted_lightgcn,8,alpha_0.8_beta_0.0,0.8,none,,0.2622,0.336085363827518,0.005629139072847682,0.3389545706293361,0.2720198842716296,0.2315695236762103,0.20630775506899235,0.13264681556034374,0.05012450172759675,0.20630775506899235,0.6036331597635454,0.19999999999999998,3.0887414086344895,0.7197124126267678,0.16901636863688058,0.02252981010186124,0.28852793527331116,0.055599734923790556,0.542677269715043,,,0.02001325381047051
experiments/cikm2026,ml1m,weighted_lightgcn,9,alpha_0.8_beta_0.0,0.8,none,,0.2602,0.3358287413109617,0.006109271523178808,0.34427055646036503,0.27406492525264653,0.23160638722892923,0.1908293330423148,0.15344122341805022,0.056767020650069104,0.1908293330423148,0.49630275245170447,0.39999999999999997,3.086687723757457,0.7093080857831578,0.17955257783929904,0.024451612620085224,0.32005901800203296,0.06401590457256467,0.5387011265738899,,,0.021935056328694497
experiments/cikm2026,ml1m,weighted_lightgcn,9,alpha_0.8_beta_0.0,0.8,none,,0.2602,0.3358287413109617,0.006109271523178808,0.34427055646036503,0.27406492525264653,0.23160638722892923,0.1908293330423148,0.15344122341805022,0.056767020650069104,0.1908293330423148,0.49630275245170447,0.39999999999999997,3.086687723757457,0.7093080857831578,0.17955257783929904,0.024451612620085224,0.32005901800203296,0.06401590457256467,0.5387011265738899,,,0.021935056328694497
experiments/cikm2026_SOTA,ml1m,weighted_lightgcn,9,alpha_0.8_beta_0.0,0.8,none,,0.2602,0.3358287413109617,0.006109271523178808,0.34427055646036503,0.27406492525264653,0.23160638722892923,0.1908293330423148,0.15344122341805022,0.056767020650069104,0.1908293330423148,0.49630275245170447,0.39999999999999997,3.086687723757457,0.7093080857831578,0.17955257783929904,0.024451612620085224,0.32005901800203296,0.06401590457256467,0.5387011265738899,,,0.021935056328694497
experiments/cikm2026,ml1m,weighted_neumf,0,alpha_0.0,0.0,none,,0.2315,0.3267145029003657,0.0018543046357615894,0.307707296518514,0.24694960318242823,0.19864484306437039,0.17270260253783923,0.13500469398067474,0.05143645973923301,0.17270260253783923,,,3.0137782417191366,0.7907677251169897,0.1880321186762458,0.007421914487627292,0.0,0.0,0.5370444002650762,,,0.007157057654075546
experiments/cikm2026,ml1m,weighted_neumf,0,alpha_0.0_beta_0.1,0.0,none,,0.2315,0.3267145029003657,0.0018543046357615894,0.307707296518514,0.24694960318242823,0.19864484306437039,0.17270260253783923,0.13500469398067474,0.05143645973923301,0.17270260253783923,,,3.0137782417191366,0.7907677251169897,0.1880321186762458,0.007421914487627292,0.0,0.0,0.5370444002650762,,,0.007157057654075546
experiments/cikm2026,ml1m,weighted_neumf,0,baseline,0.0,none,,0.2315,0.3267145029003657,0.0018543046357615894,0.307707296518514,0.24694960318242823,0.19864484306437039,0.17270260253783923,0.13500469398067474,0.05143645973923301,0.17270260253783923,,,3.0137782417191366,0.7907677251169897,0.1880321186762458,0.007421914487627292,,,0.5370444002650762,,,0.007157057654075546
experiments/cikm2026,ml1m,weighted_neumf,0,alpha_0.0_beta_0.5,0.0,none,,0.2315,0.3267145029003657,0.0018543046357615894,0.307707296518514,0.24694960318242823,0.19864484306437039,0.17270260253783923,0.13500469398067474,0.05143645973923301,0.17270260253783923,,,3.0137782417191366,0.7907677251169897,0.1880321186762458,0.007421914487627292,0.0,0.0,0.5370444002650762,,,0.007157057654075546
experiments/cikm2026,ml1m,weighted_neumf,0,alpha_0.0_beta_0.0,0.0,none,,0.2315,0.3267145029003657,0.0018543046357615894,0.307707296518514,0.24694960318242823,0.19864484306437039,0.17270260253783923,0.13500469398067474,0.05143645973923301,0.17270260253783923,,,3.0137782417191366,0.7907677251169897,0.1880321186762458,0.007421914487627292,0.0,0.0,0.5370444002650762,,,0.007157057654075546
experiments/cikm2026,ml1m,weighted_neumf,0,alpha_0.0_beta_0.3,0.0,none,,0.2315,0.3267145029003657,0.0018543046357615894,0.307707296518514,0.24694960318242823,0.19864484306437039,0.17270260253783923,0.13500469398067474,0.05143645973923301,0.17270260253783923,,,3.0137782417191366,0.7907677251169897,0.1880321186762458,0.007421914487627292,0.0,0.0,0.5370444002650762,,,0.007157057654075546
experiments/cikm2026,ml1m,weighted_neumf,0,baseline,0.0,none,,0.2315,0.3267145029003657,0.0018543046357615894,0.307707296518514,0.24694960318242823,0.19864484306437039,0.17270260253783923,0.13500469398067474,0.05143645973923301,0.17270260253783923,,,3.0137782417191366,0.7907677251169897,0.1880321186762458,0.007421914487627292,,,0.5370444002650762,,,0.007157057654075546
experiments/cikm2026_SOTA,ml1m,weighted_neumf,0,baseline,0.0,none,,0.2315,0.3267145029003657,0.0018543046357615894,0.307707296518514,0.24694960318242823,0.19864484306437039,0.17270260253783923,0.13500469398067474,0.05143645973923301,0.17270260253783923,,,3.0137782417191366,0.7907677251169897,0.1880321186762458,0.007421914487627292,,,0.5370444002650762,,,0.007157057654075546
experiments/cikm2026_SOTA,ml1m,weighted_neumf,0,baseline,0.0,none,,0.2315,0.3267145029003657,0.0018543046357615894,0.307707296518514,0.24694960318242823,0.19864484306437039,0.17270260253783923,0.13500469398067474,0.05143645973923301,0.17270260253783923,,,3.0137782417191366,0.7907677251169897,0.1880321186762458,0.007421914487627292,,,0.5370444002650762,,,0.007157057654075546
experiments/cikm2026_SOTA,ml1m,weighted_neumf,0,baseline,0.0,none,,0.2315,0.3267145029003657,0.0018543046357615894,0.307707296518514,0.24694960318242823,0.19864484306437039,0.17270260253783923,0.13500469398067474,0.05143645973923301,0.17270260253783923,,,3.0137782417191366,0.7907677251169897,0.1880321186762458,0.007421914487627292,,,0.5370444002650762,,,0.007157057654075546
experiments/cikm2026_SOTA,ml1m,weighted_neumf,0,baseline,0.0,none,,0.2315,0.3267145029003657,0.0018543046357615894,0.307707296518514,0.24694960318242823,0.19864484306437039,0.17270260253783923,0.13500469398067474,0.05143645973923301,0.17270260253783923,,,3.0137782417191366,0.7907677251169897,0.1880321186762458,0.007421914487627292,,,0.5370444002650762,,,0.007157057654075546
experiments/cikm2026_SOTA,ml1m,weighted_neumf,0,baseline,0.0,none,,0.2315,0.3267145029003657,0.0018543046357615894,0.307707296518514,0.24694960318242823,0.19864484306437039,0.17270260253783923,0.13500469398067474,0.05143645973923301,0.17270260253783923,,,3.0137782417191366,0.7907677251169897,0.1880321186762458,0.007421914487627292,,,0.5370444002650762,,,0.007157057654075546
experiments/cikm2026,ml1m,weighted_neumf,1,baseline,0.0,none,,0.2332,0.3415075492579816,0.003609271523178808,0.30562787911132955,0.24559085426119096,0.20433764790920284,0.1775156848516806,0.12811219425964895,0.0483039614282377,0.1775156848516806,,,3.1321372424490606,0.7058012607672614,0.1476154136086382,0.014446083175039549,,,0.5768721007289596,,,0.013916500994035784
experiments/cikm2026,ml1m,weighted_neumf,1,baseline,0.0,none,,0.2332,0.3415075492579816,0.003609271523178808,0.30562787911132955,0.24559085426119096,0.20433764790920284,0.1775156848516806,0.12811219425964895,0.0483039614282377,0.1775156848516806,,,3.1321372424490606,0.7058012607672614,0.1476154136086382,0.014446083175039549,,,0.5768721007289596,,,0.013916500994035784
experiments/cikm2026_SOTA,ml1m,weighted_neumf,1,baseline,0.0,none,,0.2332,0.3415075492579816,0.003609271523178808,0.30562787911132955,0.24559085426119096,0.20433764790920284,0.1775156848516806,0.12811219425964895,0.0483039614282377,0.1775156848516806,,,3.1321372424490606,0.7058012607672614,0.1476154136086382,0.014446083175039549,,,0.5768721007289596,,,0.013916500994035784
experiments/cikm2026_SOTA,ml1m,weighted_neumf,1,baseline,0.0,none,,0.2332,0.3415075492579816,0.003609271523178808,0.30562787911132955,0.24559085426119096,0.20433764790920284,0.1775156848516806,0.12811219425964895,0.0483039614282377,0.1775156848516806,,,3.1321372424490606,0.7058012607672614,0.1476154136086382,0.014446083175039549,,,0.5768721007289596,,,0.013916500994035784
experiments/cikm2026_SOTA,ml1m,weighted_neumf,1,baseline,0.0,none,,0.2332,0.3415075492579816,0.003609271523178808,0.30562787911132955,0.24559085426119096,0.20433764790920284,0.1775156848516806,0.12811219425964895,0.0483039614282377,0.1775156848516806,,,3.1321372424490606,0.7058012607672614,0.1476154136086382,0.014446083175039549,,,0.5768721007289596,,,0.013916500994035784
experiments/cikm2026_SOTA,ml1m,weighted_neumf,1,baseline,0.0,none,,0.2332,0.3415075492579816,0.003609271523178808,0.30562787911132955,0.24559085426119096,0.20433764790920284,0.1775156848516806,0.12811219425964895,0.0483039614282377,0.1775156848516806,,,3.1321372424490606,0.7058012607672614,0.1476154136086382,0.014446083175039549,,,0.5768721007289596,,,0.013916500994035784
experiments/cikm2026_SOTA,ml1m,weighted_neumf,1,baseline,0.0,none,,0.2332,0.3415075492579816,0.003609271523178808,0.30562787911132955,0.24559085426119096,0.20433764790920284,0.1775156848516806,0.12811219425964895,0.0483039614282377,0.1775156848516806,,,3.1321372424490606,0.7058012607672614,0.1476154136086382,0.014446083175039549,,,0.5768721007289596,,,0.013916500994035784
experiments/cikm2026,ml1m,weighted_neumf,2,baseline,0.0,none,,0.2373,0.3356880128341405,0.0012417218543046358,0.31987326539125727,0.250025596861375,0.20668834997092425,0.1727201499028293,0.14715311548842797,0.05497252097019098,0.1727201499028293,,,3.085577255854543,0.7728328112068817,0.1366200612196608,0.004969871718913889,,,0.5613651424784625,,,0.004506295559973492
experiments/cikm2026,ml1m,weighted_neumf,2,baseline,0.0,none,,0.2373,0.3356880128341405,0.0012417218543046358,0.31987326539125727,0.250025596861375,0.20668834997092425,0.1727201499028293,0.14715311548842797,0.05497252097019098,0.1727201499028293,,,3.085577255854543,0.7728328112068817,0.1366200612196608,0.004969871718913889,,,0.5613651424784625,,,0.004506295559973492
experiments/cikm2026_SOTA,ml1m,weighted_neumf,2,baseline,0.0,none,,0.2373,0.3356880128341405,0.0012417218543046358,0.31987326539125727,0.250025596861375,0.20668834997092425,0.1727201499028293,0.14715311548842797,0.05497252097019098,0.1727201499028293,,,3.085577255854543,0.7728328112068817,0.1366200612196608,0.004969871718913889,,,0.5613651424784625,,,0.004506295559973492
experiments/cikm2026_SOTA,ml1m,weighted_neumf,2,baseline,0.0,none,,0.2373,0.3356880128341405,0.0012417218543046358,0.31987326539125727,0.250025596861375,0.20668834997092425,0.1727201499028293,0.14715311548842797,0.05497252097019098,0.1727201499028293,,,3.085577255854543,0.7728328112068817,0.1366200612196608,0.004969871718913889,,,0.5613651424784625,,,0.004506295559973492
experiments/cikm2026_SOTA,ml1m,weighted_neumf,2,baseline,0.0,none,,0.2373,0.3356880128341405,0.0012417218543046358,0.31987326539125727,0.250025596861375,0.20668834997092425,0.1727201499028293,0.14715311548842797,0.05497252097019098,0.1727201499028293,,,3.085577255854543,0.7728328112068817,0.1366200612196608,0.004969871718913889,,,0.5613651424784625,,,0.004506295559973492
experiments/cikm2026_SOTA,ml1m,weighted_neumf,2,baseline,0.0,none,,0.2373,0.3356880128341405,0.0012417218543046358,0.31987326539125727,0.250025596861375,0.20668834997092425,0.1727201499028293,0.14715311548842797,0.05497252097019098,0.1727201499028293,,,3.085577255854543,0.7728328112068817,0.1366200612196608,0.004969871718913889,,,0.5613651424784625,,,0.004506295559973492
experiments/cikm2026_SOTA,ml1m,weighted_neumf,2,baseline,0.0,none,,0.2373,0.3356880128341405,0.0012417218543046358,0.31987326539125727,0.250025596861375,0.20668834997092425,0.1727201499028293,0.14715311548842797,0.05497252097019098,0.1727201499028293,,,3.085577255854543,0.7728328112068817,0.1366200612196608,0.004969871718913889,,,0.5613651424784625,,,0.004506295559973492
experiments/cikm2026,ml1m,weighted_neumf,3,baseline,0.0,none,,0.2387,0.3297525823705644,0.0014735099337748344,0.32234181079902996,0.2521035631822544,0.20806862982872865,0.1722908161051329,0.15005099469389707,0.055955492487478935,0.1722908161051329,,,3.038083582980475,0.7908443038471643,0.1651743430601417,0.00589777011221852,,,0.5418820410868124,,,0.0056328694499668645
experiments/cikm2026,ml1m,weighted_neumf,3,baseline,0.0,none,,0.2387,0.3297525823705644,0.0014735099337748344,0.32234181079902996,0.2521035631822544,0.20806862982872865,0.1722908161051329,0.15005099469389707,0.055955492487478935,0.1722908161051329,,,3.038083582980475,0.7908443038471643,0.1651743430601417,0.00589777011221852,,,0.5418820410868124,,,0.0056328694499668645
experiments/cikm2026_SOTA,ml1m,weighted_neumf,3,baseline,0.0,none,,0.2387,0.3297525823705644,0.0014735099337748344,0.32234181079902996,0.2521035631822544,0.20806862982872865,0.1722908161051329,0.15005099469389707,0.055955492487478935,0.1722908161051329,,,3.038083582980475,0.7908443038471643,0.1651743430601417,0.00589777011221852,,,0.5418820410868124,,,0.0056328694499668645
experiments/cikm2026_SOTA,ml1m,weighted_neumf,3,baseline,0.0,none,,0.2387,0.3297525823705644,0.0014735099337748344,0.32234181079902996,0.2521035631822544,0.20806862982872865,0.1722908161051329,0.15005099469389707,0.055955492487478935,0.1722908161051329,,,3.038083582980475,0.7908443038471643,0.1651743430601417,0.00589777011221852,,,0.5418820410868124,,,0.0056328694499668645
experiments/cikm2026_SOTA,ml1m,weighted_neumf,3,baseline,0.0,none,,0.2387,0.3297525823705644,0.0014735099337748344,0.32234181079902996,0.2521035631822544,0.20806862982872865,0.1722908161051329,0.15005099469389707,0.055955492487478935,0.1722908161051329,,,3.038083582980475,0.7908443038471643,0.1651743430601417,0.00589777011221852,,,0.5418820410868124,,,0.0056328694499668645
experiments/cikm2026_SOTA,ml1m,weighted_neumf,3,baseline,0.0,none,,0.2387,0.3297525823705644,0.0014735099337748344,0.32234181079902996,0.2521035631822544,0.20806862982872865,0.1722908161051329,0.15005099469389707,0.055955492487478935,0.1722908161051329,,,3.038083582980475,0.7908443038471643,0.1651743430601417,0.00589777011221852,,,0.5418820410868124,,,0.0056328694499668645
experiments/cikm2026_SOTA,ml1m,weighted_neumf,3,baseline,0.0,none,,0.2387,0.3297525823705644,0.0014735099337748344,0.32234181079902996,0.2521035631822544,0.20806862982872865,0.1722908161051329,0.15005099469389707,0.055955492487478935,0.1722908161051329,,,3.038083582980475,0.7908443038471643,0.1651743430601417,0.00589777011221852,,,0.5418820410868124,,,0.0056328694499668645
experiments/cikm2026,ml1m,weighted_neumf,4,baseline,0.0,none,,0.2322,0.3434777479334783,0.000695364238410596,0.3108650319230105,0.2431180587744875,0.20180153616012447,0.17310711018890027,0.13775792173411025,0.05177698663735897,0.17310711018890027,,,3.1478976898089774,0.7193209829807871,0.1299981147850066,0.0027832124252278817,,,0.5740225314777998,,,0.002650762094102054
experiments/cikm2026,ml1m,weighted_neumf,4,baseline,0.0,none,,0.2322,0.3434777479334783,0.000695364238410596,0.3108650319230105,0.2431180587744875,0.20180153616012447,0.17310711018890027,0.13775792173411025,0.05177698663735897,0.17310711018890027,,,3.1478976898089774,0.7193209829807871,0.1299981147850066,0.0027832124252278817,,,0.5740225314777998,,,0.002650762094102054
experiments/cikm2026_SOTA,ml1m,weighted_neumf,4,baseline,0.0,none,,0.2322,0.3434777479334783,0.000695364238410596,0.3108650319230105,0.2431180587744875,0.20180153616012447,0.17310711018890027,0.13775792173411025,0.05177698663735897,0.17310711018890027,,,3.1478976898089774,0.7193209829807871,0.1299981147850066,0.0027832124252278817,,,0.5740225314777998,,,0.002650762094102054
experiments/cikm2026_SOTA,ml1m,weighted_neumf,4,baseline,0.0,none,,0.2322,0.3434777479334783,0.000695364238410596,0.3108650319230105,0.2431180587744875,0.20180153616012447,0.17310711018890027,0.13775792173411025,0.05177698663735897,0.17310711018890027,,,3.1478976898089774,0.7193209829807871,0.1299981147850066,0.0027832124252278817,,,0.5740225314777998,,,0.002650762094102054
experiments/cikm2026_SOTA,ml1m,weighted_neumf,4,baseline,0.0,none,,0.2322,0.3434777479334783,0.000695364238410596,0.3108650319230105,0.2431180587744875,0.20180153616012447,0.17310711018890027,0.13775792173411025,0.05177698663735897,0.17310711018890027,,,3.1478976898089774,0.7193209829807871,0.1299981147850066,0.0027832124252278817,,,0.5740225314777998,,,0.002650762094102054
experiments/cikm2026_SOTA,ml1m,weighted_neumf,4,baseline,0.0,none,,0.2322,0.3434777479334783,0.000695364238410596,0.3108650319230105,0.2431180587744875,0.20180153616012447,0.17310711018890027,0.13775792173411025,0.05177698663735897,0.17310711018890027,,,3.1478976898089774,0.7193209829807871,0.1299981147850066,0.0027832124252278817,,,0.5740225314777998,,,0.002650762094102054
experiments/cikm2026_SOTA,ml1m,weighted_neumf,4,baseline,0.0,none,,0.2322,0.3434777479334783,0.000695364238410596,0.3108650319230105,0.2431180587744875,0.20180153616012447,0.17310711018890027,0.13775792173411025,0.05177698663735897,0.17310711018890027,,,3.1478976898089774,0.7193209829807871,0.1299981147850066,0.0027832124252278817,,,0.5740225314777998,,,0.002650762094102054
experiments/cikm2026,ml1m,weighted_neumf,5,baseline,0.0,none,,0.2327,0.3659198009136107,0.00019867549668874172,0.307752415809195,0.24277021966075885,0.20870147420540225,0.17146997749709278,0.1362824383121022,0.05014807208271065,0.17146997749709278,,,3.3274637562864733,0.5723513036782889,0.09938971140700642,0.0007952286282306162,,,0.6404903909874088,,,0.0007952286282306162
experiments/cikm2026,ml1m,weighted_neumf,5,baseline,0.0,none,,0.2327,0.3659198009136107,0.00019867549668874172,0.307752415809195,0.24277021966075885,0.20870147420540225,0.17146997749709278,0.1362824383121022,0.05014807208271065,0.17146997749709278,,,3.3274637562864733,0.5723513036782889,0.09938971140700642,0.0007952286282306162,,,0.6404903909874088,,,0.0007952286282306162
experiments/cikm2026_SOTA,ml1m,weighted_neumf,5,baseline,0.0,none,,0.2327,0.3659198009136107,0.00019867549668874172,0.307752415809195,0.24277021966075885,0.20870147420540225,0.17146997749709278,0.1362824383121022,0.05014807208271065,0.17146997749709278,,,3.3274637562864733,0.5723513036782889,0.09938971140700642,0.0007952286282306162,,,0.6404903909874088,,,0.0007952286282306162
experiments/cikm2026_SOTA,ml1m,weighted_neumf,5,baseline,0.0,none,,0.2327,0.3659198009136107,0.00019867549668874172,0.307752415809195,0.24277021966075885,0.20870147420540225,0.17146997749709278,0.1362824383121022,0.05014807208271065,0.17146997749709278,,,3.3274637562864733,0.5723513036782889,0.09938971140700642,0.0007952286282306162,,,0.6404903909874088,,,0.0007952286282306162
experiments/cikm2026_SOTA,ml1m,weighted_neumf,5,baseline,0.0,none,,0.2327,0.3659198009136107,0.00019867549668874172,0.307752415809195,0.24277021966075885,0.20870147420540225,0.17146997749709278,0.1362824383121022,0.05014807208271065,0.17146997749709278,,,3.3274637562864733,0.5723513036782889,0.09938971140700642,0.0007952286282306162,,,0.6404903909874088,,,0.0007952286282306162
experiments/cikm2026_SOTA,ml1m,weighted_neumf,5,baseline,0.0,none,,0.2327,0.3659198009136107,0.00019867549668874172,0.307752415809195,0.24277021966075885,0.20870147420540225,0.17146997749709278,0.1362824383121022,0.05014807208271065,0.17146997749709278,,,3.3274637562864733,0.5723513036782889,0.09938971140700642,0.0007952286282306162,,,0.6404903909874088,,,0.0007952286282306162
experiments/cikm2026_SOTA,ml1m,weighted_neumf,5,baseline,0.0,none,,0.2327,0.3659198009136107,0.00019867549668874172,0.307752415809195,0.24277021966075885,0.20870147420540225,0.17146997749709278,0.1362824383121022,0.05014807208271065,0.17146997749709278,,,3.3274637562864733,0.5723513036782889,0.09938971140700642,0.0007952286282306162,,,0.6404903909874088,,,0.0007952286282306162
experiments/cikm2026,ml1m,weighted_neumf,6,baseline,0.0,none,,0.2344,0.3548436419732134,0.0011589403973509935,0.3077126238796746,0.25405777453998785,0.20372651258873894,0.1722742579906476,0.13543836588902697,0.05138490110300512,0.1722742579906476,,,3.238840435413997,0.6157220774969894,0.14079874119791397,0.004638745891099319,,,0.6129224652087475,,,0.004506295559973492
experiments/cikm2026,ml1m,weighted_neumf,6,baseline,0.0,none,,0.2344,0.3548436419732134,0.0011589403973509935,0.3077126238796746,0.25405777453998785,0.20372651258873894,0.1722742579906476,0.13543836588902697,0.05138490110300512,0.1722742579906476,,,3.238840435413997,0.6157220774969894,0.14079874119791397,0.004638745891099319,,,0.6129224652087475,,,0.004506295559973492
experiments/cikm2026_SOTA,ml1m,weighted_neumf,6,baseline,0.0,none,,0.2344,0.3548436419732134,0.0011589403973509935,0.3077126238796746,0.25405777453998785,0.20372651258873894,0.1722742579906476,0.13543836588902697,0.05138490110300512,0.1722742579906476,,,3.238840435413997,0.6157220774969894,0.14079874119791397,0.004638745891099319,,,0.6129224652087475,,,0.004506295559973492
experiments/cikm2026_SOTA,ml1m,weighted_neumf,6,baseline,0.0,none,,0.2344,0.3548436419732134,0.0011589403973509935,0.3077126238796746,0.25405777453998785,0.20372651258873894,0.1722742579906476,0.13543836588902697,0.05138490110300512,0.1722742579906476,,,3.238840435413997,0.6157220774969894,0.14079874119791397,0.004638745891099319,,,0.6129224652087475,,,0.004506295559973492
experiments/cikm2026_SOTA,ml1m,weighted_neumf,6,baseline,0.0,none,,0.2344,0.3548436419732134,0.0011589403973509935,0.3077126238796746,0.25405777453998785,0.20372651258873894,0.1722742579906476,0.13543836588902697,0.05138490110300512,0.1722742579906476,,,3.238840435413997,0.6157220774969894,0.14079874119791397,0.004638745891099319,,,0.6129224652087475,,,0.004506295559973492
experiments/cikm2026_SOTA,ml1m,weighted_neumf,6,baseline,0.0,none,,0.2344,0.3548436419732134,0.0011589403973509935,0.3077126238796746,0.25405777453998785,0.20372651258873894,0.1722742579906476,0.13543836588902697,0.05138490110300512,0.1722742579906476,,,3.238840435413997,0.6157220774969894,0.14079874119791397,0.004638745891099319,,,0.6129224652087475,,,0.004506295559973492
experiments/cikm2026_SOTA,ml1m,weighted_neumf,6,baseline,0.0,none,,0.2344,0.3548436419732134,0.0011589403973509935,0.3077126238796746,0.25405777453998785,0.20372651258873894,0.1722742579906476,0.13543836588902697,0.05138490110300512,0.1722742579906476,,,3.238840435413997,0.6157220774969894,0.14079874119791397,0.004638745891099319,,,0.6129224652087475,,,0.004506295559973492
experiments/cikm2026,ml1m,weighted_neumf,7,baseline,0.0,none,,0.2347,0.3262509267414253,0.003344370860927152,0.3034608650668427,0.25172337940008926,0.20952517403792392,0.17418284980277193,0.1292780152640708,0.04825439672401487,0.17418284980277193,,,3.0100520014018555,0.7980732842816116,0.1784890240431613,0.01338569027337081,,,0.5234592445328031,,,0.012392312789927102
experiments/cikm2026,ml1m,weighted_neumf,7,baseline,0.0,none,,0.2347,0.3262509267414253,0.003344370860927152,0.3034608650668427,0.25172337940008926,0.20952517403792392,0.17418284980277193,0.1292780152640708,0.04825439672401487,0.17418284980277193,,,3.0100520014018555,0.7980732842816116,0.1784890240431613,0.01338569027337081,,,0.5234592445328031,,,0.012392312789927102
experiments/cikm2026_SOTA,ml1m,weighted_neumf,7,baseline,0.0,none,,0.2347,0.3262509267414253,0.003344370860927152,0.3034608650668427,0.25172337940008926,0.20952517403792392,0.17418284980277193,0.1292780152640708,0.04825439672401487,0.17418284980277193,,,3.0100520014018555,0.7980732842816116,0.1784890240431613,0.01338569027337081,,,0.5234592445328031,,,0.012392312789927102
experiments/cikm2026_SOTA,ml1m,weighted_neumf,7,baseline,0.0,none,,0.2347,0.3262509267414253,0.003344370860927152,0.3034608650668427,0.25172337940008926,0.20952517403792392,0.17418284980277193,0.1292780152640708,0.04825439672401487,0.17418284980277193,,,3.0100520014018555,0.7980732842816116,0.1784890240431613,0.01338569027337081,,,0.5234592445328031,,,0.012392312789927102
experiments/cikm2026_SOTA,ml1m,weighted_neumf,7,baseline,0.0,none,,0.2347,0.3262509267414253,0.003344370860927152,0.3034608650668427,0.25172337940008926,0.20952517403792392,0.17418284980277193,0.1292780152640708,0.04825439672401487,0.17418284980277193,,,3.0100520014018555,0.7980732842816116,0.1784890240431613,0.01338569027337081,,,0.5234592445328031,,,0.012392312789927102
experiments/cikm2026_SOTA,ml1m,weighted_neumf,7,baseline,0.0,none,,0.2347,0.3262509267414253,0.003344370860927152,0.3034608650668427,0.25172337940008926,0.20952517403792392,0.17418284980277193,0.1292780152640708,0.04825439672401487,0.17418284980277193,,,3.0100520014018555,0.7980732842816116,0.1784890240431613,0.01338569027337081,,,0.5234592445328031,,,0.012392312789927102
experiments/cikm2026_SOTA,ml1m,weighted_neumf,7,baseline,0.0,none,,0.2347,0.3262509267414253,0.003344370860927152,0.3034608650668427,0.25172337940008926,0.20952517403792392,0.17418284980277193,0.1292780152640708,0.04825439672401487,0.17418284980277193,,,3.0100520014018555,0.7980732842816116,0.1784890240431613,0.01338569027337081,,,0.5234592445328031,,,0.012392312789927102
experiments/cikm2026,ml1m,weighted_neumf,8,baseline,0.0,none,,0.2358,0.37730225124473654,0.0004470198675496689,0.3078876896656383,0.24539998221464554,0.20706207772817067,0.18307818825729075,0.12480950140834754,0.04715463731402406,0.18307818825729075,,,3.418536445215175,0.48988915968674285,0.08978513068456312,0.0017892644135188865,,,0.6693836978131212,,,0.0017892644135188865
experiments/cikm2026,ml1m,weighted_neumf,8,baseline,0.0,none,,0.2358,0.37730225124473654,0.0004470198675496689,0.3078876896656383,0.24539998221464554,0.20706207772817067,0.18307818825729075,0.12480950140834754,0.04715463731402406,0.18307818825729075,,,3.418536445215175,0.48988915968674285,0.08978513068456312,0.0017892644135188865,,,0.6693836978131212,,,0.0017892644135188865
experiments/cikm2026_SOTA,ml1m,weighted_neumf,8,baseline,0.0,none,,0.2358,0.37730225124473654,0.0004470198675496689,0.3078876896656383,0.24539998221464554,0.20706207772817067,0.18307818825729075,0.12480950140834754,0.04715463731402406,0.18307818825729075,,,3.418536445215175,0.48988915968674285,0.08978513068456312,0.0017892644135188865,,,0.6693836978131212,,,0.0017892644135188865
experiments/cikm2026_SOTA,ml1m,weighted_neumf,8,baseline,0.0,none,,0.2358,0.37730225124473654,0.0004470198675496689,0.3078876896656383,0.24539998221464554,0.20706207772817067,0.18307818825729075,0.12480950140834754,0.04715463731402406,0.18307818825729075,,,3.418536445215175,0.48988915968674285,0.08978513068456312,0.0017892644135188865,,,0.6693836978131212,,,0.0017892644135188865
experiments/cikm2026_SOTA,ml1m,weighted_neumf,8,baseline,0.0,none,,0.2358,0.37730225124473654,0.0004470198675496689,0.3078876896656383,0.24539998221464554,0.20706207772817067,0.18307818825729075,0.12480950140834754,0.04715463731402406,0.18307818825729075,,,3.418536445215175,0.48988915968674285,0.08978513068456312,0.0017892644135188865,,,0.6693836978131212,,,0.0017892644135188865
experiments/cikm2026_SOTA,ml1m,weighted_neumf,8,baseline,0.0,none,,0.2358,0.37730225124473654,0.0004470198675496689,0.3078876896656383,0.24539998221464554,0.20706207772817067,0.18307818825729075,0.12480950140834754,0.04715463731402406,0.18307818825729075,,,3.418536445215175,0.48988915968674285,0.08978513068456312,0.0017892644135188865,,,0.6693836978131212,,,0.0017892644135188865
experiments/cikm2026_SOTA,ml1m,weighted_neumf,8,baseline,0.0,none,,0.2358,0.37730225124473654,0.0004470198675496689,0.3078876896656383,0.24539998221464554,0.20706207772817067,0.18307818825729075,0.12480950140834754,0.04715463731402406,0.18307818825729075,,,3.418536445215175,0.48988915968674285,0.08978513068456312,0.0017892644135188865,,,0.6693836978131212,,,0.0017892644135188865
experiments/cikm2026,ml1m,weighted_neumf,9,baseline,0.0,none,,0.2318,0.3497111916420875,0.0004966887417218543,0.3118076872359867,0.2420752699502062,0.20556080923864062,0.16780645148905696,0.14400123574692972,0.053128335052434084,0.16780645148905696,,,3.1977771393619827,0.6860035748592989,0.11423121420814103,0.0019880715705765406,,,0.5994698475811795,,,0.0019880715705765406
experiments/cikm2026,ml1m,weighted_neumf,9,baseline,0.0,none,,0.2318,0.3497111916420875,0.0004966887417218543,0.3118076872359867,0.2420752699502062,0.20556080923864062,0.16780645148905696,0.14400123574692972,0.053128335052434084,0.16780645148905696,,,3.1977771393619827,0.6860035748592989,0.11423121420814103,0.0019880715705765406,,,0.5994698475811795,,,0.0019880715705765406
experiments/cikm2026_SOTA,ml1m,weighted_neumf,9,baseline,0.0,none,,0.2318,0.3497111916420875,0.0004966887417218543,0.3118076872359867,0.2420752699502062,0.20556080923864062,0.16780645148905696,0.14400123574692972,0.053128335052434084,0.16780645148905696,,,3.1977771393619827,0.6860035748592989,0.11423121420814103,0.0019880715705765406,,,0.5994698475811795,,,0.0019880715705765406
experiments/cikm2026_SOTA,ml1m,weighted_neumf,9,baseline,0.0,none,,0.2318,0.3497111916420875,0.0004966887417218543,0.3118076872359867,0.2420752699502062,0.20556080923864062,0.16780645148905696,0.14400123574692972,0.053128335052434084,0.16780645148905696,,,3.1977771393619827,0.6860035748592989,0.11423121420814103,0.0019880715705765406,,,0.5994698475811795,,,0.0019880715705765406
experiments/cikm2026_SOTA,ml1m,weighted_neumf,9,baseline,0.0,none,,0.2318,0.3497111916420875,0.0004966887417218543,0.3118076872359867,0.2420752699502062,0.20556080923864062,0.16780645148905696,0.14400123574692972,0.053128335052434084,0.16780645148905696,,,3.1977771393619827,0.6860035748592989,0.11423121420814103,0.0019880715705765406,,,0.5994698475811795,,,0.0019880715705765406
experiments/cikm2026_SOTA,ml1m,weighted_neumf,9,baseline,0.0,none,,0.2318,0.3497111916420875,0.0004966887417218543,0.3118076872359867,0.2420752699502062,0.20556080923864062,0.16780645148905696,0.14400123574692972,0.053128335052434084,0.16780645148905696,,,3.1977771393619827,0.6860035748592989,0.11423121420814103,0.0019880715705765406,,,0.5994698475811795,,,0.0019880715705765406
experiments/cikm2026_SOTA,ml1m,weighted_neumf,9,baseline,0.0,none,,0.2318,0.3497111916420875,0.0004966887417218543,0.3118076872359867,0.2420752699502062,0.20556080923864062,0.16780645148905696,0.14400123574692972,0.053128335052434084,0.16780645148905696,,,3.1977771393619827,0.6860035748592989,0.11423121420814103,0.0019880715705765406,,,0.5994698475811795,,,0.0019880715705765406
experiments/cikm2026,ml1m,weighted_neumf,0,alpha_0.1,0.1,none,,0.2257,0.34072112541692195,0.0009271523178807947,0.29881533214049416,0.24215686053489982,0.1901797726037761,0.17178263914773662,0.12703269299275755,0.049460701265359716,0.17178263914773662,0.5601354794417757,0.7745966692414834,3.1258287861492846,0.7111772117807048,0.15928315451412559,0.0037108475558844164,0.22410108886029567,0.035695364238410576,0.5583830351225977,,,0.00344599072233267
experiments/cikm2026,ml1m,weighted_neumf,0,alpha_0.1_beta_0.3,0.1,none,,0.2257,0.34072112541692195,0.0009271523178807947,0.29881533214049416,0.24215686053489982,0.1901797726037761,0.17178263914773662,0.12703269299275755,0.049460701265359716,0.17178263914773662,0.5601354794417757,0.7745966692414834,3.1258287861492846,0.7111772117807048,0.15928315451412559,0.0037108475558844164,0.22410108886029567,0.035695364238410576,0.5583830351225977,,,0.00344599072233267
experiments/cikm2026,ml1m,weighted_neumf,0,alpha_0.1_beta_0.0,0.1,none,,0.2257,0.34072112541692195,0.0009271523178807947,0.29881533214049416,0.24215686053489982,0.1901797726037761,0.17178263914773662,0.12703269299275755,0.049460701265359716,0.17178263914773662,0.5601354794417757,0.7745966692414834,3.1258287861492846,0.7111772117807048,0.15928315451412559,0.0037108475558844164,0.22410108886029567,0.035695364238410576,0.5583830351225977,,,0.00344599072233267
experiments/cikm2026,ml1m,weighted_neumf,0,alpha_0.1_beta_0.1,0.1,none,,0.2257,0.34072112541692195,0.0009271523178807947,0.29881533214049416,0.24215686053489982,0.1901797726037761,0.17178263914773662,0.12703269299275755,0.049460701265359716,0.17178263914773662,0.5601354794417757,0.7745966692414834,3.1258287861492846,0.7111772117807048,0.15928315451412559,0.0037108475558844164,0.22410108886029567,0.035695364238410576,0.5583830351225977,,,0.00344599072233267
experiments/cikm2026,ml1m,weighted_neumf,0,alpha_0.1_beta_0.5,0.1,none,,0.2257,0.34072112541692195,0.0009271523178807947,0.29881533214049416,0.24215686053489982,0.1901797726037761,0.17178263914773662,0.12703269299275755,0.049460701265359716,0.17178263914773662,0.5601354794417757,0.7745966692414834,3.1258287861492846,0.7111772117807048,0.15928315451412559,0.0037108475558844164,0.22410108886029567,0.035695364238410576,0.5583830351225977,,,0.00344599072233267
experiments/cikm2026,ml1m,weighted_neumf,0,alpha_0.1_beta_0.0,0.1,none,,0.2257,0.34072112541692195,0.0009271523178807947,0.29881533214049416,0.24215686053489982,0.1901797726037761,0.17178263914773662,0.12703269299275755,0.049460701265359716,0.17178263914773662,0.5601354794417757,0.7745966692414834,3.1258287861492846,0.7111772117807048,0.15928315451412559,0.0037108475558844164,0.22410108886029567,0.035695364238410576,0.5583830351225977,,,0.00344599072233267
experiments/cikm2026_SOTA,ml1m,weighted_neumf,0,alpha_0.1_beta_0.0,0.1,none,,0.2257,0.34072112541692195,0.0009271523178807947,0.29881533214049416,0.24215686053489982,0.1901797726037761,0.17178263914773662,0.12703269299275755,0.049460701265359716,0.17178263914773662,0.5601354794417757,0.7745966692414834,3.1258287861492846,0.7111772117807048,0.15928315451412559,0.0037108475558844164,0.22410108886029567,0.035695364238410576,0.5583830351225977,,,0.00344599072233267
experiments/cikm2026,ml1m,weighted_neumf,1,alpha_0.1_beta_0.0,0.1,none,,0.2269,0.3636350327016902,0.002963576158940397,0.2968208372927887,0.24000089577455547,0.20383428049695085,0.16701278154938842,0.12980805574340026,0.047903711037280534,0.16701278154938842,0.4699192837239071,0.7378647873726218,3.30915950538676,0.5650734193024713,0.11390495882645085,0.011862116484317054,0.35404452587539986,0.06509933774834431,0.6095427435387674,,,0.01179589131875414
experiments/cikm2026,ml1m,weighted_neumf,1,alpha_0.1_beta_0.0,0.1,none,,0.2269,0.3636350327016902,0.002963576158940397,0.2968208372927887,0.24000089577455547,0.20383428049695085,0.16701278154938842,0.12980805574340026,0.047903711037280534,0.16701278154938842,0.4699192837239071,0.7378647873726218,3.30915950538676,0.5650734193024713,0.11390495882645085,0.011862116484317054,0.35404452587539986,0.06509933774834431,0.6095427435387674,,,0.01179589131875414
experiments/cikm2026_SOTA,ml1m,weighted_neumf,1,alpha_0.1_beta_0.0,0.1,none,,0.2269,0.3636350327016902,0.002963576158940397,0.2968208372927887,0.24000089577455547,0.20383428049695085,0.16701278154938842,0.12980805574340026,0.047903711037280534,0.16701278154938842,0.4699192837239071,0.7378647873726218,3.30915950538676,0.5650734193024713,0.11390495882645085,0.011862116484317054,0.35404452587539986,0.06509933774834431,0.6095427435387674,,,0.01179589131875414
experiments/cikm2026,ml1m,weighted_neumf,2,alpha_0.1_beta_0.0,0.1,none,,0.2319,0.3241608389890613,0.002731788079470199,0.3086020245800757,0.24551599051349024,0.20195822636497218,0.17157581816582892,0.13702620641424676,0.051488134111580146,0.17157581816582892,-0.940424011198179,-0.7999999999999999,2.9583914449758595,0.8346926519099178,0.1959822116646852,0.010933691449536773,0.25437162175736705,0.058979456593770685,0.5023856858846918,,,0.00987408880053015
experiments/cikm2026,ml1m,weighted_neumf,2,alpha_0.1_beta_0.0,0.1,none,,0.2319,0.3241608389890613,0.002731788079470199,0.3086020245800757,0.24551599051349024,0.20195822636497218,0.17157581816582892,0.13702620641424676,0.051488134111580146,0.17157581816582892,-0.940424011198179,-0.7999999999999999,2.9583914449758595,0.8346926519099178,0.1959822116646852,0.010933691449536773,0.25437162175736705,0.058979456593770685,0.5023856858846918,,,0.00987408880053015
experiments/cikm2026_SOTA,ml1m,weighted_neumf,2,alpha_0.1_beta_0.0,0.1,none,,0.2319,0.3241608389890613,0.002731788079470199,0.3086020245800757,0.24551599051349024,0.20195822636497218,0.17157581816582892,0.13702620641424676,0.051488134111580146,0.17157581816582892,-0.940424011198179,-0.7999999999999999,2.9583914449758595,0.8346926519099178,0.1959822116646852,0.010933691449536773,0.25437162175736705,0.058979456593770685,0.5023856858846918,,,0.00987408880053015
experiments/cikm2026,ml1m,weighted_neumf,3,alpha_0.1_beta_0.0,0.1,none,,0.2342,0.3205681237572732,0.0028311258278145694,0.3119849351348045,0.25004506926966913,0.20513536249391556,0.1698161948253436,0.14216874030946092,0.05313092704595338,0.1698161948253436,-0.9774236155575948,-0.39999999999999997,2.898983337742779,0.8653492058926486,0.22433628226128868,0.011331174103283171,0.2782004904753916,0.055268389662027795,0.4866136514247846,,,0.010072895957587806
experiments/cikm2026,ml1m,weighted_neumf,3,alpha_0.1_beta_0.0,0.1,none,,0.2342,0.3205681237572732,0.0028311258278145694,0.3119849351348045,0.25004506926966913,0.20513536249391556,0.1698161948253436,0.14216874030946092,0.05313092704595338,0.1698161948253436,-0.9774236155575948,-0.39999999999999997,2.898983337742779,0.8653492058926486,0.22433628226128868,0.011331174103283171,0.2782004904753916,0.055268389662027795,0.4866136514247846,,,0.010072895957587806
experiments/cikm2026_SOTA,ml1m,weighted_neumf,3,alpha_0.1_beta_0.0,0.1,none,,0.2342,0.3205681237572732,0.0028311258278145694,0.3119849351348045,0.25004506926966913,0.20513536249391556,0.1698161948253436,0.14216874030946092,0.05313092704595338,0.1698161948253436,-0.9774236155575948,-0.39999999999999997,2.898983337742779,0.8653492058926486,0.22433628226128868,0.011331174103283171,0.2782004904753916,0.055268389662027795,0.4866136514247846,,,0.010072895957587806
experiments/cikm2026,ml1m,weighted_neumf,4,alpha_0.1_beta_0.0,0.1,none,,0.2269,0.3270581899824388,0.0011423841059602648,0.301859694971466,0.2380644210400751,0.1974816719714094,0.17031298808533055,0.13154670688613543,0.049525560526523564,0.17031298808533055,-0.9438363235867983,-0.9486832980505139,2.9938943665130564,0.8223751216867257,0.17915807884826096,0.004572432951957131,0.30800664659184396,0.06123260437375744,0.5127899271040424,,,0.004373757455268389
experiments/cikm2026,ml1m,weighted_neumf,4,alpha_0.1_beta_0.0,0.1,none,,0.2269,0.3270581899824388,0.0011423841059602648,0.301859694971466,0.2380644210400751,0.1974816719714094,0.17031298808533055,0.13154670688613543,0.049525560526523564,0.17031298808533055,-0.9438363235867983,-0.9486832980505139,2.9938943665130564,0.8223751216867257,0.17915807884826096,0.004572432951957131,0.30800664659184396,0.06123260437375744,0.5127899271040424,,,0.004373757455268389
experiments/cikm2026_SOTA,ml1m,weighted_neumf,4,alpha_0.1_beta_0.0,0.1,none,,0.2269,0.3270581899824388,0.0011423841059602648,0.301859694971466,0.2380644210400751,0.1974816719714094,0.17031298808533055,0.13154670688613543,0.049525560526523564,0.17031298808533055,-0.9438363235867983,-0.9486832980505139,2.9938943665130564,0.8223751216867257,0.17915807884826096,0.004572432951957131,0.30800664659184396,0.06123260437375744,0.5127899271040424,,,0.004373757455268389
experiments/cikm2026,ml1m,weighted_neumf,5,alpha_0.1_beta_0.0,0.1,none,,0.2294,0.35072940356261734,0.0005463576158940398,0.3024017831224422,0.2400484469046884,0.20499689700972637,0.1702504483090149,0.1321513348134273,0.04882834289912838,0.1702504483090149,-0.8103746774859739,-0.632455532033676,3.20591498247626,0.6612372018272042,0.13066098085569067,0.002186834840844557,0.2430975476204271,0.04890656063618293,0.5915838303512259,,,0.0021206096752816434
experiments/cikm2026,ml1m,weighted_neumf,5,alpha_0.1_beta_0.0,0.1,none,,0.2294,0.35072940356261734,0.0005463576158940398,0.3024017831224422,0.2400484469046884,0.20499689700972637,0.1702504483090149,0.1321513348134273,0.04882834289912838,0.1702504483090149,-0.8103746774859739,-0.632455532033676,3.20591498247626,0.6612372018272042,0.13066098085569067,0.002186834840844557,0.2430975476204271,0.04890656063618293,0.5915838303512259,,,0.0021206096752816434
experiments/cikm2026_SOTA,ml1m,weighted_neumf,5,alpha_0.1_beta_0.0,0.1,none,,0.2294,0.35072940356261734,0.0005463576158940398,0.3024017831224422,0.2400484469046884,0.20499689700972637,0.1702504483090149,0.1321513348134273,0.04882834289912838,0.1702504483090149,-0.8103746774859739,-0.632455532033676,3.20591498247626,0.6612372018272042,0.13066098085569067,0.002186834840844557,0.2430975476204271,0.04890656063618293,0.5915838303512259,,,0.0021206096752816434
experiments/cikm2026,ml1m,weighted_neumf,6,alpha_0.1_beta_0.0,0.1,none,,0.23,0.3377823836950677,0.0022019867549668876,0.30204498619271886,0.24934392809282113,0.19814216685960195,0.17066800466842472,0.13137698152429414,0.050249041988893954,0.17066800466842472,-0.4665978304041387,-0.7999999999999999,3.1023241133287724,0.7115604360492666,0.17730223707115725,0.008813213550803499,0.2730326441704493,0.05281643472498343,0.5601060304837641,,,0.008084824387011264
experiments/cikm2026,ml1m,weighted_neumf,6,alpha_0.1_beta_0.0,0.1,none,,0.23,0.3377823836950677,0.0022019867549668876,0.30204498619271886,0.24934392809282113,0.19814216685960195,0.17066800466842472,0.13137698152429414,0.050249041988893954,0.17066800466842472,-0.4665978304041387,-0.7999999999999999,3.1023241133287724,0.7115604360492666,0.17730223707115725,0.008813213550803499,0.2730326441704493,0.05281643472498343,0.5601060304837641,,,0.008084824387011264
experiments/cikm2026_SOTA,ml1m,weighted_neumf,6,alpha_0.1_beta_0.0,0.1,none,,0.23,0.3377823836950677,0.0022019867549668876,0.30204498619271886,0.24934392809282113,0.19814216685960195,0.17066800466842472,0.13137698152429414,0.050249041988893954,0.17066800466842472,-0.4665978304041387,-0.7999999999999999,3.1023241133287724,0.7115604360492666,0.17730223707115725,0.008813213550803499,0.2730326441704493,0.05281643472498343,0.5601060304837641,,,0.008084824387011264
experiments/cikm2026,ml1m,weighted_neumf,7,alpha_0.1_beta_0.0,0.1,none,,0.227,0.31305984561157785,0.007201986754966887,0.2896184517819469,0.24244394997480362,0.20240457545459767,0.17360963958591547,0.11600881219603143,0.043632127270433606,0.17360963958591547,-0.810083211625074,-1.0,2.8355153628175938,0.8687305024332493,0.266931089976577,0.02882304477257957,0.34907327716852454,0.0699801192842942,0.4534791252485089,,,0.02359178263750828
experiments/cikm2026,ml1m,weighted_neumf,7,alpha_0.1_beta_0.0,0.1,none,,0.227,0.31305984561157785,0.007201986754966887,0.2896184517819469,0.24244394997480362,0.20240457545459767,0.17360963958591547,0.11600881219603143,0.043632127270433606,0.17360963958591547,-0.810083211625074,-1.0,2.8355153628175938,0.8687305024332493,0.266931089976577,0.02882304477257957,0.34907327716852454,0.0699801192842942,0.4534791252485089,,,0.02359178263750828
experiments/cikm2026_SOTA,ml1m,weighted_neumf,7,alpha_0.1_beta_0.0,0.1,none,,0.227,0.31305984561157785,0.007201986754966887,0.2896184517819469,0.24244394997480362,0.20240457545459767,0.17360963958591547,0.11600881219603143,0.043632127270433606,0.17360963958591547,-0.810083211625074,-1.0,2.8355153628175938,0.8687305024332493,0.266931089976577,0.02882304477257957,0.34907327716852454,0.0699801192842942,0.4534791252485089,,,0.02359178263750828
experiments/cikm2026,ml1m,weighted_neumf,8,alpha_0.1_beta_0.0,0.1,none,,0.2329,0.3601830459467233,0.0007947019867549669,0.3033747182888707,0.2425351786190223,0.20621706318099178,0.1794546547697233,0.12392006351914739,0.04644326254819809,0.1794546547697233,-0.6614755303711894,-0.7745966692414834,3.2815498784444843,0.5852014447937776,0.13006776224881533,0.003180914512922465,0.273973133541381,0.06030483764082173,0.6090788601722995,,,0.003180914512922465
experiments/cikm2026,ml1m,weighted_neumf,8,alpha_0.1_beta_0.0,0.1,none,,0.2329,0.3601830459467233,0.0007947019867549669,0.3033747182888707,0.2425351786190223,0.20621706318099178,0.1794546547697233,0.12392006351914739,0.04644326254819809,0.1794546547697233,-0.6614755303711894,-0.7745966692414834,3.2815498784444843,0.5852014447937776,0.13006776224881533,0.003180914512922465,0.273973133541381,0.06030483764082173,0.6090788601722995,,,0.003180914512922465
experiments/cikm2026_SOTA,ml1m,weighted_neumf,8,alpha_0.1_beta_0.0,0.1,none,,0.2329,0.3601830459467233,0.0007947019867549669,0.3033747182888707,0.2425351786190223,0.20621706318099178,0.1794546547697233,0.12392006351914739,0.04644326254819809,0.1794546547697233,-0.6614755303711894,-0.7745966692414834,3.2815498784444843,0.5852014447937776,0.13006776224881533,0.003180914512922465,0.273973133541381,0.06030483764082173,0.6090788601722995,,,0.003180914512922465
experiments/cikm2026,ml1m,weighted_neumf,9,alpha_0.1_beta_0.0,0.1,none,,0.2275,0.3318469532314915,0.0012086092715231788,0.3040952404528417,0.23895702885983383,0.20303665895484435,0.16413488545836363,0.13996035499447806,0.05150649144317642,0.16413488545836363,-0.9799389366403322,-0.316227766016838,3.054831489322836,0.7823042817860217,0.1580267635584744,0.004837465332667427,0.28589130007829416,0.062292909211398295,0.5371769383697812,,,0.0046388336646785945
experiments/cikm2026,ml1m,weighted_neumf,9,alpha_0.1_beta_0.0,0.1,none,,0.2275,0.3318469532314915,0.0012086092715231788,0.3040952404528417,0.23895702885983383,0.20303665895484435,0.16413488545836363,0.13996035499447806,0.05150649144317642,0.16413488545836363,-0.9799389366403322,-0.316227766016838,3.054831489322836,0.7823042817860217,0.1580267635584744,0.004837465332667427,0.28589130007829416,0.062292909211398295,0.5371769383697812,,,0.0046388336646785945
experiments/cikm2026_SOTA,ml1m,weighted_neumf,9,alpha_0.1_beta_0.0,0.1,none,,0.2275,0.3318469532314915,0.0012086092715231788,0.3040952404528417,0.23895702885983383,0.20303665895484435,0.16413488545836363,0.13996035499447806,0.05150649144317642,0.16413488545836363,-0.9799389366403322,-0.316227766016838,3.054831489322836,0.7823042817860217,0.1580267635584744,0.004837465332667427,0.28589130007829416,0.062292909211398295,0.5371769383697812,,,0.0046388336646785945
experiments/cikm2026,ml1m,weighted_neumf,0,alpha_0.2_beta_0.1,0.2,none,,0.215,0.3047071966049553,0.004850993377483443,0.28067283503693186,0.23175262506679536,0.18340638613517524,0.16425100043483382,0.11642183460209804,0.045186246210624566,0.16425100043483382,-0.9381450361347877,-0.7999999999999999,2.6288222401136645,1.0085813207500758,0.3431811865471195,0.019415252589139783,0.7699120032109446,0.13141153081510937,0.4056328694499668,,,0.01722995361166335
experiments/cikm2026,ml1m,weighted_neumf,0,alpha_0.2_beta_0.3,0.2,none,,0.215,0.3047071966049553,0.004850993377483443,0.28067283503693186,0.23175262506679536,0.18340638613517524,0.16425100043483382,0.11642183460209804,0.045186246210624566,0.16425100043483382,-0.9381450361347877,-0.7999999999999999,2.6288222401136645,1.0085813207500758,0.3431811865471195,0.019415252589139783,0.7699120032109446,0.13141153081510937,0.4056328694499668,,,0.01722995361166335
experiments/cikm2026,ml1m,weighted_neumf,0,alpha_0.2_beta_0.5,0.2,none,,0.215,0.3047071966049553,0.004850993377483443,0.28067283503693186,0.23175262506679536,0.18340638613517524,0.16425100043483382,0.11642183460209804,0.045186246210624566,0.16425100043483382,-0.9381450361347877,-0.7999999999999999,2.6288222401136645,1.0085813207500758,0.3431811865471195,0.019415252589139783,0.7699120032109446,0.13141153081510937,0.4056328694499668,,,0.01722995361166335
experiments/cikm2026,ml1m,weighted_neumf,0,alpha_0.2_beta_0.0,0.2,none,,0.215,0.3047071966049553,0.004850993377483443,0.28067283503693186,0.23175262506679536,0.18340638613517524,0.16425100043483382,0.11642183460209804,0.045186246210624566,0.16425100043483382,-0.9381450361347877,-0.7999999999999999,2.6288222401136645,1.0085813207500758,0.3431811865471195,0.019415252589139783,0.7699120032109446,0.13141153081510937,0.4056328694499668,,,0.01722995361166335
experiments/cikm2026,ml1m,weighted_neumf,0,alpha_0.2,0.2,none,,0.215,0.3047071966049553,0.004850993377483443,0.28067283503693186,0.23175262506679536,0.18340638613517524,0.16425100043483382,0.11642183460209804,0.045186246210624566,0.16425100043483382,-0.9381450361347877,-0.7999999999999999,2.6288222401136645,1.0085813207500758,0.3431811865471195,0.019415252589139783,0.7699120032109446,0.13141153081510937,0.4056328694499668,,,0.01722995361166335
experiments/cikm2026,ml1m,weighted_neumf,0,alpha_0.2_beta_0.0,0.2,none,,0.215,0.3047071966049553,0.004850993377483443,0.28067283503693186,0.23175262506679536,0.18340638613517524,0.16425100043483382,0.11642183460209804,0.045186246210624566,0.16425100043483382,-0.9381450361347877,-0.7999999999999999,2.6288222401136645,1.0085813207500758,0.3431811865471195,0.019415252589139783,0.7699120032109446,0.13141153081510937,0.4056328694499668,,,0.01722995361166335
experiments/cikm2026_SOTA,ml1m,weighted_neumf,0,alpha_0.2_beta_0.0,0.2,none,,0.215,0.3047071966049553,0.004850993377483443,0.28067283503693186,0.23175262506679536,0.18340638613517524,0.16425100043483382,0.11642183460209804,0.045186246210624566,0.16425100043483382,-0.9381450361347877,-0.7999999999999999,2.6288222401136645,1.0085813207500758,0.3431811865471195,0.019415252589139783,0.7699120032109446,0.13141153081510937,0.4056328694499668,,,0.01722995361166335
experiments/cikm2026,ml1m,weighted_neumf,1,alpha_0.2_beta_0.0,0.2,none,,0.2228,0.3422608605162597,0.00630794701986755,0.2881099478290642,0.23528994355043528,0.20216699191725995,0.16584792868287945,0.12226201914618473,0.04497398105886974,0.16584792868287945,-0.7414213065173171,-0.39999999999999997,3.138130653145306,0.6715717049627702,0.1650497912474458,0.025247850644477505,0.1620189026357165,0.03711066931742879,0.5397614314115308,,,0.024254473161033796
experiments/cikm2026,ml1m,weighted_neumf,1,alpha_0.2_beta_0.0,0.2,none,,0.2228,0.3422608605162597,0.00630794701986755,0.2881099478290642,0.23528994355043528,0.20216699191725995,0.16584792868287945,0.12226201914618473,0.04497398105886974,0.16584792868287945,-0.7414213065173171,-0.39999999999999997,3.138130653145306,0.6715717049627702,0.1650497912474458,0.025247850644477505,0.1620189026357165,0.03711066931742879,0.5397614314115308,,,0.024254473161033796
experiments/cikm2026_SOTA,ml1m,weighted_neumf,1,alpha_0.2_beta_0.0,0.2,none,,0.2228,0.3422608605162597,0.00630794701986755,0.2881099478290642,0.23528994355043528,0.20216699191725995,0.16584792868287945,0.12226201914618473,0.04497398105886974,0.16584792868287945,-0.7414213065173171,-0.39999999999999997,3.138130653145306,0.6715717049627702,0.1650497912474458,0.025247850644477505,0.1620189026357165,0.03711066931742879,0.5397614314115308,,,0.024254473161033796
experiments/cikm2026,ml1m,weighted_neumf,2,alpha_0.2_beta_0.0,0.2,none,,0.227,0.32960357574804783,0.0028311258278145694,0.3039774910316724,0.2376343968176085,0.19891634909159653,0.16743909842997745,0.13653839260169492,0.05092842207117763,0.16743909842997745,-0.8511940910013713,-1.0,3.0368710877021896,0.7629691615952228,0.18882866437288337,0.011331086329703895,0.14269439729712668,0.0401590457256461,0.5212060967528164,,,0.009940357852882702
experiments/cikm2026,ml1m,weighted_neumf,2,alpha_0.2_beta_0.0,0.2,none,,0.227,0.32960357574804783,0.0028311258278145694,0.3039774910316724,0.2376343968176085,0.19891634909159653,0.16743909842997745,0.13653839260169492,0.05092842207117763,0.16743909842997745,-0.8511940910013713,-1.0,3.0368710877021896,0.7629691615952228,0.18882866437288337,0.011331086329703895,0.14269439729712668,0.0401590457256461,0.5212060967528164,,,0.009940357852882702
experiments/cikm2026_SOTA,ml1m,weighted_neumf,2,alpha_0.2_beta_0.0,0.2,none,,0.227,0.32960357574804783,0.0028311258278145694,0.3039774910316724,0.2376343968176085,0.19891634909159653,0.16743909842997745,0.13653839260169492,0.05092842207117763,0.16743909842997745,-0.8511940910013713,-1.0,3.0368710877021896,0.7629691615952228,0.18882866437288337,0.011331086329703895,0.14269439729712668,0.0401590457256461,0.5212060967528164,,,0.009940357852882702
experiments/cikm2026,ml1m,weighted_neumf,3,alpha_0.2_beta_0.0,0.2,none,,0.2258,0.3211889846844256,0.0027483443708609273,0.3000566822425038,0.2421679776542933,0.19507339466652798,0.16584194579801576,0.13421473644448806,0.05079630200411615,0.16584194579801576,-0.9278765476921451,-0.7999999999999999,2.8967251027548473,0.8725720467075454,0.21970267060176937,0.011000179935837512,0.2827169604512552,0.06103379721669977,0.4808482438701126,,,0.01027170311464546
experiments/cikm2026,ml1m,weighted_neumf,3,alpha_0.2_beta_0.0,0.2,none,,0.2258,0.3211889846844256,0.0027483443708609273,0.3000566822425038,0.2421679776542933,0.19507339466652798,0.16584194579801576,0.13421473644448806,0.05079630200411615,0.16584194579801576,-0.9278765476921451,-0.7999999999999999,2.8967251027548473,0.8725720467075454,0.21970267060176937,0.011000179935837512,0.2827169604512552,0.06103379721669977,0.4808482438701126,,,0.01027170311464546
experiments/cikm2026_SOTA,ml1m,weighted_neumf,3,alpha_0.2_beta_0.0,0.2,none,,0.2258,0.3211889846844256,0.0027483443708609273,0.3000566822425038,0.2421679776542933,0.19507339466652798,0.16584194579801576,0.13421473644448806,0.05079630200411615,0.16584194579801576,-0.9278765476921451,-0.7999999999999999,2.8967251027548473,0.8725720467075454,0.21970267060176937,0.011000179935837512,0.2827169604512552,0.06103379721669977,0.4808482438701126,,,0.01027170311464546
experiments/cikm2026,ml1m,weighted_neumf,4,alpha_0.2_beta_0.0,0.2,none,,0.2224,0.31862275951886265,0.002913907284768212,0.2915356245291264,0.2336390351806736,0.19478089419975633,0.16978339982219992,0.12175222470692648,0.04592757146656405,0.16978339982219992,-0.9453503137663337,-1.0,2.853002621772415,0.8957577909166479,0.2395767607383633,0.011662826572573387,0.5897901360731259,0.11809145129224652,0.4559310801855533,,,0.010868124585818421
experiments/cikm2026,ml1m,weighted_neumf,4,alpha_0.2_beta_0.0,0.2,none,,0.2224,0.31862275951886265,0.002913907284768212,0.2915356245291264,0.2336390351806736,0.19478089419975633,0.16978339982219992,0.12175222470692648,0.04592757146656405,0.16978339982219992,-0.9453503137663337,-1.0,2.853002621772415,0.8957577909166479,0.2395767607383633,0.011662826572573387,0.5897901360731259,0.11809145129224652,0.4559310801855533,,,0.010868124585818421
experiments/cikm2026_SOTA,ml1m,weighted_neumf,4,alpha_0.2_beta_0.0,0.2,none,,0.2224,0.31862275951886265,0.002913907284768212,0.2915356245291264,0.2336390351806736,0.19478089419975633,0.16978339982219992,0.12175222470692648,0.04592757146656405,0.16978339982219992,-0.9453503137663337,-1.0,2.853002621772415,0.8957577909166479,0.2395767607383633,0.011662826572573387,0.5897901360731259,0.11809145129224652,0.4559310801855533,,,0.010868124585818421
experiments/cikm2026,ml1m,weighted_neumf,5,alpha_0.2_beta_0.0,0.2,none,,0.2215,0.32795622475467034,0.0012913907284768213,0.286667693590965,0.23086593655399887,0.20100367480139011,0.16742516354577794,0.11924253004518706,0.04381419857632896,0.16742516354577794,-0.9103662366317756,-0.9486832980505139,3.023692103220486,0.7849599547276541,0.18617904374193994,0.00516889830991973,0.6075433061319757,0.12067594433399598,0.5198144466534128,,,0.005036447978793903
experiments/cikm2026,ml1m,weighted_neumf,5,alpha_0.2_beta_0.0,0.2,none,,0.2215,0.32795622475467034,0.0012913907284768213,0.286667693590965,0.23086593655399887,0.20100367480139011,0.16742516354577794,0.11924253004518706,0.04381419857632896,0.16742516354577794,-0.9103662366317756,-0.9486832980505139,3.023692103220486,0.7849599547276541,0.18617904374193994,0.00516889830991973,0.6075433061319757,0.12067594433399598,0.5198144466534128,,,0.005036447978793903
experiments/cikm2026_SOTA,ml1m,weighted_neumf,5,alpha_0.2_beta_0.0,0.2,none,,0.2215,0.32795622475467034,0.0012913907284768213,0.286667693590965,0.23086593655399887,0.20100367480139011,0.16742516354577794,0.11924253004518706,0.04381419857632896,0.16742516354577794,-0.9103662366317756,-0.9486832980505139,3.023692103220486,0.7849599547276541,0.18617904374193994,0.00516889830991973,0.6075433061319757,0.12067594433399598,0.5198144466534128,,,0.005036447978793903
experiments/cikm2026,ml1m,weighted_neumf,6,alpha_0.2_beta_0.0,0.2,none,,0.2212,0.33389993336394186,0.0031291390728476823,0.2870098474652638,0.24111388994037405,0.19354552491729113,0.16302124164611626,0.12398860581914756,0.0471090064486431,0.16302124164611626,-0.9560043734314,-0.7999999999999999,3.071245595589611,0.7410416949509182,0.17518816577236512,0.012524543687104742,0.33624858103857935,0.08124585818422803,0.5316766070245195,,,0.012060967528164346
experiments/cikm2026,ml1m,weighted_neumf,6,alpha_0.2_beta_0.0,0.2,none,,0.2212,0.33389993336394186,0.0031291390728476823,0.2870098474652638,0.24111388994037405,0.19354552491729113,0.16302124164611626,0.12398860581914756,0.0471090064486431,0.16302124164611626,-0.9560043734314,-0.7999999999999999,3.071245595589611,0.7410416949509182,0.17518816577236512,0.012524543687104742,0.33624858103857935,0.08124585818422803,0.5316766070245195,,,0.012060967528164346
experiments/cikm2026_SOTA,ml1m,weighted_neumf,6,alpha_0.2_beta_0.0,0.2,none,,0.2212,0.33389993336394186,0.0031291390728476823,0.2870098474652638,0.24111388994037405,0.19354552491729113,0.16302124164611626,0.12398860581914756,0.0471090064486431,0.16302124164611626,-0.9560043734314,-0.7999999999999999,3.071245595589611,0.7410416949509182,0.17518816577236512,0.012524543687104742,0.33624858103857935,0.08124585818422803,0.5316766070245195,,,0.012060967528164346
experiments/cikm2026,ml1m,weighted_neumf,7,alpha_0.2_beta_0.0,0.2,none,,0.2229,0.3186475939559487,0.005165562913907285,0.2901557122821466,0.2380053143346068,0.1985009678958193,0.16511795369687546,0.12503775858527114,0.046598205177302454,0.16511795369687546,-0.5509201228226512,-0.6000000000000001,2.894785492598092,0.8541686819518226,0.23037124137420903,0.020674584075876173,0.23132771959428322,0.05957587806494369,0.46388336646785944,,,0.018886679920477135
experiments/cikm2026,ml1m,weighted_neumf,7,alpha_0.2_beta_0.0,0.2,none,,0.2229,0.3186475939559487,0.005165562913907285,0.2901557122821466,0.2380053143346068,0.1985009678958193,0.16511795369687546,0.12503775858527114,0.046598205177302454,0.16511795369687546,-0.5509201228226512,-0.6000000000000001,2.894785492598092,0.8541686819518226,0.23037124137420903,0.020674584075876173,0.23132771959428322,0.05957587806494369,0.46388336646785944,,,0.018886679920477135
experiments/cikm2026_SOTA,ml1m,weighted_neumf,7,alpha_0.2_beta_0.0,0.2,none,,0.2229,0.3186475939559487,0.005165562913907285,0.2901557122821466,0.2380053143346068,0.1985009678958193,0.16511795369687546,0.12503775858527114,0.046598205177302454,0.16511795369687546,-0.5509201228226512,-0.6000000000000001,2.894785492598092,0.8541686819518226,0.23037124137420903,0.020674584075876173,0.23132771959428322,0.05957587806494369,0.46388336646785944,,,0.018886679920477135
experiments/cikm2026,ml1m,weighted_neumf,8,alpha_0.2_beta_0.0,0.2,none,,0.2294,0.3468469532314915,0.002350993377483444,0.2957166751996002,0.23978286631445025,0.20371686101577588,0.1784225627906621,0.11729411240893811,0.0440568600656411,0.1784225627906621,-0.9761187853218871,-0.9486832980505139,3.174834929280359,0.6430867664573261,0.17266823048862096,0.009410073773693378,0.48740303186963085,0.10788601722995361,0.5614976805831676,,,0.009211398277004637
experiments/cikm2026,ml1m,weighted_neumf,8,alpha_0.2_beta_0.0,0.2,none,,0.2294,0.3468469532314915,0.002350993377483444,0.2957166751996002,0.23978286631445025,0.20371686101577588,0.1784225627906621,0.11729411240893811,0.0440568600656411,0.1784225627906621,-0.9761187853218871,-0.9486832980505139,3.174834929280359,0.6430867664573261,0.17266823048862096,0.009410073773693378,0.48740303186963085,0.10788601722995361,0.5614976805831676,,,0.009211398277004637
experiments/cikm2026_SOTA,ml1m,weighted_neumf,8,alpha_0.2_beta_0.0,0.2,none,,0.2294,0.3468469532314915,0.002350993377483444,0.2957166751996002,0.23978286631445025,0.20371686101577588,0.1784225627906621,0.11729411240893811,0.0440568600656411,0.1784225627906621,-0.9761187853218871,-0.9486832980505139,3.174834929280359,0.6430867664573261,0.17266823048862096,0.009410073773693378,0.48740303186963085,0.10788601722995361,0.5614976805831676,,,0.009211398277004637
experiments/cikm2026,ml1m,weighted_neumf,9,alpha_0.2_beta_0.0,0.2,none,,0.2238,0.32204163369104805,0.0022350993377483444,0.29628122509947835,0.23419879910739128,0.2009016228228246,0.16386879161739423,0.13241243348208412,0.04867686255894672,0.16386879161739423,-0.9652280040270901,-0.7999999999999999,2.9171923653460277,0.8589261086429705,0.21493577435549308,0.008945751655508602,0.5611695480319113,0.11312127236580516,0.48634857521537433,,,0.008217362491716368
experiments/cikm2026,ml1m,weighted_neumf,9,alpha_0.2_beta_0.0,0.2,none,,0.2238,0.32204163369104805,0.0022350993377483444,0.29628122509947835,0.23419879910739128,0.2009016228228246,0.16386879161739423,0.13241243348208412,0.04867686255894672,0.16386879161739423,-0.9652280040270901,-0.7999999999999999,2.9171923653460277,0.8589261086429705,0.21493577435549308,0.008945751655508602,0.5611695480319113,0.11312127236580516,0.48634857521537433,,,0.008217362491716368
experiments/cikm2026_SOTA,ml1m,weighted_neumf,9,alpha_0.2_beta_0.0,0.2,none,,0.2238,0.32204163369104805,0.0022350993377483444,0.29628122509947835,0.23419879910739128,0.2009016228228246,0.16386879161739423,0.13241243348208412,0.04867686255894672,0.16386879161739423,-0.9652280040270901,-0.7999999999999999,2.9171923653460277,0.8589261086429705,0.21493577435549308,0.008945751655508602,0.5611695480319113,0.11312127236580516,0.48634857521537433,,,0.008217362491716368
experiments/cikm2026,ml1m,weighted_neumf,0,alpha_0.4_beta_0.1,0.4,none,,0.2047,0.305675739651313,0.007102649006622517,0.2628908934019311,0.21693819034394324,0.17604069313408116,0.16306894685122195,0.09982194655070917,0.03902066447106066,0.16306894685122195,-0.8639979021563866,-1.0,2.761578671692915,0.8835567808170197,0.32643705493338504,0.028427492556679937,0.5043991400524437,0.1304837640821736,0.40656063618290256,,,0.025646123260437373
experiments/cikm2026,ml1m,weighted_neumf,0,alpha_0.4_beta_0.3,0.4,none,,0.2047,0.305675739651313,0.007102649006622517,0.2628908934019311,0.21693819034394324,0.17604069313408116,0.16306894685122195,0.09982194655070917,0.03902066447106066,0.16306894685122195,-0.8639979021563866,-1.0,2.761578671692915,0.8835567808170197,0.32643705493338504,0.028427492556679937,0.5043991400524437,0.1304837640821736,0.40656063618290256,,,0.025646123260437373
experiments/cikm2026,ml1m,weighted_neumf,0,alpha_0.4,0.4,none,,0.2047,0.305675739651313,0.007102649006622517,0.2628908934019311,0.21693819034394324,0.17604069313408116,0.16306894685122195,0.09982194655070917,0.03902066447106066,0.16306894685122195,-0.8639979021563866,-1.0,2.761578671692915,0.8835567808170197,0.32643705493338504,0.028427492556679937,0.5043991400524437,0.1304837640821736,0.40656063618290256,,,0.025646123260437373
experiments/cikm2026,ml1m,weighted_neumf,0,alpha_0.4_beta_0.5,0.4,none,,0.2047,0.305675739651313,0.007102649006622517,0.2628908934019311,0.21693819034394324,0.17604069313408116,0.16306894685122195,0.09982194655070917,0.03902066447106066,0.16306894685122195,-0.8639979021563866,-1.0,2.761578671692915,0.8835567808170197,0.32643705493338504,0.028427492556679937,0.5043991400524437,0.1304837640821736,0.40656063618290256,,,0.025646123260437373
experiments/cikm2026,ml1m,weighted_neumf,0,alpha_0.4_beta_0.0,0.4,none,,0.2047,0.305675739651313,0.007102649006622517,0.2628908934019311,0.21693819034394324,0.17604069313408116,0.16306894685122195,0.09982194655070917,0.03902066447106066,0.16306894685122195,-0.8639979021563866,-1.0,2.761578671692915,0.8835567808170197,0.32643705493338504,0.028427492556679937,0.5043991400524437,0.1304837640821736,0.40656063618290256,,,0.025646123260437373
experiments/cikm2026,ml1m,weighted_neumf,0,alpha_0.4_beta_0.0,0.4,none,,0.2047,0.305675739651313,0.007102649006622517,0.2628908934019311,0.21693819034394324,0.17604069313408116,0.16306894685122195,0.09982194655070917,0.03902066447106066,0.16306894685122195,-0.8639979021563866,-1.0,2.761578671692915,0.8835567808170197,0.32643705493338504,0.028427492556679937,0.5043991400524437,0.1304837640821736,0.40656063618290256,,,0.025646123260437373
experiments/cikm2026_SOTA,ml1m,weighted_neumf,0,alpha_0.4_beta_0.0,0.4,none,,0.2047,0.305675739651313,0.007102649006622517,0.2628908934019311,0.21693819034394324,0.17604069313408116,0.16306894685122195,0.09982194655070917,0.03902066447106066,0.16306894685122195,-0.8639979021563866,-1.0,2.761578671692915,0.8835567808170197,0.32643705493338504,0.028427492556679937,0.5043991400524437,0.1304837640821736,0.40656063618290256,,,0.025646123260437373
experiments/cikm2026,ml1m,weighted_neumf,1,alpha_0.4_beta_0.0,0.4,none,,0.2084,0.300063156869856,0.018195364238410595,0.26138784892981565,0.21845432012268648,0.19323526371322383,0.16063418918892372,0.10075365974089193,0.036811480143972175,0.16063418918892372,-0.9162421771418063,-0.7999999999999999,2.73381760212811,0.8663981827685773,0.3269604946484416,0.07282372045487079,0.7966392806419009,0.18727634194831017,0.3895957587806494,,,0.06441351888667991
experiments/cikm2026,ml1m,weighted_neumf,1,alpha_0.4_beta_0.0,0.4,none,,0.2084,0.300063156869856,0.018195364238410595,0.26138784892981565,0.21845432012268648,0.19323526371322383,0.16063418918892372,0.10075365974089193,0.036811480143972175,0.16063418918892372,-0.9162421771418063,-0.7999999999999999,2.73381760212811,0.8663981827685773,0.3269604946484416,0.07282372045487079,0.7966392806419009,0.18727634194831017,0.3895957587806494,,,0.06441351888667991
experiments/cikm2026_SOTA,ml1m,weighted_neumf,1,alpha_0.4_beta_0.0,0.4,none,,0.2084,0.300063156869856,0.018195364238410595,0.26138784892981565,0.21845432012268648,0.19323526371322383,0.16063418918892372,0.10075365974089193,0.036811480143972175,0.16063418918892372,-0.9162421771418063,-0.7999999999999999,2.73381760212811,0.8663981827685773,0.3269604946484416,0.07282372045487079,0.7966392806419009,0.18727634194831017,0.3895957587806494,,,0.06441351888667991
experiments/cikm2026,ml1m,weighted_neumf,2,alpha_0.4_beta_0.0,0.4,none,,0.2093,0.3016194482605845,0.012632450331125828,0.2722295063869082,0.21889525165273138,0.1862834394044891,0.1600585390035162,0.112170967383392,0.0418528893387634,0.1600585390035162,-0.9221569772671601,-1.0,2.689193195076469,0.9234897286570416,0.3367601963280617,0.05055687993842744,0.7927681215561486,0.16845593108018553,0.39290921139827695,,,0.041418157720344594
experiments/cikm2026,ml1m,weighted_neumf,2,alpha_0.4_beta_0.0,0.4,none,,0.2093,0.3016194482605845,0.012632450331125828,0.2722295063869082,0.21889525165273138,0.1862834394044891,0.1600585390035162,0.112170967383392,0.0418528893387634,0.1600585390035162,-0.9221569772671601,-1.0,2.689193195076469,0.9234897286570416,0.3367601963280617,0.05055687993842744,0.7927681215561486,0.16845593108018553,0.39290921139827695,,,0.041418157720344594
experiments/cikm2026_SOTA,ml1m,weighted_neumf,2,alpha_0.4_beta_0.0,0.4,none,,0.2093,0.3016194482605845,0.012632450331125828,0.2722295063869082,0.21889525165273138,0.1862834394044891,0.1600585390035162,0.112170967383392,0.0418528893387634,0.1600585390035162,-0.9221569772671601,-1.0,2.689193195076469,0.9234897286570416,0.3367601963280617,0.05055687993842744,0.7927681215561486,0.16845593108018553,0.39290921139827695,,,0.041418157720344594
experiments/cikm2026,ml1m,weighted_neumf,3,alpha_0.4_beta_0.0,0.4,none,,0.2131,0.30592408402217386,0.008509933774834437,0.274692037578839,0.22944489715719038,0.19109316513161376,0.15741013191384573,0.11728190566499325,0.04372179810101226,0.15741013191384573,-0.9944718913240027,-1.0,2.7742409686352962,0.8728827744144454,0.31881721143112085,0.03405904551913713,0.5328542147738563,0.12365805168986077,0.4182239893969516,,,0.0294234592445328
experiments/cikm2026,ml1m,weighted_neumf,3,alpha_0.4_beta_0.0,0.4,none,,0.2131,0.30592408402217386,0.008509933774834437,0.274692037578839,0.22944489715719038,0.19109316513161376,0.15741013191384573,0.11728190566499325,0.04372179810101226,0.15741013191384573,-0.9944718913240027,-1.0,2.7742409686352962,0.8728827744144454,0.31881721143112085,0.03405904551913713,0.5328542147738563,0.12365805168986077,0.4182239893969516,,,0.0294234592445328
experiments/cikm2026_SOTA,ml1m,weighted_neumf,3,alpha_0.4_beta_0.0,0.4,none,,0.2131,0.30592408402217386,0.008509933774834437,0.274692037578839,0.22944489715719038,0.19109316513161376,0.15741013191384573,0.11728190566499325,0.04372179810101226,0.15741013191384573,-0.9944718913240027,-1.0,2.7742409686352962,0.8728827744144454,0.31881721143112085,0.03405904551913713,0.5328542147738563,0.12365805168986077,0.4182239893969516,,,0.0294234592445328
experiments/cikm2026,ml1m,weighted_neumf,4,alpha_0.4_beta_0.0,0.4,none,,0.2061,0.29496381912151165,0.012880794701986754,0.26134858876221906,0.21691474459721244,0.18249557927126,0.1635205880098423,0.09782800075237677,0.03721403174295545,0.1635205880098423,-0.9548406026532277,-1.0,2.5203734179963235,1.0390448088449884,0.38903050628256525,0.051551266876122534,1.2550485436253087,0.22690523525513584,0.34711729622266396,,,0.043008614976805824
experiments/cikm2026,ml1m,weighted_neumf,4,alpha_0.4_beta_0.0,0.4,none,,0.2061,0.29496381912151165,0.012880794701986754,0.26134858876221906,0.21691474459721244,0.18249557927126,0.1635205880098423,0.09782800075237677,0.03721403174295545,0.1635205880098423,-0.9548406026532277,-1.0,2.5203734179963235,1.0390448088449884,0.38903050628256525,0.051551266876122534,1.2550485436253087,0.22690523525513584,0.34711729622266396,,,0.043008614976805824
experiments/cikm2026_SOTA,ml1m,weighted_neumf,4,alpha_0.4_beta_0.0,0.4,none,,0.2061,0.29496381912151165,0.012880794701986754,0.26134858876221906,0.21691474459721244,0.18249557927126,0.1635205880098423,0.09782800075237677,0.03721403174295545,0.1635205880098423,-0.9548406026532277,-1.0,2.5203734179963235,1.0390448088449884,0.38903050628256525,0.051551266876122534,1.2550485436253087,0.22690523525513584,0.34711729622266396,,,0.043008614976805824
experiments/cikm2026,ml1m,weighted_neumf,5,alpha_0.4_beta_0.0,0.4,none,,0.2055,0.3044422959427037,0.006639072847682119,0.26123244828281644,0.2144855531977168,0.1871755954174742,0.15904010885741682,0.10219233942539963,0.0376867023876422,0.15904010885741682,-0.9250084659832558,-1.0,2.6486069404695214,0.9866702620142127,0.33815118951977413,0.0265716079964914,1.3577136316339047,0.24976805831676602,0.39072233267064277,,,0.023260437375745523
experiments/cikm2026,ml1m,weighted_neumf,5,alpha_0.4_beta_0.0,0.4,none,,0.2055,0.3044422959427037,0.006639072847682119,0.26123244828281644,0.2144855531977168,0.1871755954174742,0.15904010885741682,0.10219233942539963,0.0376867023876422,0.15904010885741682,-0.9250084659832558,-1.0,2.6486069404695214,0.9866702620142127,0.33815118951977413,0.0265716079964914,1.3577136316339047,0.24976805831676602,0.39072233267064277,,,0.023260437375745523
experiments/cikm2026_SOTA,ml1m,weighted_neumf,5,alpha_0.4_beta_0.0,0.4,none,,0.2055,0.3044422959427037,0.006639072847682119,0.26123244828281644,0.2144855531977168,0.1871755954174742,0.15904010885741682,0.10219233942539963,0.0376867023876422,0.15904010885741682,-0.9250084659832558,-1.0,2.6486069404695214,0.9866702620142127,0.33815118951977413,0.0265716079964914,1.3577136316339047,0.24976805831676602,0.39072233267064277,,,0.023260437375745523
experiments/cikm2026,ml1m,weighted_neumf,6,alpha_0.4_beta_0.0,0.4,none,,0.2082,0.3169959598540081,0.0051324503311258275,0.26541213151005255,0.22697563841022994,0.18380554242419428,0.15672735362006304,0.10868477788998951,0.04144355147468157,0.15672735362006304,-0.9252081333367591,-0.7999999999999999,2.9359731214354814,0.7959486782944353,0.24753567160231557,0.020542528667767356,0.6057346279570311,0.14612326043737578,0.4667992047713717,,,0.019416832339297547
experiments/cikm2026,ml1m,weighted_neumf,6,alpha_0.4_beta_0.0,0.4,none,,0.2082,0.3169959598540081,0.0051324503311258275,0.26541213151005255,0.22697563841022994,0.18380554242419428,0.15672735362006304,0.10868477788998951,0.04144355147468157,0.15672735362006304,-0.9252081333367591,-0.7999999999999999,2.9359731214354814,0.7959486782944353,0.24753567160231557,0.020542528667767356,0.6057346279570311,0.14612326043737578,0.4667992047713717,,,0.019416832339297547
experiments/cikm2026_SOTA,ml1m,weighted_neumf,6,alpha_0.4_beta_0.0,0.4,none,,0.2082,0.3169959598540081,0.0051324503311258275,0.26541213151005255,0.22697563841022994,0.18380554242419428,0.15672735362006304,0.10868477788998951,0.04144355147468157,0.15672735362006304,-0.9252081333367591,-0.7999999999999999,2.9359731214354814,0.7959486782944353,0.24753567160231557,0.020542528667767356,0.6057346279570311,0.14612326043737578,0.4667992047713717,,,0.019416832339297547
experiments/cikm2026,ml1m,weighted_neumf,7,alpha_0.4_beta_0.0,0.4,none,,0.2041,0.2869919648168759,0.020860927152317882,0.250817287108761,0.21903075156603993,0.1863840868543743,0.16040615912295497,0.09041112798580603,0.03401625850754031,0.16040615912295497,-0.9395566935263469,-1.0,2.48001601164936,1.015606356368591,0.4208917023060945,0.08348592967595349,1.060071979504991,0.20728959575878064,0.3161696487740225,,,0.06600397614314114
experiments/cikm2026,ml1m,weighted_neumf,7,alpha_0.4_beta_0.0,0.4,none,,0.2041,0.2869919648168759,0.020860927152317882,0.250817287108761,0.21903075156603993,0.1863840868543743,0.16040615912295497,0.09041112798580603,0.03401625850754031,0.16040615912295497,-0.9395566935263469,-1.0,2.48001601164936,1.015606356368591,0.4208917023060945,0.08348592967595349,1.060071979504991,0.20728959575878064,0.3161696487740225,,,0.06600397614314114
experiments/cikm2026_SOTA,ml1m,weighted_neumf,7,alpha_0.4_beta_0.0,0.4,none,,0.2041,0.2869919648168759,0.020860927152317882,0.250817287108761,0.21903075156603993,0.1863840868543743,0.16040615912295497,0.09041112798580603,0.03401625850754031,0.16040615912295497,-0.9395566935263469,-1.0,2.48001601164936,1.015606356368591,0.4208917023060945,0.08348592967595349,1.060071979504991,0.20728959575878064,0.3161696487740225,,,0.06600397614314114
experiments/cikm2026,ml1m,weighted_neumf,8,alpha_0.4_beta_0.0,0.4,none,,0.2149,0.3051002644897697,0.010927152317880795,0.2707903078963879,0.2253462567178848,0.19217845254032973,0.17147404386471368,0.09931626403167423,0.037533066239576,0.17147404386471368,-0.9744067375941226,-1.0,2.8407917448129623,0.7967291289248626,0.31874536968592,0.04373375657625462,1.1554894008044245,0.2429423459244533,0.42644135188866794,,,0.03817097415506958
experiments/cikm2026,ml1m,weighted_neumf,8,alpha_0.4_beta_0.0,0.4,none,,0.2149,0.3051002644897697,0.010927152317880795,0.2707903078963879,0.2253462567178848,0.19217845254032973,0.17147404386471368,0.09931626403167423,0.037533066239576,0.17147404386471368,-0.9744067375941226,-1.0,2.8407917448129623,0.7967291289248626,0.31874536968592,0.04373375657625462,1.1554894008044245,0.2429423459244533,0.42644135188866794,,,0.03817097415506958
experiments/cikm2026_SOTA,ml1m,weighted_neumf,8,alpha_0.4_beta_0.0,0.4,none,,0.2149,0.3051002644897697,0.010927152317880795,0.2707903078963879,0.2253462567178848,0.19217845254032973,0.17147404386471368,0.09931626403167423,0.037533066239576,0.17147404386471368,-0.9744067375941226,-1.0,2.8407917448129623,0.7967291289248626,0.31874536968592,0.04373375657625462,1.1554894008044245,0.2429423459244533,0.42644135188866794,,,0.03817097415506958
experiments/cikm2026,ml1m,weighted_neumf,9,alpha_0.4_beta_0.0,0.4,none,,0.2056,0.29623037541290237,0.010066225165562914,0.2647008170921314,0.21796196102926088,0.18626238121727212,0.15352809779786564,0.11117271929426575,0.0410217943644005,0.15352809779786564,-0.9797101827145298,-1.0,2.525018694479889,1.0445351430642102,0.390157738300134,0.04028842415576651,1.3455168897641885,0.24771371769383693,0.35175612988734256,,,0.03571901921802518
experiments/cikm2026,ml1m,weighted_neumf,9,alpha_0.4_beta_0.0,0.4,none,,0.2056,0.29623037541290237,0.010066225165562914,0.2647008170921314,0.21796196102926088,0.18626238121727212,0.15352809779786564,0.11117271929426575,0.0410217943644005,0.15352809779786564,-0.9797101827145298,-1.0,2.525018694479889,1.0445351430642102,0.390157738300134,0.04028842415576651,1.3455168897641885,0.24771371769383693,0.35175612988734256,,,0.03571901921802518
experiments/cikm2026_SOTA,ml1m,weighted_neumf,9,alpha_0.4_beta_0.0,0.4,none,,0.2056,0.29623037541290237,0.010066225165562914,0.2647008170921314,0.21796196102926088,0.18626238121727212,0.15352809779786564,0.11117271929426575,0.0410217943644005,0.15352809779786564,-0.9797101827145298,-1.0,2.525018694479889,1.0445351430642102,0.390157738300134,0.04028842415576651,1.3455168897641885,0.24771371769383693,0.35175612988734256,,,0.03571901921802518
experiments/cikm2026,ml1m,weighted_neumf,0,alpha_0.8,0.8,none,,0.16,0.25676845488310107,0.06096026490066225,0.17658096599639655,0.16929849898751617,0.15122663460677707,0.14306493880402024,0.03351602719237631,0.013464318041549328,0.14306493880402024,-0.9695896702660373,-1.0,2.4368109580660735,0.8169178693062964,0.502313634057989,0.24395753856964073,1.3234508032239531,0.26202783300198806,0.2750165672630881,,,0.1797879390324718
experiments/cikm2026,ml1m,weighted_neumf,0,alpha_0.8_beta_0.0,0.8,none,,0.16,0.25676845488310107,0.06096026490066225,0.17658096599639655,0.16929849898751617,0.15122663460677707,0.14306493880402024,0.03351602719237631,0.013464318041549328,0.14306493880402024,-0.9695896702660373,-1.0,2.4368109580660735,0.8169178693062964,0.502313634057989,0.24395753856964073,1.3234508032239531,0.26202783300198806,0.2750165672630881,,,0.1797879390324718
experiments/cikm2026_SOTA,ml1m,weighted_neumf,0,alpha_0.8_beta_0.0,0.8,none,,0.16,0.25676845488310107,0.06096026490066225,0.17658096599639655,0.16929849898751617,0.15122663460677707,0.14306493880402024,0.03351602719237631,0.013464318041549328,0.14306493880402024,-0.9695896702660373,-1.0,2.4368109580660735,0.8169178693062964,0.502313634057989,0.24395753856964073,1.3234508032239531,0.26202783300198806,0.2750165672630881,,,0.1797879390324718
experiments/cikm2026,ml1m,weighted_neumf,1,alpha_0.8_beta_0.0,0.8,none,,0.1534,0.24248037541290238,0.0669205298013245,0.16369441722184366,0.15761615185834096,0.14773974025374723,0.14450331692185667,0.019191100299986996,0.007663875243421515,0.14450331692185667,-0.972333866923524,-1.0,2.1564664546385774,0.9829393421336539,0.5927890215723146,0.2678051816554532,2.033515200538129,0.3630881378396289,0.21378396288933066,,,0.19025844930417493
experiments/cikm2026,ml1m,weighted_neumf,1,alpha_0.8_beta_0.0,0.8,none,,0.1534,0.24248037541290238,0.0669205298013245,0.16369441722184366,0.15761615185834096,0.14773974025374723,0.14450331692185667,0.019191100299986996,0.007663875243421515,0.14450331692185667,-0.972333866923524,-1.0,2.1564664546385774,0.9829393421336539,0.5927890215723146,0.2678051816554532,2.033515200538129,0.3630881378396289,0.21378396288933066,,,0.19025844930417493
experiments/cikm2026_SOTA,ml1m,weighted_neumf,1,alpha_0.8_beta_0.0,0.8,none,,0.1534,0.24248037541290238,0.0669205298013245,0.16369441722184366,0.15761615185834096,0.14773974025374723,0.14450331692185667,0.019191100299986996,0.007663875243421515,0.14450331692185667,-0.972333866923524,-1.0,2.1564664546385774,0.9829393421336539,0.5927890215723146,0.2678051816554532,2.033515200538129,0.3630881378396289,0.21378396288933066,,,0.19025844930417493
experiments/cikm2026,ml1m,weighted_neumf,2,alpha_0.8_beta_0.0,0.8,none,,0.1513,0.20838269329369707,0.10034768211920529,0.1767738985883637,0.15687719340875492,0.13577979992873318,0.13598790306256126,0.04099409865963052,0.01699521661137944,0.13577979992873318,-0.958603729244901,-1.0,1.7870863575172575,1.0795126282552578,0.7318486819276572,0.401552332299827,2.759606051147732,0.4092776673293571,0.15208747514910534,,,0.25844930417495027
experiments/cikm2026,ml1m,weighted_neumf,2,alpha_0.8_beta_0.0,0.8,none,,0.1513,0.20838269329369707,0.10034768211920529,0.1767738985883637,0.15687719340875492,0.13577979992873318,0.13598790306256126,0.04099409865963052,0.01699521661137944,0.13577979992873318,-0.958603729244901,-1.0,1.7870863575172575,1.0795126282552578,0.7318486819276572,0.401552332299827,2.759606051147732,0.4092776673293571,0.15208747514910534,,,0.25844930417495027
experiments/cikm2026_SOTA,ml1m,weighted_neumf,2,alpha_0.8_beta_0.0,0.8,none,,0.1513,0.20838269329369707,0.10034768211920529,0.1767738985883637,0.15687719340875492,0.13577979992873318,0.13598790306256126,0.04099409865963052,0.01699521661137944,0.13577979992873318,-0.958603729244901,-1.0,1.7870863575172575,1.0795126282552578,0.7318486819276572,0.401552332299827,2.759606051147732,0.4092776673293571,0.15208747514910534,,,0.25844930417495027
experiments/cikm2026,ml1m,weighted_neumf,3,alpha_0.8_beta_0.0,0.8,none,,0.1525,0.21929328932018713,0.09200331125827814,0.162815706479789,0.15997063412665147,0.15033134067717913,0.13708546192287813,0.025730244556910864,0.010056402500774836,0.13708546192287813,-0.9867116387400678,-1.0,2.0465929170224335,0.9072879569313693,0.6779492851636344,0.36816984088256255,2.1796678792984556,0.3591782637508283,0.18270377733598409,,,0.2453280318091451
experiments/cikm2026,ml1m,weighted_neumf,3,alpha_0.8_beta_0.0,0.8,none,,0.1525,0.21929328932018713,0.09200331125827814,0.162815706479789,0.15997063412665147,0.15033134067717913,0.13708546192287813,0.025730244556910864,0.010056402500774836,0.13708546192287813,-0.9867116387400678,-1.0,2.0465929170224335,0.9072879569313693,0.6779492851636344,0.36816984088256255,2.1796678792984556,0.3591782637508283,0.18270377733598409,,,0.2453280318091451
experiments/cikm2026_SOTA,ml1m,weighted_neumf,3,alpha_0.8_beta_0.0,0.8,none,,0.1525,0.21929328932018713,0.09200331125827814,0.162815706479789,0.15997063412665147,0.15033134067717913,0.13708546192287813,0.025730244556910864,0.010056402500774836,0.13708546192287813,-0.9867116387400678,-1.0,2.0465929170224335,0.9072879569313693,0.6779492851636344,0.36816984088256255,2.1796678792984556,0.3591782637508283,0.18270377733598409,,,0.2453280318091451
experiments/cikm2026,ml1m,weighted_neumf,4,alpha_0.8_beta_0.0,0.8,none,,0.1548,0.24442573965131298,0.0691225165562914,0.1713679125744138,0.15808182972461648,0.14866336915521763,0.1410354865060607,0.030332426068353097,0.011317967382908752,0.1410354865060607,-0.9761873973325093,-1.0,2.241441076470744,0.9135287337021025,0.5684122786535564,0.27661791117359663,1.966789966239092,0.33677932405566596,0.23724320742213384,,,0.196156394963552
experiments/cikm2026,ml1m,weighted_neumf,4,alpha_0.8_beta_0.0,0.8,none,,0.1548,0.24442573965131298,0.0691225165562914,0.1713679125744138,0.15808182972461648,0.14866336915521763,0.1410354865060607,0.030332426068353097,0.011317967382908752,0.1410354865060607,-0.9761873973325093,-1.0,2.241441076470744,0.9135287337021025,0.5684122786535564,0.27661791117359663,1.966789966239092,0.33677932405566596,0.23724320742213384,,,0.196156394963552
experiments/cikm2026_SOTA,ml1m,weighted_neumf,4,alpha_0.8_beta_0.0,0.8,none,,0.1548,0.24442573965131298,0.0691225165562914,0.1713679125744138,0.15808182972461648,0.14866336915521763,0.1410354865060607,0.030332426068353097,0.011317967382908752,0.1410354865060607,-0.9761873973325093,-1.0,2.241441076470744,0.9135287337021025,0.5684122786535564,0.27661791117359663,1.966789966239092,0.33677932405566596,0.23724320742213384,,,0.196156394963552
experiments/cikm2026,ml1m,weighted_neumf,5,alpha_0.8_beta_0.0,0.8,none,,0.1508,0.21047706415462425,0.09061258278145695,0.16227790960632935,0.14947549748489594,0.14872661785105065,0.14287143503323696,0.019406474573092386,0.007082584923251942,0.14287143503323696,-0.9696036069400683,-1.0,1.9169276632635117,0.9664112444182269,0.754067591563767,0.36259350075449404,2.91968053594652,0.47760106030483757,0.16288933068257122,,,0.22862823061630216
experiments/cikm2026,ml1m,weighted_neumf,5,alpha_0.8_beta_0.0,0.8,none,,0.1508,0.21047706415462425,0.09061258278145695,0.16227790960632935,0.14947549748489594,0.14872661785105065,0.14287143503323696,0.019406474573092386,0.007082584923251942,0.14287143503323696,-0.9696036069400683,-1.0,1.9169276632635117,0.9664112444182269,0.754067591563767,0.36259350075449404,2.91968053594652,0.47760106030483757,0.16288933068257122,,,0.22862823061630216
experiments/cikm2026_SOTA,ml1m,weighted_neumf,5,alpha_0.8_beta_0.0,0.8,none,,0.1508,0.21047706415462425,0.09061258278145695,0.16227790960632935,0.14947549748489594,0.14872661785105065,0.14287143503323696,0.019406474573092386,0.007082584923251942,0.14287143503323696,-0.9696036069400683,-1.0,1.9169276632635117,0.9664112444182269,0.754067591563767,0.36259350075449404,2.91968053594652,0.47760106030483757,0.16288933068257122,,,0.22862823061630216
experiments/cikm2026,ml1m,weighted_neumf,6,alpha_0.8_beta_0.0,0.8,none,,0.1546,0.23600686547912753,0.06637417218543046,0.16839415167620791,0.16334032713854468,0.14412085188317184,0.14267626325022106,0.02571788842598685,0.011387006334476868,0.14267626325022106,-0.9556683793077838,-1.0,2.1325089553085483,0.9551034934294084,0.6467726273846672,0.26561492387737584,2.2802573936105,0.38416169648774023,0.22876076872100726,,,0.1832339297548045
experiments/cikm2026,ml1m,weighted_neumf,6,alpha_0.8_beta_0.0,0.8,none,,0.1546,0.23600686547912753,0.06637417218543046,0.16839415167620791,0.16334032713854468,0.14412085188317184,0.14267626325022106,0.02571788842598685,0.011387006334476868,0.14267626325022106,-0.9556683793077838,-1.0,2.1325089553085483,0.9551034934294084,0.6467726273846672,0.26561492387737584,2.2802573936105,0.38416169648774023,0.22876076872100726,,,0.1832339297548045
experiments/cikm2026_SOTA,ml1m,weighted_neumf,6,alpha_0.8_beta_0.0,0.8,none,,0.1546,0.23600686547912753,0.06637417218543046,0.16839415167620791,0.16334032713854468,0.14412085188317184,0.14267626325022106,0.02571788842598685,0.011387006334476868,0.14267626325022106,-0.9556683793077838,-1.0,2.1325089553085483,0.9551034934294084,0.6467726273846672,0.26561492387737584,2.2802573936105,0.38416169648774023,0.22876076872100726,,,0.1832339297548045
experiments/cikm2026,ml1m,weighted_neumf,7,alpha_0.8_beta_0.0,0.8,none,,0.1526,0.31660688700632594,0.04663907284768212,0.1668327245576018,0.16511534582103748,0.1464177654442246,0.1319025833740696,0.034930141183532215,0.014368394830893184,0.1319025833740696,-0.9535534348311836,-1.0,2.9328082829062936,0.4824828340133447,0.39805353786935743,0.18665534521100394,0.8753137195166925,0.16361829025844932,0.40318091451292243,,,0.15109343936381708
experiments/cikm2026,ml1m,weighted_neumf,7,alpha_0.8_beta_0.0,0.8,none,,0.1526,0.31660688700632594,0.04663907284768212,0.1668327245576018,0.16511534582103748,0.1464177654442246,0.1319025833740696,0.034930141183532215,0.014368394830893184,0.1319025833740696,-0.9535534348311836,-1.0,2.9328082829062936,0.4824828340133447,0.39805353786935743,0.18665534521100394,0.8753137195166925,0.16361829025844932,0.40318091451292243,,,0.15109343936381708
experiments/cikm2026_SOTA,ml1m,weighted_neumf,7,alpha_0.8_beta_0.0,0.8,none,,0.1526,0.31660688700632594,0.04663907284768212,0.1668327245576018,0.16511534582103748,0.1464177654442246,0.1319025833740696,0.034930141183532215,0.014368394830893184,0.1319025833740696,-0.9535534348311836,-1.0,2.9328082829062936,0.4824828340133447,0.39805353786935743,0.18665534521100394,0.8753137195166925,0.16361829025844932,0.40318091451292243,,,0.15109343936381708
experiments/cikm2026,ml1m,weighted_neumf,8,alpha_0.8_beta_0.0,0.8,none,,0.1571,0.2998601982646041,0.025264900662251656,0.18167541491905187,0.15555441270511136,0.14236379715509614,0.14894242401932506,0.039311617763955725,0.014916743540208572,0.14236379715509614,-0.8912017869233799,-1.0,2.7988530515154317,0.6995303295314971,0.40050277199971346,0.10111384695335741,1.2498372976711893,0.26394963552021206,0.4054340622929092,,,0.08217362491716368
experiments/cikm2026,ml1m,weighted_neumf,8,alpha_0.8_beta_0.0,0.8,none,,0.1571,0.2998601982646041,0.025264900662251656,0.18167541491905187,0.15555441270511136,0.14236379715509614,0.14894242401932506,0.039311617763955725,0.014916743540208572,0.14236379715509614,-0.8912017869233799,-1.0,2.7988530515154317,0.6995303295314971,0.40050277199971346,0.10111384695335741,1.2498372976711893,0.26394963552021206,0.4054340622929092,,,0.08217362491716368
experiments/cikm2026_SOTA,ml1m,weighted_neumf,8,alpha_0.8_beta_0.0,0.8,none,,0.1571,0.2998601982646041,0.025264900662251656,0.18167541491905187,0.15555441270511136,0.14236379715509614,0.14894242401932506,0.039311617763955725,0.014916743540208572,0.14236379715509614,-0.8912017869233799,-1.0,2.7988530515154317,0.6995303295314971,0.40050277199971346,0.10111384695335741,1.2498372976711893,0.26394963552021206,0.4054340622929092,,,0.08217362491716368
experiments/cikm2026,ml1m,weighted_neumf,9,alpha_0.8_beta_0.0,0.8,none,,0.1549,0.2926664896553326,0.023294701986754967,0.174499417541095,0.16052164050420578,0.1486490599833994,0.13604612534067936,0.03845329220041563,0.014232704175059193,0.13604612534067936,-0.9517418564736844,-1.0,2.741297013480148,0.6672571293806577,0.49821750054195535,0.09322835659723837,1.0904287739638026,0.22538104705102713,0.3894632206759443,,,0.07534791252485089
experiments/cikm2026,ml1m,weighted_neumf,9,alpha_0.8_beta_0.0,0.8,none,,0.1549,0.2926664896553326,0.023294701986754967,0.174499417541095,0.16052164050420578,0.1486490599833994,0.13604612534067936,0.03845329220041563,0.014232704175059193,0.13604612534067936,-0.9517418564736844,-1.0,2.741297013480148,0.6672571293806577,0.49821750054195535,0.09322835659723837,1.0904287739638026,0.22538104705102713,0.3894632206759443,,,0.07534791252485089
experiments/cikm2026_SOTA,ml1m,weighted_neumf,9,alpha_0.8_beta_0.0,0.8,none,,0.1549,0.2926664896553326,0.023294701986754967,0.174499417541095,0.16052164050420578,0.1486490599833994,0.13604612534067936,0.03845329220041563,0.014232704175059193,0.13604612534067936,-0.9517418564736844,-1.0,2.741297013480148,0.6672571293806577,0.49821750054195535,0.09322835659723837,1.0904287739638026,0.22538104705102713,0.3894632206759443,,,0.07534791252485089
experiments/cikm2026,ml1m,weighted_ngcf,0,alpha_0.0,0.0,none,,0.2573,0.350199602238114,0.00024834437086092715,0.3372825701373701,0.2751367597342541,0.2225486680000006,0.1969617204725027,0.1403208496648674,0.05376304896290261,0.1969617204725027,0.9067702414609684,0.9486832980505139,3.201671440843589,0.7083480003071435,0.0889865669507687,0.0009939918984986328,0.008079295580952685,0.0023841059602649484,0.5880715705765407,,,0.000927766732935719
experiments/cikm2026,ml1m,weighted_ngcf,0,alpha_0.0_beta_0.1,0.0,none,,0.2564,0.34896615852950474,0.00024834437086092715,0.3390914213168439,0.2744150248454061,0.22157127908262092,0.19565593152640132,0.14343548979044257,0.054906068259995174,0.19565593152640132,-0.45233149958651375,-0.7745966692414834,3.191803714175313,0.716625752531734,0.09057649750766456,0.0009940357852882703,0.02251690970929687,0.0045033112582780754,0.5861497680583166,,,0.0009940357852882703
experiments/cikm2026,ml1m,weighted_ngcf,0,baseline,0.0,none,,0.2571,0.3503403307149352,0.00026490066225165563,0.3384211773431907,0.2737939680477817,0.2213971401188319,0.19700045086653958,0.14142072647665113,0.05426151585800653,0.19700045086653958,,,3.2027973559670198,0.7060960817058051,0.09004625748953404,0.0010603048376408217,,,0.5876739562624254,,,0.0010603048376408217
experiments/cikm2026,ml1m,weighted_ngcf,0,alpha_0.0_beta_0.5,0.0,none,,0.2562,0.3489744366752001,0.00023178807947019868,0.33658708571916307,0.2742033729602715,0.22043019548816323,0.19601186321152306,0.14057522250764,0.05405279000211322,0.19601186321152306,0.7099971845860018,0.7745966692414834,3.1918671320385825,0.7155025125855099,0.09170258864297191,0.000927766732935719,0.024243326845901466,0.00410868124585817,0.5835652750165672,,,0.000927766732935719
experiments/cikm2026,ml1m,weighted_ngcf,0,alpha_0.0_beta_0.0,0.0,none,,0.2571,0.33142077276389575,0.0007781456953642385,0.32985653744688564,0.2727872085144049,0.22338813667740984,0.19978073436099847,0.13007580308588718,0.04989969077211889,0.19978073436099847,-0.9760120027415192,-0.9486832980505139,3.0238241151484333,0.8273644250877463,0.1456969459636191,0.003114513800201001,0.357946481637173,0.0679920477137177,0.5196819085487077,,,0.0029158383035122596
experiments/cikm2026,ml1m,weighted_ngcf,0,alpha_0.0_beta_0.3,0.0,none,,0.255,0.33043567342614744,0.0009768211920529802,0.3282299830297442,0.2741284591404169,0.22580983087091736,0.19912912228400895,0.12910086074573526,0.04921594335052983,0.19912912228400895,-0.9541768876788899,-0.316227766016838,2.995208653264326,0.8480965906647674,0.15278496975568467,0.003909786315221255,0.4151774054053868,0.0799867461895295,0.5076872100728959,,,0.003777335984095427
experiments/cikm2026,ml1m,weighted_ngcf,0,baseline,0.0,none,,0.2571,0.33405322309502156,0.0005960264900662252,0.3305770060426437,0.26994451334499986,0.2253967393221484,0.19852726092525336,0.13204974511739032,0.049989511303991395,0.19852726092525336,,,3.043431637796115,0.8288248002151202,0.12535791999086224,0.002385641997902211,,,0.5295559973492379,,,0.0023194168323392972
experiments/cikm2026_SOTA,ml1m,weighted_ngcf,0,baseline,0.0,none,,0.2566,0.3510191386619551,0.00026490066225165563,0.3356031292831318,0.27485198667421207,0.2228587757822085,0.197768210893622,0.1378349183895098,0.0528412683278623,0.197768210893622,,,3.208229488635338,0.7023864619344153,0.0883237445926051,0.0010603048376408217,,,0.5917826375082835,,,0.0010603048376408217
experiments/cikm2026_SOTA,ml1m,weighted_ngcf,0,baseline,0.0,none,,0.2552,0.3307336866711805,0.0009768211920529802,0.3275292100864093,0.2723580577403707,0.22600261579394157,0.19769419972993188,0.1298350103564774,0.04920208355927912,0.19769419972993188,,,2.9950763793517043,0.8506127951647642,0.15040103916830913,0.003909786315221255,,,0.5089463220675944,,,0.003777335984095427
experiments/cikm2026_SOTA,ml1m,weighted_ngcf,0,baseline,0.0,none,,0.2568,0.3320995807109156,0.0006622516556291391,0.32968720593776624,0.2724833988554901,0.2239613726546657,0.19956980609704983,0.1301173998407164,0.04977856759196978,0.19956980609704983,,,3.0221686177859084,0.8344518346971159,0.14072882930966263,0.002650718207312416,,,0.5200132538104705,,,0.0025844930417495025
experiments/cikm2026_SOTA,ml1m,weighted_ngcf,0,baseline,0.0,none,,0.2567,0.35043139031758425,0.00024834437086092715,0.3361783877724616,0.2744299281225987,0.22191681159806023,0.19729830272262167,0.13888008504983995,0.05330879624042607,0.19729830272262167,,,3.2035278518709838,0.707419268239105,0.08805884410462263,0.0009940357852882703,,,0.5910536779324055,,,0.0009940357852882703
experiments/cikm2026_SOTA,ml1m,weighted_ngcf,0,baseline,0.0,none,,0.2581,0.33274527607515403,0.0005960264900662252,0.33229404191808537,0.2727228631132136,0.22518323682056607,0.20026657387543365,0.13202746804265172,0.050363349919031485,0.20026657387543365,,,3.033823635182054,0.827965013247987,0.13582566568526686,0.0023856858846918487,,,0.5221338634857521,,,0.0023856858846918487
experiments/cikm2026,ml1m,weighted_ngcf,1,baseline,0.0,none,,0.2541,0.33527838865793547,0.0005960264900662252,0.3261244412073766,0.2664953842895259,0.2261718232868229,0.19714057829866072,0.12898386290871588,0.04838767858431966,0.19714057829866072,,,3.065828380247309,0.8162319718201848,0.11555396204781382,0.0023856858846918487,,,0.545328031809145,,,0.0023856858846918487
experiments/cikm2026,ml1m,weighted_ngcf,1,baseline,0.0,none,,0.2516,0.33190918335992226,0.0008609271523178808,0.32074348988527457,0.2641084837872973,0.22933773811768102,0.1931819664450749,0.12756152344019966,0.047024789390982924,0.1931819664450749,,,2.984959541913,0.8701375554597519,0.141456955791704,0.0034459468355430324,,,0.5202120609675281,,,0.0033797216699801187
experiments/cikm2026_SOTA,ml1m,weighted_ngcf,1,baseline,0.0,none,,0.2519,0.3291111701148891,0.0013741721854304636,0.3194665616186979,0.2665189897293899,0.22768013909683613,0.1974651770378813,0.12200138458081661,0.04562233544677387,0.1974651770378813,,,2.9172021495441687,0.9155023269597835,0.16179519215078578,0.005500331345261762,,,0.49821073558648105,,,0.005500331345261762
experiments/cikm2026_SOTA,ml1m,weighted_ngcf,1,baseline,0.0,none,,0.2531,0.3353032230950216,0.0005298013245033113,0.32297733358917485,0.26570091851395644,0.2266991254667155,0.19524598721706085,0.127731346372114,0.04765744632260737,0.19524598721706085,,,3.07258628795626,0.8096733979678568,0.115619704400601,0.0021206096752816434,,,0.5502319416832339,,,0.0021206096752816434
experiments/cikm2026_SOTA,ml1m,weighted_ngcf,1,baseline,0.0,none,,0.2545,0.3356012363400547,0.0005794701986754967,0.32663692438361613,0.2670213146738828,0.22565967985348379,0.19619437672987813,0.130442547653738,0.04896499204410292,0.19619437672987813,,,3.07006885317391,0.8145755530674369,0.11303617692631324,0.0023194168323392972,,,0.5480450629555996,,,0.0023194168323392972
experiments/cikm2026_SOTA,ml1m,weighted_ngcf,1,baseline,0.0,none,,0.2557,0.33538600455197526,0.0005298013245033113,0.3245076950794013,0.2693108492199619,0.22889730124656127,0.19491767763539158,0.12959001744400972,0.048285495675336264,0.19491767763539158,,,3.0754998008989087,0.8074231459027299,0.11495648740986901,0.0021205657884920057,,,0.550364479787939,,,0.002054340622929092
experiments/cikm2026_SOTA,ml1m,weighted_ngcf,1,baseline,0.0,none,,0.2553,0.3357833555453527,0.0005298013245033113,0.32553215357616994,0.27019456649773865,0.22814592978255105,0.1953408304057914,0.13019132317037854,0.048697696274403936,0.1953408304057914,,,3.085369764689751,0.800733526212724,0.11177609942224273,0.0021206096752816434,,,0.5544068919814445,,,0.0021206096752816434
experiments/cikm2026,ml1m,weighted_ngcf,2,baseline,0.0,none,,0.2544,0.33088269329369707,0.0010927152317880796,0.32900742344374717,0.27287696889772534,0.2248177404173615,0.1936661083681287,0.13534131507561847,0.05116020401052547,0.1936661083681287,,,2.9896551236945386,0.8572237333345252,0.14874751717603615,0.004373625794899477,,,0.5133863485752154,,,0.004174950298210735
experiments/cikm2026,ml1m,weighted_ngcf,2,baseline,0.0,none,,0.2552,0.33077507739965734,0.0011423841059602648,0.3279726434306683,0.2715927785733288,0.22405923236879563,0.19546411063314545,0.13250853279752284,0.05025428495921991,0.19546411063314545,,,2.9922369409200944,0.8537813839377584,0.1494092860769793,0.004572389065167493,,,0.5133863485752154,,,0.004307488402915838
experiments/cikm2026_SOTA,ml1m,weighted_ngcf,2,baseline,0.0,none,,0.252,0.3292601767374057,0.0011423841059602648,0.32435189772736733,0.26984860160246515,0.2226688110520734,0.19428934984963842,0.13006254787772892,0.04935005872888289,0.19428934984963842,,,2.9637552453899048,0.8701411084308414,0.1615312571140856,0.004572389065167493,,,0.5027170311464545,,,0.004307488402915838
experiments/cikm2026_SOTA,ml1m,weighted_ngcf,2,baseline,0.0,none,,0.2549,0.33076679925396196,0.0011589403973509935,0.3295112655439034,0.27108762693937744,0.2254908890266082,0.1938606481054403,0.13565061743846313,0.05103809312590858,0.1938606481054403,,,2.9842223341185288,0.8617299849496194,0.1494091544747001,0.004638526457151132,,,0.5098740888005301,,,0.004174950298210735
experiments/cikm2026_SOTA,ml1m,weighted_ngcf,2,baseline,0.0,none,,0.2568,0.3337883224327699,0.000728476821192053,0.3362069086954316,0.2725298307239269,0.22676942373799572,0.18927140122021857,0.14693550747521306,0.054802748193796276,0.18927140122021857,,,3.040786706836062,0.8293467951515023,0.12695074748250226,0.0029157505299329846,,,0.52909211398277,,,0.0027833001988071568
experiments/cikm2026_SOTA,ml1m,weighted_ngcf,2,baseline,0.0,none,,0.2537,0.33102342177051824,0.0011589403973509935,0.3277440341815769,0.27118517596366193,0.22408502302727015,0.19333697481843146,0.13440705936314543,0.050765122094236496,0.19333697481843146,,,2.9779980009523745,0.8700078687183992,0.1473554722117053,0.004638658117520044,,,0.5094764744864148,,,0.004373757455268389
experiments/cikm2026_SOTA,ml1m,weighted_ngcf,2,baseline,0.0,none,,0.2527,0.3303032230950216,0.0009105960264900663,0.3257065662967979,0.2691150538500604,0.22172162632685935,0.19409987874918505,0.13160668754761284,0.0499825979941223,0.19409987874918505,,,2.965016199177525,0.8772273342005954,0.15411175651606784,0.003644710105811049,,,0.5051027170311464,,,0.0035122597746852216
experiments/cikm2026,ml1m,weighted_ngcf,3,baseline,0.0,none,,0.2547,0.3330018985917103,0.0005960264900662252,0.33575036316105067,0.2770071284805162,0.22411795185988803,0.18550784837859854,0.15024251478245212,0.05653842690784113,0.18550784837859854,,,2.997268342034259,0.8665723649056495,0.13377360717539888,0.0023856858846918487,,,0.510934393638171,,,0.0023856858846918487
experiments/cikm2026,ml1m,weighted_ngcf,3,baseline,0.0,none,,0.2551,0.3329687860089289,0.0005629139072847682,0.33333558859113144,0.28004027173580587,0.22392269684604232,0.18752780305197997,0.14580778553915147,0.05539844840467584,0.18752780305197997,,,2.9877342436121532,0.8758432743083895,0.1341693342994701,0.002253147779986746,,,0.5137839628893306,,,0.002253147779986746
experiments/cikm2026_SOTA,ml1m,weighted_ngcf,3,baseline,0.0,none,,0.2548,0.3330101767374057,0.0005629139072847682,0.33126795329988223,0.2764775024150563,0.22479735009412244,0.18729338664306705,0.14397456665681518,0.054255098045980436,0.18729338664306705,,,2.9805181117832777,0.8833904003047107,0.13383834013202442,0.002253147779986746,,,0.5145129224652086,,,0.002253147779986746
experiments/cikm2026_SOTA,ml1m,weighted_ngcf,3,baseline,0.0,none,,0.2543,0.33306812375727324,0.0005794701986754967,0.33646312542383516,0.2754977930591696,0.22325953539096974,0.18819185551282822,0.14827126991100695,0.055955952819369784,0.18819185551282822,,,2.9913746090419697,0.8729966891846558,0.1333093288278243,0.0023193729455496595,,,0.5108681245858183,,,0.002253147779986746
experiments/cikm2026_SOTA,ml1m,weighted_ngcf,3,baseline,0.0,none,,0.2556,0.33272044163806797,0.0006125827814569537,0.33409481206742075,0.278719730902878,0.22335718164462562,0.1874783013354008,0.14661651073201995,0.05562313368048899,0.1874783013354008,,,2.9811103224462343,0.8804785973784354,0.13595912523828516,0.0024519549370444,,,0.5113982770046388,,,0.0024519549370444
experiments/cikm2026_SOTA,ml1m,weighted_ngcf,3,baseline,0.0,none,,0.2538,0.3314290509095911,0.0008278145695364238,0.32935103973961394,0.2763417377915687,0.2231705766570282,0.1863549044370104,0.14299613530260355,0.05409041494313017,0.1863549044370104,,,2.983356450140661,0.8678961650407482,0.14543401997454225,0.0033133648440482927,,,0.5051027170311464,,,0.003180914512922465
experiments/cikm2026_SOTA,ml1m,weighted_ngcf,3,baseline,0.0,none,,0.2549,0.33281977938641233,0.0005960264900662252,0.3339619325796002,0.27772021541566133,0.22315011834515583,0.18801484213550643,0.1459470904440938,0.05534120258480491,0.18801484213550643,,,2.986143566863654,0.876241590811139,0.13522915644051461,0.0023856858846918487,,,0.511795891318754,,,0.0023856858846918487
experiments/cikm2026,ml1m,weighted_ngcf,4,baseline,0.0,none,,0.2557,0.3371201320394385,0.0004304635761589404,0.3378196141977192,0.2650517750561327,0.22533512602445432,0.19477421864707675,0.14304539555064247,0.05353749847422316,0.19477421864707675,,,3.0970235075682155,0.7948433475275873,0.10641014954303031,0.001722995361166335,,,0.5525513585155731,,,0.001722995361166335
experiments/cikm2026,ml1m,weighted_ngcf,4,baseline,0.0,none,,0.2557,0.3369876817083127,0.0003642384105960265,0.337718947960583,0.2640067743431914,0.22485042104991562,0.19556279735406282,0.14215615060652018,0.05330145574507924,0.19556279735406282,,,3.095963598583028,0.795770543035181,0.10680793923003498,0.0014579191517561298,,,0.5530815109343936,,,0.0014579191517561298
experiments/cikm2026_SOTA,ml1m,weighted_ngcf,4,baseline,0.0,none,,0.255,0.3370787413109617,0.00046357615894039735,0.3362835776538892,0.26538605207848404,0.22319335511745816,0.19529243259885862,0.1409911450550306,0.05313082979540445,0.19529243259885862,,,3.096692952559115,0.7945108610350248,0.10694074065547791,0.001855445750381891,,,0.5537442014579191,,,0.0017892644135188865
experiments/cikm2026_SOTA,ml1m,weighted_ngcf,4,baseline,0.0,none,,0.2553,0.33674761548314713,0.00038079470198675497,0.33657250067380234,0.26463040330338305,0.2241182535195596,0.19218165276815935,0.144390847905643,0.05395619880848336,0.19218165276815935,,,3.0940440337101776,0.7970276364118254,0.1074042293893774,0.0015241004886191343,,,0.5538767395626242,,,0.0014579191517561298
experiments/cikm2026_SOTA,ml1m,weighted_ngcf,4,baseline,0.0,none,,0.2556,0.3366234432977167,0.00046357615894039735,0.33790804848758593,0.26484709576047044,0.22341919360661375,0.19327700744284584,0.1446310410447401,0.054262578463677866,0.19327700744284584,,,3.0930503483221297,0.7953052125083601,0.10978890570363842,0.001855533465871438,,,0.5526176275679258,,,0.001855533465871438
experiments/cikm2026_SOTA,ml1m,weighted_ngcf,4,baseline,0.0,none,,0.2553,0.33673933733745176,0.0005298013245033113,0.33730425658375907,0.2639799381040507,0.2240629389269782,0.19608823995435865,0.14121601662940042,0.05310793746076989,0.19608823995435865,,,3.0939795185028984,0.7980196990923616,0.10588030433173737,0.002120478073002459,,,0.5546056991385022,,,0.0019880715705765406
experiments/cikm2026_SOTA,ml1m,weighted_ngcf,4,baseline,0.0,none,,0.2553,0.3511598671387763,0.00019867549668874172,0.33869161327706715,0.26412569489620247,0.22313124384967223,0.19287798391712144,0.1458136293599457,0.054685424672741234,0.19287798391712144,,,3.2093627262304096,0.7140395526685464,0.07580249247281289,0.0007952286282306162,,,0.5948972829688535,,,0.0007952286282306162
experiments/cikm2026,ml1m,weighted_ngcf,5,baseline,0.0,none,,0.2573,0.3413088737612928,0.0004966887417218543,0.3363543616843642,0.26781419488410957,0.23129636159232625,0.19377880282606658,0.14257555885829765,0.052610055166167874,0.19377880282606658,,,3.130533534054256,0.7578215441958167,0.10965685017935015,0.0019880715705765406,,,0.5583167660702452,,,0.0019880715705765406
experiments/cikm2026,ml1m,weighted_ngcf,5,baseline,0.0,none,,0.2565,0.34715324462221997,0.0004304635761589404,0.3356536869489455,0.2702011236495791,0.23046466064143908,0.19448699275567732,0.14116669419326816,0.05237056278539791,0.19448699275567732,,,3.1772986851747276,0.7325881739264202,0.08839023331126475,0.0017229075875870603,,,0.5765407554671967,,,0.0015904572564612324
experiments/cikm2026_SOTA,ml1m,weighted_ngcf,5,baseline,0.0,none,,0.2573,0.3460191386619551,0.00038079470198675497,0.33710428283238,0.27251081017706447,0.2275247484200988,0.19468254674744265,0.14242173608493733,0.05339916697191563,0.19468254674744265,,,3.1682241249202874,0.7392110426226437,0.09104068813974961,0.0015241443173190437,,,0.5728296885354539,,,0.0014579191517561298
experiments/cikm2026_SOTA,ml1m,weighted_ngcf,5,baseline,0.0,none,,0.2565,0.3415903307149352,0.0005132450331125828,0.3354162960292557,0.2669004427549711,0.2289061334598818,0.19269870760572336,0.14271758842353235,0.052836770843585415,0.19269870760572336,,,3.132784707219158,0.7555040140307141,0.10965698201398823,0.0020542967361394542,,,0.5579191517561298,,,0.0019880715705765406
experiments/cikm2026_SOTA,ml1m,weighted_ngcf,5,baseline,0.0,none,,0.2545,0.3403982777348028,0.00039735099337748344,0.3309587606845602,0.2624022881168,0.22629784402358272,0.19149190630787682,0.13946685437668338,0.05162858178180852,0.19149190630787682,,,3.123247931702884,0.7769661911305007,0.0981954199101538,0.0015904572564612324,,,0.5567263088137839,,,0.0015904572564612324
experiments/cikm2026_SOTA,ml1m,weighted_ngcf,5,baseline,0.0,none,,0.2551,0.3342353423003196,0.000695364238410596,0.331873447489836,0.26430100360143005,0.23011698849593112,0.1928970787327591,0.1389763687570769,0.05116592631520969,0.1928970787327591,,,3.063437998882754,0.8102759633572201,0.12350286922158708,0.002783168538438244,,,0.5363154406891981,,,0.0025844930417495025
experiments/cikm2026_SOTA,ml1m,weighted_ngcf,5,baseline,0.0,none,,0.2563,0.34139993336394187,0.0005298013245033113,0.3351107202738638,0.26671292968917504,0.23162152587188317,0.19246773730736616,0.14264298296649763,0.05244763226129313,0.19246773730736616,,,3.131262448930088,0.7592123170822351,0.10740466819918404,0.0021205657884920057,,,0.558051689860835,,,0.002054340622929092
experiments/cikm2026,ml1m,weighted_ngcf,6,baseline,0.0,none,,0.2577,0.3287800442870746,0.001175496688741722,0.3295126960128171,0.2791823119315929,0.22852016411312043,0.19388961465965396,0.13562308135316312,0.05133653160880774,0.19388961465965396,,,2.9542176803761357,0.8758355077988669,0.16524188459703482,0.004704927227962324,,,0.5008614976805831,,,0.004506295559973492
experiments/cikm2026,ml1m,weighted_ngcf,6,baseline,0.0,none,,0.2581,0.3286724283930348,0.0013245033112582781,0.3285259529927086,0.2804572439107264,0.22702034572204233,0.19436868335086238,0.1341572696418462,0.051201217942574796,0.19436868335086238,,,2.960509686681462,0.8686827933104531,0.16550612742215973,0.005301392585924923,,,0.5031146454605698,,,0.005168986083499005
experiments/cikm2026_SOTA,ml1m,weighted_ngcf,6,baseline,0.0,none,,0.2579,0.3290283886579355,0.0011258278145695364,0.33080938514820585,0.28026161230975244,0.2279463189002732,0.1941289889404182,0.13668039620778766,0.05191143237704814,0.1941289889404182,,,2.945407758741183,0.8866337203221647,0.16345235697895757,0.004506163957694307,,,0.49821073558648105,,,0.004373757455268389
experiments/cikm2026_SOTA,ml1m,weighted_ngcf,6,baseline,0.0,none,,0.2601,0.3329853423003196,0.0007781456953642385,0.33228116288316184,0.28191807009452896,0.2279979374835441,0.1900351041566059,0.14224605872655594,0.05387277273978905,0.1900351041566059,,,3.0534397967888856,0.8102691621247106,0.13317643951262265,0.0031146015737802757,,,0.5373757455268389,,,0.003048376408217362
experiments/cikm2026_SOTA,ml1m,weighted_ngcf,6,baseline,0.0,none,,0.2581,0.32887938203541894,0.0013079470198675497,0.3295158047318537,0.27949112829529865,0.22942034628954094,0.196612448122574,0.1329033566092797,0.050396669205009924,0.196612448122574,,,2.953091808965225,0.8777563886945086,0.16391667880669372,0.005235123533572372,,,0.5011265738899933,,,0.005102717031146454
experiments/cikm2026_SOTA,ml1m,weighted_ngcf,6,baseline,0.0,none,,0.259,0.3288628257440282,0.001109271523178808,0.3314132250572746,0.2809823821338949,0.2303320371000998,0.19431386162123945,0.13709936343603515,0.05179956008264175,0.19431386162123945,,,2.9575263529933453,0.8731886044311384,0.16484514772826364,0.004439894847252028,,,0.5011265738899933,,,0.004241219350563287
experiments/cikm2026_SOTA,ml1m,weighted_ngcf,6,baseline,0.0,none,,0.2599,0.33287772640627983,0.0008112582781456954,0.33120951223498285,0.2836031021645927,0.2274628154073829,0.19041161376632212,0.14079789846866073,0.05365571523946253,0.19041161376632212,,,3.0556914534636404,0.8071560516561628,0.13390539908850072,0.0032470957916957413,,,0.5385685884691849,,,0.0031146454605699135
experiments/cikm2026,ml1m,weighted_ngcf,7,baseline,0.0,none,,0.2521,0.32769560720098184,0.0009602649006622517,0.3179159324803268,0.27039483798094766,0.22975000705081466,0.19370589669518448,0.12421003578514231,0.046295242538520305,0.19370589669518448,,,2.9297763764463474,0.8915998667758555,0.17478037111720737,0.0038433856605895192,,,0.4891318754141815,,,0.003578528827037773
experiments/cikm2026,ml1m,weighted_ngcf,7,baseline,0.0,none,,0.2519,0.3276376601811143,0.0009768211920529802,0.3166239484694837,0.269544838321301,0.22981276644062107,0.1941619440154889,0.12246200445399483,0.04560822698669915,0.1941619440154889,,,2.9290479440347523,0.8918655564127952,0.17517684483950993,0.00390965471294207,,,0.48979456593770704,,,0.0036447978793903244
experiments/cikm2026_SOTA,ml1m,weighted_ngcf,7,baseline,0.0,none,,0.2555,0.3329853423003196,0.0005463576158940398,0.3213656954570382,0.274307736735547,0.230839033339224,0.1973880836230806,0.12397761183395758,0.046573264538312065,0.1973880836230806,,,3.0468149985261617,0.8168945744539515,0.13410354829225216,0.0021868787276341944,,,0.5343936381709741,,,0.0021868787276341944
experiments/cikm2026_SOTA,ml1m,weighted_ngcf,7,baseline,0.0,none,,0.252,0.32806812375727323,0.0011258278145695364,0.3188212487756907,0.2700666339408611,0.23023098025576358,0.19243506882470812,0.12638617995098256,0.04693132266576758,0.19243506882470812,,,2.9427567755866204,0.8816003023326374,0.17113684595471657,0.004506076126025304,,,0.4933730947647448,,,0.004174950298210735
experiments/cikm2026_SOTA,ml1m,weighted_ngcf,7,baseline,0.0,none,,0.2547,0.3327618323665448,0.0005629139072847682,0.32193829310452127,0.2754244207857526,0.2302777533859692,0.1954388901239099,0.12649940298061138,0.047576876539442585,0.1954388901239099,,,3.0433055014118136,0.818615026704908,0.13582636799008047,0.002253103893197108,,,0.5325381047051027,,,0.0021868787276341944
experiments/cikm2026_SOTA,ml1m,weighted_ngcf,7,baseline,0.0,none,,0.2519,0.3278032230950216,0.0009602649006622517,0.3153572005152057,0.2693291184137321,0.22904420443810342,0.1925183691072217,0.12283883140798402,0.04576761838700417,0.1925183691072217,,,2.9379219868834032,0.8843153150353069,0.17391931247878978,0.003843385602499791,,,0.49224652087475146,,,0.0035122597746852216
experiments/cikm2026_SOTA,ml1m,weighted_ngcf,7,baseline,0.0,none,,0.2513,0.32728169991621364,0.0011258278145695364,0.3177301600916002,0.2688133693405782,0.2296912195681733,0.19273096000680742,0.12499920008479279,0.0464042319509993,0.19273096000680742,,,2.9273249930250933,0.890738280276078,0.17743078217508207,0.00450594452374612,,,0.48866799204771366,,,0.004042412193505632
experiments/cikm2026,ml1m,weighted_ngcf,8,baseline,0.0,none,,0.257,0.33973602607917364,0.00031456953642384106,0.33269248229136233,0.2695032374505929,0.22599027620705997,0.1990737234678039,0.13361875882355845,0.050503965935700376,0.1990737234678039,,,3.1179574200201228,0.7878897476942074,0.09289376417776027,0.0012590681079088382,,,0.5645460569913849,,,0.0011928429423459243
experiments/cikm2026,ml1m,weighted_ngcf,8,baseline,0.0,none,,0.2565,0.3543966221056637,9.933774834437086e-05,0.3316870505019088,0.26634445493471526,0.22629641374508053,0.19890454884468892,0.13278250165721986,0.049943927719679225,0.19890454884468892,,,3.2352634822708364,0.6950975299960035,0.06924137341904485,0.0003976143141153081,,,0.6068919814446653,,,0.0003976143141153081
experiments/cikm2026_SOTA,ml1m,weighted_ngcf,8,baseline,0.0,none,,0.2589,0.3316525608433659,0.0008940397350993377,0.3257542329987313,0.26986047825988313,0.22737818305117233,0.20576304564496473,0.11999118735376657,0.045812310370529186,0.20576304564496473,,,2.9884655729004024,0.8645792465866236,0.14337687111988387,0.0035783093930895856,,,0.5178926441351888,,,0.0032471835652750163
experiments/cikm2026_SOTA,ml1m,weighted_ngcf,8,baseline,0.0,none,,0.2589,0.3317767330287964,0.0009105960264900663,0.3261207715661103,0.27175283089026075,0.22939124007227238,0.20424440065527252,0.12187637091083778,0.04619968958555993,0.20424440065527252,,,2.992239530240683,0.861798754735725,0.14231713657814946,0.003644578445442137,,,0.5172962226640159,,,0.0033134526176275677
experiments/cikm2026_SOTA,ml1m,weighted_ngcf,8,baseline,0.0,none,,0.2568,0.3549595360129485,4.966887417218543e-05,0.3325139730513586,0.26835094719513336,0.22574288080524257,0.19617992258015915,0.13633405047119945,0.05123597732478699,0.19617992258015915,,,3.239769030128873,0.6927784219396143,0.06725374077445441,0.00019880715705765406,,,0.608416169648774,,,0.00019880715705765406
experiments/cikm2026_SOTA,ml1m,weighted_ngcf,8,baseline,0.0,none,,0.2592,0.33575852110826665,0.0005463576158940398,0.32927856292281643,0.2700210104854265,0.23066827489286573,0.20360947429844842,0.125669088624368,0.047248991317831224,0.20360947429844842,,,3.0768868862493823,0.80901856242451,0.1119076725984731,0.0021868787276341944,,,0.5442677269715043,,,0.0021868787276341944
experiments/cikm2026_SOTA,ml1m,weighted_ngcf,8,baseline,0.0,none,,0.2598,0.3354853423003196,0.0006125827814569537,0.3307450829931176,0.26856769242661427,0.22938631752594413,0.20359198089340758,0.12715310209971004,0.04791262205758927,0.20359198089340758,,,3.0720531065356984,0.8116663848588728,0.1138285536683839,0.0024519549370444,,,0.5442014579191516,,,0.0024519549370444
experiments/cikm2026,ml1m,weighted_ngcf,9,baseline,0.0,none,,0.2542,0.33731052939043193,0.00023178807947019868,0.33593500975360185,0.2683523031378895,0.22499793947607025,0.18990379009956312,0.14603121965403873,0.05446612609906035,0.18990379009956312,,,3.0985327787367565,0.788295697477688,0.11224375705261942,0.000927766732935719,,,0.5366467859509608,,,0.000927766732935719
experiments/cikm2026,ml1m,weighted_ngcf,9,baseline,0.0,none,,0.255,0.33651582740367697,0.00024834437086092715,0.33637825392587506,0.26864105981747755,0.22857744387372175,0.18970682981266052,0.14667142411321454,0.0542381780848392,0.18970682981266052,,,3.0921763896977756,0.7955799850842423,0.11124958943269306,0.0009940357852882703,,,0.5362491716368455,,,0.0009940357852882703
experiments/cikm2026_SOTA,ml1m,weighted_ngcf,9,baseline,0.0,none,,0.2547,0.3362757611785114,0.00018211920529801324,0.3359007537034386,0.2689707900399155,0.2274621125914155,0.19227087892064318,0.1436298747827954,0.053451128056877184,0.19227087892064318,,,3.0902560790399507,0.7991561443150884,0.10985881706908222,0.0007289595758780649,,,0.5362491716368455,,,0.0007289595758780649
experiments/cikm2026_SOTA,ml1m,weighted_ngcf,9,baseline,0.0,none,,0.2544,0.33620953601294845,0.00023178807947019868,0.33507032306009255,0.2692177727618624,0.22718222053080117,0.18988590989325402,0.14518441316683853,0.05391339222511037,0.18988590989325402,,,3.0897266294487515,0.7966387971901382,0.1127068066281739,0.000927766732935719,,,0.537508283631544,,,0.000927766732935719
experiments/cikm2026_SOTA,ml1m,weighted_ngcf,9,baseline,0.0,none,,0.2541,0.3355101767374057,0.0002814569536423841,0.3351187826920566,0.2700355803102526,0.22512928960276613,0.18891090589507087,0.14620787679698571,0.054554911627107905,0.18891090589507087,,,3.082174282028169,0.8017393212759564,0.11495982280588146,0.001126573889993373,,,0.5318091451292246,,,0.001126573889993373
experiments/cikm2026_SOTA,ml1m,weighted_ngcf,9,baseline,0.0,none,,0.2553,0.33536117011488914,0.000347682119205298,0.33791780913206415,0.26552889966954074,0.22600107743742548,0.18940189199551694,0.14851591713654722,0.05506800176379582,0.18940189199551694,,,3.0660882318956117,0.816634810579228,0.11588535131254567,0.0013916062126139409,,,0.5353876739562624,,,0.001325381047051027
experiments/cikm2026_SOTA,ml1m,weighted_ngcf,9,baseline,0.0,none,,0.2545,0.3361144813731673,0.000347682119205298,0.3365613695983599,0.2696530020346652,0.22581506742268248,0.18770746076634912,0.1488539088320108,0.05533307397031471,0.18770746076634912,,,3.0886675090897135,0.8000818920814315,0.10985894872945114,0.0013916500994035784,,,0.5377070907886017,,,0.0013916500994035784
experiments/cikm2026,ml1m,weighted_ngcf,0,alpha_0.1,0.1,none,,0.2567,0.3320995807109156,0.0007615894039735099,0.3308658590665293,0.27158153526366674,0.2245275829578903,0.19956864296674207,0.13129721609978726,0.0500526589828893,0.19956864296674207,-0.8990834495330601,-0.7999999999999999,3.0249511712122152,0.8316689740632819,0.14033160997665406,0.0030482447478484497,0.3556923695096088,0.06679920477137169,0.5208747514910537,,,0.002849569251159708
experiments/cikm2026,ml1m,weighted_ngcf,0,alpha_0.1_beta_0.3,0.1,none,,0.2557,0.3317850111744918,0.0007615894039735099,0.329187356866576,0.2739707463666491,0.2230515204855893,0.19889818682011795,0.13028917004645807,0.05006308392863981,0.19889818682011795,-0.995998180801243,-1.0,3.020709645118842,0.8333925393137266,0.14284957081958238,0.0030482447478484497,0.36417542169635486,0.07097415506958249,0.5166998011928429,,,0.002849569251159708
experiments/cikm2026,ml1m,weighted_ngcf,0,alpha_0.1_beta_0.0,0.1,none,,0.256,0.3321326932936971,0.000728476821192053,0.3289035427755181,0.2712926240245767,0.22306920962107382,0.19933084104306562,0.12957270173245247,0.04960879150738808,0.19933084104306562,-0.9361458364343541,-0.9486832980505139,3.020909285544006,0.8359758919379324,0.1401991597617077,0.0029156627563537096,0.3637761408460277,0.07017892644135182,0.5174950298210735,,,0.002650762094102054
experiments/cikm2026,ml1m,weighted_ngcf,0,alpha_0.1_beta_0.1,0.1,none,,0.2564,0.3312386535585977,0.0007119205298013246,0.32898512079528697,0.27295203898484505,0.2239748089974147,0.19870308465796518,0.13028203613732178,0.04980626034202071,0.19870308465796518,-0.9756351432836894,-0.7999999999999999,3.010907398121603,0.8388220822548283,0.14742116980635694,0.002849349817211521,0.3837799156908338,0.07335984095427428,0.5143141153081511,,,0.0025182239893969515
experiments/cikm2026,ml1m,weighted_ngcf,0,alpha_0.1_beta_0.5,0.1,none,,0.257,0.3329605078632335,0.0007947019867549669,0.3353892492963573,0.27353845748273103,0.22264966873696723,0.19978130832549346,0.13560794097086382,0.05212844407492423,0.19978130832549346,-0.8642224858730703,-0.632455532033676,3.042701800484444,0.8208081758411158,0.13330919693509646,0.00318082673934319,0.32019111096515085,0.06017229953611658,0.5275016567263088,,,0.003048376408217362
experiments/cikm2026,ml1m,weighted_ngcf,0,alpha_0.1_beta_0.0,0.1,none,,0.2563,0.33191746150561763,0.000728476821192053,0.33047447272400554,0.27129662483910083,0.22390239869042833,0.19865456076188606,0.13181991196211948,0.050247294267641754,0.19865456076188606,0.2345350717153502,0.21081851067789195,3.0217702135095794,0.83339223193193,0.14192184791534654,0.002915706643143347,0.04822491520199449,0.01179589131875415,0.5184227965540092,,,0.0027170311464546053
experiments/cikm2026_SOTA,ml1m,weighted_ngcf,0,alpha_0.1_beta_0.0,0.1,none,,0.2564,0.3473850327016902,0.00019867549668874172,0.33635519758157745,0.2714168877351735,0.22107636920066018,0.19596966882271055,0.1403855287588669,0.053660440558727776,0.19596966882271055,-0.9546193326258497,-0.632455532033676,3.1791497043425982,0.7269601260981612,0.09309494093100969,0.0007952286282306162,0.3681466499817866,0.06951623591782641,0.5784625579854208,,,0.0007952286282306162
experiments/cikm2026,ml1m,weighted_ngcf,1,alpha_0.1_beta_0.0,0.1,none,,0.2505,0.3292684548831011,0.001109271523178808,0.31868345596917647,0.2656244390196568,0.22409246105652783,0.197263477361792,0.12141997860738446,0.045841743696140455,0.197263477361792,-0.9627151279185411,-0.632455532033676,2.926937339037175,0.907026118323914,0.16159656001807912,0.0044399826208313025,0.2777820824202679,0.045165562913907276,0.5010603048376407,,,0.004373757455268389
experiments/cikm2026,ml1m,weighted_ngcf,1,alpha_0.1_beta_0.0,0.1,none,,0.2536,0.3352535542208494,0.0004966887417218543,0.32365405775972883,0.26877053315050425,0.22589572156759266,0.19575548672631995,0.12789857103340888,0.048091591176275976,0.19575548672631995,-0.23297221570231152,-0.2581988897471611,3.080729702950129,0.8011336847407539,0.11614858462532947,0.001988027683786903,0.19154032207425728,0.028561961563949634,0.5487740225314778,,,0.0019218025182239891
experiments/cikm2026_SOTA,ml1m,weighted_ngcf,1,alpha_0.1_beta_0.0,0.1,none,,0.2514,0.3292684548831011,0.001076158940397351,0.31961046098710194,0.2644987171028538,0.2256231235967236,0.1985306574127682,0.12107980357433373,0.04550298144830206,0.1985306574127682,-0.6866441027139751,-0.9486832980505139,2.9195181017598952,0.9144457061727035,0.16172879143806432,0.004307400629336562,0.30613637239272995,0.05215374420145791,0.49807819748177595,,,0.004174950298210735
experiments/cikm2026,ml1m,weighted_ngcf,2,alpha_0.1_beta_0.0,0.1,none,,0.2569,0.33576679925396197,0.0004304635761589404,0.33710449981198853,0.26867883727235314,0.22578237001829085,0.1905618373031383,0.14654266250885023,0.054619306524103725,0.1905618373031383,-0.8934057582622502,-0.316227766016838,3.047151213246523,0.8388185293418289,0.11230726205048101,0.001722995361166335,0.11751040309336622,0.02644135188866792,0.5398277004638833,,,0.001722995361166335
experiments/cikm2026,ml1m,weighted_ngcf,2,alpha_0.1_beta_0.0,0.1,none,,0.2553,0.3348148124989951,0.0004470198675496689,0.3338827831029785,0.26831586396976664,0.22512286172637053,0.19006374000991644,0.14381904309306204,0.05363640956781716,0.19006374000991644,-0.8465356097215812,-0.7999999999999999,3.0217796001706665,0.8565707814958389,0.11986035391997572,0.0017892644135188865,0.07644781021751218,0.01954937044400265,0.5267726971504307,,,0.0017892644135188865
experiments/cikm2026_SOTA,ml1m,weighted_ngcf,2,alpha_0.1_beta_0.0,0.1,none,,0.2552,0.3347734217705183,0.0004966887417218543,0.3348902130600164,0.27017943587845983,0.22544172139906402,0.19088505641381218,0.1440051566462042,0.05384420056829637,0.19088505641381218,-0.9492596592779862,-0.7999999999999999,3.032776137212515,0.8452419777439139,0.11999385735978367,0.001988027683786903,0.09710760618797229,0.02133863485752152,0.5312127236580516,,,0.0019218025182239891
experiments/cikm2026,ml1m,weighted_ngcf,3,alpha_0.1_beta_0.0,0.1,none,,0.2562,0.333175739651313,0.000695364238410596,0.33538549138485196,0.27921678537348676,0.2250324375197617,0.1859937082264885,0.14939178315836346,0.05634776668017792,0.1859937082264885,-0.5849540724689272,-0.316227766016838,3.006876432770438,0.8583566702862084,0.13198364063133552,0.002783256312017519,0.02292452835257821,0.007952286282306154,0.5188866799204771,,,0.0027170311464546053
experiments/cikm2026,ml1m,weighted_ngcf,3,alpha_0.1_beta_0.0,0.1,none,,0.2552,0.3291111701148891,0.0012748344370860927,0.33336070133368784,0.27474588788293747,0.22455148269245104,0.18710802764712,0.14625267368656783,0.05492430709765689,0.18710802764712,0.2853181202680614,0.0,2.9264609975733333,0.9062419439385966,0.16219447311729224,0.005102585370777541,0.12254649207764007,0.02544731610337969,0.4883366467859509,,,0.0049039098740888
experiments/cikm2026_SOTA,ml1m,weighted_ngcf,3,alpha_0.1_beta_0.0,0.1,none,,0.2558,0.33315090521422686,0.0007119205298013246,0.3355576577418451,0.27824505970375757,0.22606982661749106,0.18706041953470925,0.14849723820713584,0.055835907020400276,0.18706041953470925,-0.5808967759333707,-0.316227766016838,3.011249793734267,0.8537842389607637,0.13211639805380937,0.002849569251159708,0.04901873794262383,0.010072895957587868,0.5209410205434062,,,0.002849569251159708
experiments/cikm2026,ml1m,weighted_ngcf,4,alpha_0.1_beta_0.0,0.1,none,,0.2541,0.33674761548314713,0.0004966887417218543,0.33739399476939336,0.262803434139025,0.22183209853333424,0.19490593038074464,0.14248806438864872,0.05375575084313737,0.19490593038074464,0.35528981717904773,0.10540925533894598,3.0940377168588666,0.7930570206825774,0.11091723477476863,0.001988027683786903,0.02689005669961202,0.005367793240556654,0.5475811795891318,,,0.0019218025182239891
experiments/cikm2026,ml1m,weighted_ngcf,4,alpha_0.1_beta_0.0,0.1,none,,0.2554,0.338312185019571,0.00046357615894039735,0.33830354655806927,0.2650944173380795,0.22465921025507274,0.1975974338455669,0.14070611271250236,0.05303065765693546,0.1975974338455669,-0.18956748615841565,-0.10540925533894598,3.106563004704434,0.7864291080843012,0.10515239763218251,0.0018554895790818004,0.02451050938885522,0.005699138502319401,0.5585818422796553,,,0.0017892644135188865
experiments/cikm2026_SOTA,ml1m,weighted_ngcf,4,alpha_0.1_beta_0.0,0.1,none,,0.255,0.336404216472505,0.00046357615894039735,0.33816842876490844,0.2625978724358487,0.22244338956840895,0.19466941461189222,0.14349901415301622,0.05402153060665965,0.19466941461189222,0.30195481766714916,-0.316227766016838,3.087222269618599,0.8038482599115909,0.10707393700393784,0.001855533465871438,0.01602693288422309,0.0025844930417494583,0.5512922465208747,,,0.001855533465871438
experiments/cikm2026,ml1m,weighted_ngcf,5,alpha_0.1_beta_0.0,0.1,none,,0.2569,0.33915655588049815,0.0004470198675496689,0.3370125967730214,0.26699681132312497,0.23088515710553836,0.1947084793328064,0.142304117440215,0.052591653347943926,0.1947084793328064,-0.6208293521540393,-0.632455532033676,3.1133136290070866,0.7731206998334442,0.11177649451952894,0.0017891766399396117,0.03510250061786415,0.0066225165562914245,0.5545394300861497,,,0.0016567263088137839
experiments/cikm2026,ml1m,weighted_ngcf,5,alpha_0.1_beta_0.0,0.1,none,,0.2574,0.33824595985400807,0.00048013245033112583,0.3357426182412522,0.26764927616886003,0.2291681912752648,0.19431023202036973,0.14143238622088244,0.052483579696693865,0.19431023202036973,0.318132911966904,0.39999999999999997,3.1060284644199054,0.777689842205614,0.1143599786298346,0.0019217147446447143,0.14267289184076892,0.02629139072847686,0.5523525513585155,,,0.0017892644135188865
experiments/cikm2026_SOTA,ml1m,weighted_ngcf,5,alpha_0.1_beta_0.0,0.1,none,,0.2567,0.33841152276791536,0.00048013245033112583,0.33879711594460804,0.2685986919910164,0.23001695480325446,0.19222827867736067,0.14656883726724737,0.0541942921111461,0.19222827867736067,-0.6757236451480556,-0.316227766016838,3.1073537135742293,0.7767619441608478,0.11396262752027768,0.0019217147446447143,0.05125960160397235,0.010794701986754918,0.5532140490390987,,,0.0017892644135188865
experiments/cikm2026,ml1m,weighted_ngcf,6,alpha_0.1_beta_0.0,0.1,none,,0.2571,0.328722097267207,0.001109271523178808,0.32632744882753234,0.2824904699362118,0.22600782441976738,0.1936799896221551,0.13264745920537724,0.05105373134877534,0.1936799896221551,0.698767457903486,0.9486832980505139,2.9355414355788296,0.8940479131745843,0.16597084411482316,0.004439807131762481,0.03854489378524108,0.00735099337748335,0.49741550695825043,,,0.004174950298210735
experiments/cikm2026,ml1m,weighted_ngcf,6,alpha_0.1_beta_0.0,0.1,none,,0.2568,0.3332005740883991,0.00048013245033112583,0.3330029449184464,0.2800404490254197,0.22753848122368958,0.18849643689428988,0.14450650802415652,0.054469575189110345,0.18849643689428988,-0.7424809084154277,-0.39999999999999997,3.0258223201525967,0.8396089320497118,0.13264694527946733,0.0019218025182239891,0.13062526694226934,0.02882703777335982,0.5319416832339297,,,0.0019218025182239891
experiments/cikm2026_SOTA,ml1m,weighted_ngcf,6,alpha_0.1_beta_0.0,0.1,none,,0.2581,0.3333247462738295,0.0005132450331125828,0.3324739039533773,0.2806262024594609,0.22848925258746403,0.1914168504433213,0.14105705351005599,0.05329693779000303,0.1914168504433213,0.00044538715130224005,0.2581988897471611,3.024564875275007,0.8418602812264899,0.1315205467623633,0.0020542967361394542,0.0649040925081942,0.01139072847682121,0.5325381047051027,,,0.0019880715705765406
experiments/cikm2026,ml1m,weighted_ngcf,7,alpha_0.1_beta_0.0,0.1,none,,0.2536,0.3316856734261474,0.0006125827814569537,0.3203064351796463,0.2710495888894834,0.23050552999599042,0.19422104502255527,0.12608539015709103,0.0469381073884679,0.19422104502255527,-0.9877113802066106,-0.39999999999999997,3.0088588896783373,0.8444492513597694,0.14423999179842745,0.002451867163465125,0.1581650264639809,0.026507620941020493,0.515639496355202,,,0.0023194168323392972
experiments/cikm2026,ml1m,weighted_ngcf,7,alpha_0.1_beta_0.0,0.1,none,,0.2537,0.32908633567780304,0.0008443708609271524,0.31747630980399405,0.2732134459621458,0.2336702571382523,0.19439248135937842,0.12308382844461563,0.04572433454743146,0.19439248135937842,0.5373833575169087,0.39999999999999997,2.95885173107782,0.8736538514249305,0.16411478360084797,0.003379633896400844,0.05960757408613615,0.009277667329357198,0.49907223326706424,,,0.0032471835652750163
experiments/cikm2026_SOTA,ml1m,weighted_ngcf,7,alpha_0.1_beta_0.0,0.1,none,,0.2524,0.3275466005784653,0.001109271523178808,0.3164244620157244,0.2704598905937879,0.228757886769592,0.19347847237178004,0.12294598964394435,0.045978065127293605,0.19347847237178004,0.3295541112729812,0.39999999999999997,2.9277900170995537,0.89239390958942,0.17537626617926363,0.004439807131762482,0.030198417636385415,0.004966887417218513,0.49045725646123256,,,0.004174950298210735
experiments/cikm2026,ml1m,weighted_ngcf,8,alpha_0.1_beta_0.0,0.1,none,,0.2559,0.33147044163806794,0.0007615894039735099,0.32858444031568257,0.2720386809907469,0.22806129548230533,0.2043346358814378,0.12424980443424477,0.047316185116003544,0.2043346358814378,-0.955593141627366,-1.0,2.9697898974114776,0.8817961255365381,0.14536577619092517,0.0030482008610588124,0.2963350452172912,0.050629555997349196,0.5139165009940357,,,0.0027833001988071568
experiments/cikm2026,ml1m,weighted_ngcf,8,alpha_0.1_beta_0.0,0.1,none,,0.2583,0.3382294035626173,0.000347682119205298,0.33370282621151737,0.27370613795303406,0.22945684351804452,0.19844578836518073,0.13525703784633664,0.05083373610141513,0.19844578836518073,-0.14483208239792023,0.21081851067789195,3.105908166256601,0.7984813016237423,0.09421892590704256,0.0013916062126139409,0.25871063202847033,0.04128561961563948,0.5656063618290258,,,0.001325381047051027
experiments/cikm2026_SOTA,ml1m,weighted_ngcf,8,alpha_0.1_beta_0.0,0.1,none,,0.2565,0.3404645029003657,0.0002152317880794702,0.33006904214696786,0.270472174267516,0.22984160566942763,0.19557006758879583,0.13449897455817203,0.050076820269603375,0.19557006758879583,-0.7125779126689658,-0.7999999999999999,3.1237859375334605,0.7872291633299563,0.08812340145599985,0.0008614976805831675,0.26309281458555456,0.049171636845593114,0.566467859509609,,,0.0008614976805831675
experiments/cikm2026,ml1m,weighted_ngcf,9,alpha_0.1_beta_0.0,0.1,none,,0.2565,0.3399181452844717,0.00038079470198675497,0.3389101337625219,0.2687775249625998,0.22473794604348596,0.19178680985247962,0.14712332391004226,0.05508628221072358,0.19178680985247962,0.7886338541662817,0.7745966692414834,3.1194052908978334,0.7697424266017914,0.10932809429626571,0.001524188204108681,0.048100099197214835,0.016235917826375124,0.552882703777336,,,0.001524188204108681
experiments/cikm2026,ml1m,weighted_ngcf,9,alpha_0.1_beta_0.0,0.1,none,,0.2577,0.3435356949533458,0.00026490066225165563,0.34267653306128937,0.2716213653268529,0.22602420035609494,0.19257288857178526,0.1501036444895041,0.05625525590284975,0.19257288857178526,0.7095929301274752,0.7745966692414834,3.1483520525304014,0.7597448837972931,0.09084275883466415,0.0010603048376408217,0.11248386376995628,0.027037773359841033,0.5632869449966865,,,0.0010603048376408217
experiments/cikm2026_SOTA,ml1m,weighted_ngcf,9,alpha_0.1_beta_0.0,0.1,none,,0.2559,0.33817145654274977,0.0002814569536423841,0.3385892855155955,0.26898421472997897,0.22941656711585282,0.1905330958828476,0.1480561896327479,0.05472447163497717,0.1905330958828476,0.7905266570104011,0.7745966692414834,3.105427609685903,0.7835869555263211,0.10985886089778213,0.001126573889993373,0.03934424719080033,0.006759443339960258,0.5442677269715043,,,0.001126573889993373
experiments/cikm2026,ml1m,weighted_ngcf,0,alpha_0.2_beta_0.1,0.2,none,,0.2575,0.3305018985917103,0.0008940397350993377,0.3330868401729555,0.2734181057857057,0.22638646016966862,0.19909934997696851,0.13398749019598696,0.05085384450942564,0.19909934997696851,-0.8644541976521172,-0.632455532033676,2.989052036485147,0.8547822192128643,0.15258730324852948,0.0035784410534584975,0.42749063896374484,0.07919151756129883,0.5084824387011265,,,0.00344599072233267
experiments/cikm2026,ml1m,weighted_ngcf,0,alpha_0.2_beta_0.3,0.2,none,,0.2564,0.3298562032274719,0.0009602649006622517,0.3300060524618057,0.27300200357380316,0.22482967579376584,0.20017996621124468,0.12982608625056102,0.04962205592127428,0.20017996621124468,-0.9523978659582879,-0.9486832980505139,2.9795809594348706,0.8590850999675862,0.157490423334674,0.0038435172628687037,0.44643279306429773,0.08124585818422791,0.5064280980781974,,,0.003711066931742876
experiments/cikm2026,ml1m,weighted_ngcf,0,alpha_0.2_beta_0.5,0.2,none,,0.2577,0.33335785885661096,0.0005794701986754967,0.33279608238993363,0.2722660325728529,0.22446353804685779,0.19956062341537317,0.13323545897456046,0.05083233763048375,0.19956062341537317,-0.8448597954429111,-0.316227766016838,3.033228660522696,0.8334615722463009,0.13099039428545317,0.0023193729455496595,0.3391373908886474,0.0656063618290258,0.5220675944333996,,,0.002253147779986746
experiments/cikm2026,ml1m,weighted_ngcf,0,alpha_0.2_beta_0.0,0.2,none,,0.2574,0.33334958071091564,0.0006788079470198676,0.33118802231729033,0.27073679881737006,0.22480064169749614,0.19856069718471003,0.1326273251325803,0.05035541642630497,0.19856069718471003,-0.7854878712234261,-0.316227766016838,3.037997574980398,0.8286259939874981,0.13065948765922789,0.0027169433728753303,0.3295995619732427,0.06414844267726971,0.5235255135851556,,,0.0025844930417495025
experiments/cikm2026,ml1m,weighted_ngcf,0,alpha_0.2,0.2,none,,0.256,0.33068401779700834,0.0007615894039735099,0.3296700669982787,0.2719002962341914,0.22529121178344447,0.19769904103565886,0.13197102596261986,0.05005509741566698,0.19769904103565886,-0.9093812017900436,-0.9486832980505139,2.9842822443497417,0.8610090528804126,0.15166037024841741,0.0030483325214277243,0.43703022323455565,0.08190854870775344,0.5057654075546719,,,0.0029821073558648106
experiments/cikm2026,ml1m,weighted_ngcf,0,alpha_0.2_beta_0.0,0.2,none,,0.2577,0.33327507739965734,0.0005960264900662252,0.33155524792526614,0.2726340607799661,0.22360914429431486,0.19914938086581643,0.1324058670594497,0.050656380311965905,0.19914938086581643,-0.6119827776423028,-0.632455532033676,3.025152565424362,0.8408753718603056,0.13158646460421933,0.0023855981111125736,0.04212079579477095,0.007157057654075594,0.5223989396951623,,,0.002253147779986746
experiments/cikm2026_SOTA,ml1m,weighted_ngcf,0,alpha_0.2_beta_0.0,0.2,none,,0.2564,0.3304191171347567,0.0008112582781456954,0.33087485402384464,0.272024144662902,0.22727522113680407,0.20115648411248568,0.12971836991135896,0.04919986363767623,0.20115648411248568,-0.6124157158391904,-0.39999999999999997,2.988125674303749,0.8550457589780093,0.1535815148133352,0.0032470519049061035,0.023178726330951728,0.004238410596026476,0.5098740888005301,,,0.003048376408217362
experiments/cikm2026,ml1m,weighted_ngcf,1,alpha_0.2_beta_0.0,0.2,none,,0.2507,0.32818401779700834,0.001175496688741722,0.32010866270600163,0.2652700458783253,0.2229675821018299,0.19766647506611804,0.1224421876398836,0.04639210600678386,0.19766647506611804,-0.8255076889417392,-0.39999999999999997,2.884412133098124,0.9408718330050202,0.17001106278210312,0.004704971114751962,0.36283249429836956,0.061829025844930385,0.48349900596421463,,,0.0045725646123260435
experiments/cikm2026,ml1m,weighted_ngcf,1,alpha_0.2_beta_0.0,0.2,none,,0.2532,0.3348479250817765,0.00039735099337748344,0.32399130334085113,0.266637385103134,0.22806330616405887,0.19653764930915485,0.12745365403169628,0.04752097304751186,0.19653764930915485,-0.3906175970515427,-0.2581988897471611,3.047946571560072,0.8306690622115399,0.1197939528587159,0.001590413369671595,0.12597405929414326,0.01973509933774842,0.5385685884691849,,,0.001524188204108681
experiments/cikm2026_SOTA,ml1m,weighted_ngcf,1,alpha_0.2_beta_0.0,0.2,none,,0.251,0.32797706415462424,0.0012582781456953642,0.3192780672638077,0.2661936576544825,0.22114274433000738,0.19951520326201244,0.11976286400179526,0.04591771944807247,0.19951520326201244,-0.38783508205124995,-0.10540925533894598,2.890441651643283,0.9331869052194547,0.17133503904525765,0.005036404092004265,0.3642892726259541,0.061829025844930385,0.4884029158383035,,,0.004970178926441351
experiments/cikm2026,ml1m,weighted_ngcf,2,alpha_0.2_beta_0.0,0.2,none,,0.2556,0.33246381912151163,0.0008609271523178808,0.33210239684958576,0.27474099583204337,0.22314035836717888,0.19305252738197237,0.13904986946761339,0.05287888968777506,0.19305252738197237,-0.7830666026748954,-0.9486832980505139,3.002175278179872,0.8573576766297549,0.1370211422416191,0.0034459029487533955,0.03444647949220997,0.007157057654075552,0.5182239893969516,,,0.0033134526176275677
experiments/cikm2026,ml1m,weighted_ngcf,2,alpha_0.2_beta_0.0,0.2,none,,0.2515,0.3292270641546242,0.001009933774834437,0.32659823749104616,0.27129951751141823,0.2204804466754947,0.19416477405845398,0.13243346343259219,0.05067199511883923,0.19416477405845398,0.06995278538409067,0.7999999999999999,2.9327618188496856,0.9008692835049403,0.16232666099902612,0.004042236646347082,0.12014299930958316,0.017152317880794632,0.4967528164347249,,,0.003777335984095427
experiments/cikm2026_SOTA,ml1m,weighted_ngcf,2,alpha_0.2_beta_0.0,0.2,none,,0.2552,0.3334820310420415,0.0006125827814569537,0.3335634283271353,0.27157938114495817,0.2216726466779063,0.18991376842511012,0.1436496599020252,0.05429397682240768,0.18991376842511012,-0.9387053628385107,-1.0,3.007140325140233,0.8605415291759041,0.12986619074681807,0.0024519549370444,0.05325811590689368,0.010735586481113321,0.5186216037110669,,,0.0024519549370444
experiments/cikm2026,ml1m,weighted_ngcf,3,alpha_0.2_beta_0.0,0.2,none,,0.2554,0.3332502429625712,0.0004966887417218543,0.3350665769355284,0.2810124295848761,0.22444837717546615,0.18469131953044896,0.15037525740507943,0.05691486344932651,0.18469131953044896,0.4114366296676909,0.2581988897471611,3.0034971937389643,0.8623326818250823,0.13218205286537618,0.0019880715705765406,0.018681817083526172,0.0051689860834989165,0.5161033797216699,,,0.0019880715705765406
experiments/cikm2026,ml1m,weighted_ngcf,3,alpha_0.2_beta_0.0,0.2,none,,0.256,0.3319174615056176,0.0007450331125827815,0.33577894373560574,0.27657121400588575,0.22286833603899178,0.18589585504154113,0.1498830886940646,0.056564280382469384,0.18589585504154113,0.9091582216353133,0.7745966692414834,2.985939844095708,0.8692211532560125,0.1418568952924139,0.0029821073558648106,0.03842297314678285,0.00994035785288272,0.5038436050364479,,,0.0029821073558648106
experiments/cikm2026_SOTA,ml1m,weighted_ngcf,3,alpha_0.2_beta_0.0,0.2,none,,0.2568,0.33605653435329974,0.00033112582781456954,0.34208056349192445,0.2857342985796889,0.2232275963587724,0.18135245802331296,0.1607281054686115,0.06107916836191367,0.18135245802331296,-0.3644267424965113,-0.7378647873726218,3.0709242059487774,0.8173654808104662,0.11038493219370464,0.001325381047051027,0.1590991938136159,0.027899271040424112,0.5387673956262424,,,0.001325381047051027
experiments/cikm2026,ml1m,weighted_ngcf,4,alpha_0.2_beta_0.0,0.2,none,,0.2542,0.3363833770725511,0.00048013245033112583,0.3376394746500409,0.26660421158777986,0.22362333212851393,0.19651048611700414,0.14112898853303676,0.053302599330661206,0.19651048611700414,0.07007525354770534,0.21081851067789195,3.0911209565842337,0.7951126783158239,0.1118446502972078,0.0019217148027344424,0.031929049531307416,0.009675281643472422,0.5428760768721007,,,0.001855533465871438
experiments/cikm2026,ml1m,weighted_ngcf,4,alpha_0.2_beta_0.0,0.2,none,,0.2558,0.3369131783970544,0.0004304635761589404,0.33781420677297563,0.2652678387922497,0.2211814287089858,0.1975808758790419,0.14023333089393372,0.053393404389054086,0.1975808758790419,0.044613338402683334,-0.2581988897471611,3.0953671331088852,0.7957026942907603,0.10720717723918742,0.001722995361166335,0.01775194355232903,0.00298013245033113,0.552286282306163,,,0.001722995361166335
experiments/cikm2026_SOTA,ml1m,weighted_ngcf,4,alpha_0.2_beta_0.0,0.2,none,,0.2534,0.3357873505824849,0.0004470198675496689,0.3371221313838527,0.2639731013695413,0.2245647665390375,0.1957650098176461,0.1413571215662066,0.05305454939541173,0.1957650098176461,-0.321709726629753,-0.316227766016838,3.086352743676178,0.7990863207232238,0.11277167118707859,0.0017892644135188865,0.037364776850095406,0.012127236580516843,0.5417495029821073,,,0.0017892644135188865
experiments/cikm2026,ml1m,weighted_ngcf,5,alpha_0.2_beta_0.0,0.2,none,,0.2572,0.345290661840763,0.00031456953642384106,0.3377855198947411,0.27456182237144194,0.2277917651490837,0.19612040731780803,0.14166511257693307,0.05333176521084573,0.19612040731780803,0.05117919864544891,0.2581988897471611,3.1623940723568382,0.7455042765381955,0.09084253911026734,0.0012591119946984758,0.06372107660516382,0.011920529801324409,0.569715043074884,,,0.0012591119946984758
experiments/cikm2026,ml1m,weighted_ngcf,5,alpha_0.2_beta_0.0,0.2,none,,0.2578,0.3438171519069882,0.0002814569536423841,0.3351714614427542,0.27135399223082984,0.22767673479273393,0.19521166949572935,0.13995979194702488,0.0524260583998911,0.19521166949572935,0.11052575493075997,0.316227766016838,3.150604852352916,0.7541809135283014,0.0940876602287883,0.001126573889993373,0.0545803330388097,0.011258278145695355,0.5685884691848906,,,0.001126573889993373
experiments/cikm2026_SOTA,ml1m,weighted_ngcf,5,alpha_0.2_beta_0.0,0.2,none,,0.2571,0.3443717876685776,0.000347682119205298,0.33690354590036564,0.2700610119216468,0.22790351054719743,0.19421354189572457,0.14269000400464107,0.053253214056606296,0.19421354189572457,-0.16231328651445703,-0.21081851067789195,3.155041411455618,0.7506711119366436,0.09289582650833485,0.0013916500994035784,0.046766556252906245,0.010006626905235252,0.5673956262425447,,,0.0013916500994035784
experiments/cikm2026,ml1m,weighted_ngcf,6,alpha_0.2_beta_0.0,0.2,none,,0.2543,0.3485605293904319,0.0001490066225165563,0.3337017516294868,0.2773366310052968,0.21960857801760092,0.18826742224937937,0.14543432938010742,0.05567401960581364,0.18826742224937937,-0.8580995050100935,-0.632455532033676,3.1885648187072295,0.7323204213780085,0.07851833844358837,0.0005964214711729622,0.4686942766621882,0.0871438038436051,0.5880053015241882,,,0.0005964214711729622
experiments/cikm2026,ml1m,weighted_ngcf,6,alpha_0.2_beta_0.0,0.2,none,,0.259,0.3388916552182465,0.00024834437086092715,0.3354905423293945,0.2816835107426465,0.22790733605951374,0.18947443889196103,0.1460161034374335,0.05514839235096956,0.18947443889196103,-0.810593559175421,-0.7999999999999999,3.111199161565393,0.7908701436395453,0.09693665900977244,0.0009940357852882703,0.30137894976786317,0.05639496355202123,0.5595096090125911,,,0.0009940357852882703
experiments/cikm2026_SOTA,ml1m,weighted_ngcf,6,alpha_0.2_beta_0.0,0.2,none,,0.2565,0.3329108389890613,0.00048013245033112583,0.33464598531878936,0.28208829898767523,0.22702410361676725,0.19144921961799005,0.1431967657007993,0.0544077052292972,0.19144921961799005,-0.7403210039413106,-0.632455532033676,3.005618157761588,0.8574935021193122,0.13496653760087543,0.0019218025182239891,0.10094252047827736,0.01503311258278145,0.5224652087475149,,,0.0019218025182239891
experiments/cikm2026,ml1m,weighted_ngcf,7,alpha_0.2_beta_0.0,0.2,none,,0.2535,0.3315615012407169,0.0006291390728476821,0.32024614377790517,0.2696621373547727,0.22735430879847082,0.19122229793230716,0.129023845845598,0.048142412748177925,0.19122229793230716,-0.976264784799652,-0.7999999999999999,3.0123065056060403,0.8400084765112251,0.14516679389333706,0.0025182239893969515,0.16506025831938637,0.03399602385685879,0.5231278992710403,,,0.0025182239893969515
experiments/cikm2026,ml1m,weighted_ngcf,7,alpha_0.2_beta_0.0,0.2,none,,0.2539,0.3323562032274719,0.0005463576158940398,0.3210613122740227,0.2730930481612502,0.2300947801740697,0.19430210171769563,0.12675921055632705,0.047422134802482786,0.19430210171769563,-0.7775192647062799,-0.7999999999999999,3.0216444289747626,0.8370311531639691,0.13913753913363391,0.0021868787276341944,0.18519296988002,0.033001988071570565,0.5227965540092776,,,0.0021868787276341944
experiments/cikm2026_SOTA,ml1m,weighted_ngcf,7,alpha_0.2_beta_0.0,0.2,none,,0.2537,0.3290532230950216,0.0011920529801324503,0.31627929083921075,0.27129965496521424,0.2314762182666283,0.19289404466480892,0.12338524617440183,0.045867048147016705,0.19289404466480892,-0.9562061313978661,-0.632455532033676,2.970512539148519,0.8617286689268275,0.1629875079288485,0.004771283995804422,0.05643929385673316,0.013850231941683222,0.507223326706428,,,0.0046388336646785945
experiments/cikm2026,ml1m,weighted_ngcf,8,alpha_0.2_beta_0.0,0.2,none,,0.2583,0.3354356734261474,0.00033112582781456954,0.3301775911869727,0.26814651465522554,0.22913359722453594,0.2012791818713773,0.1288984093155954,0.04837461851942943,0.2012791818713773,-0.3923803083052608,-0.316227766016838,3.057148625842896,0.8261712770291032,0.11535471608094952,0.001325381047051027,0.1217500386855805,0.02644135188866792,0.538104705102717,,,0.001325381047051027
experiments/cikm2026,ml1m,weighted_ngcf,8,alpha_0.2_beta_0.0,0.2,none,,0.2584,0.331313156869856,0.0008278145695364238,0.32638897826713525,0.27198134051151585,0.22831557908015135,0.20387742916368207,0.12251154910345319,0.04658978359814942,0.20387742916368207,-0.9516198979134619,-0.632455532033676,2.9811808475877464,0.8691461505001631,0.14635963706804192,0.0033133648440482923,0.5081652693661793,0.09005964214711726,0.516832339297548,,,0.003180914512922465
experiments/cikm2026_SOTA,ml1m,weighted_ngcf,8,alpha_0.2_beta_0.0,0.2,none,,0.2579,0.3323893158102534,0.0006291390728476821,0.3269540422635862,0.27114816776490047,0.22813825204786564,0.20435966590564927,0.12259437635793693,0.04662631709173499,0.20435966590564927,-0.7528741381572486,-0.39999999999999997,2.993898668173607,0.865041112671101,0.13854221459984298,0.0025180045554487637,0.020133156818399865,0.002849569251159645,0.5201457919151755,,,0.0021868787276341944
experiments/cikm2026,ml1m,weighted_ngcf,9,alpha_0.2_beta_0.0,0.2,none,,0.2577,0.3484198009136107,0.00018211920529801324,0.3405361062781413,0.2698039745295775,0.22743435418409613,0.190435299525088,0.1501008067530533,0.05578350692756622,0.190435299525088,-0.8953758150667646,-0.7745966692414834,3.1874346029107734,0.7302698100284938,0.08156662748485456,0.0007289595758780649,0.1778036483480334,0.0455268389662028,0.5821736249171636,,,0.0007289595758780649
experiments/cikm2026,ml1m,weighted_ngcf,9,alpha_0.2_beta_0.0,0.2,none,,0.2574,0.3481549002513591,0.00018211920529801324,0.3390393050300131,0.26980483976278397,0.22610437262571373,0.18785716011153328,0.15118214491847984,0.05617592532253147,0.18785716011153328,-0.7600069859767368,-0.7745966692414834,3.1853152656038524,0.730666371466286,0.08328940335398298,0.0007289595758780649,0.1862777518121535,0.04532803180914513,0.5815772034459906,,,0.0007289595758780649
experiments/cikm2026_SOTA,ml1m,weighted_ngcf,9,alpha_0.2_beta_0.0,0.2,none,,0.2569,0.3485274168076505,0.00018211920529801324,0.33988554042252916,0.26882791721037624,0.22909861774114948,0.1890496137951753,0.15083592662735387,0.05568960992887879,0.1890496137951753,-0.8849756385048703,-0.7745966692414834,3.1882946087890467,0.7280843352134101,0.08289209642166433,0.0007289595758780649,0.19713595868059047,0.04367130550033138,0.5811795891318754,,,0.0007289595758780649
experiments/cikm2026,ml1m,weighted_ngcf,0,alpha_0.4_beta_0.1,0.4,none,,0.2578,0.3320581899824388,0.0006291390728476821,0.33543686974305464,0.27359965555324095,0.2254767410504818,0.20069594618573802,0.13474092355731662,0.0514265501564078,0.20069594618573802,-0.8190008980737474,-0.7745966692414834,3.004415093728255,0.8518736184538099,0.14119306382853733,0.0025182239893969515,0.39676452447752864,0.07667329357190189,0.5110006626905235,,,0.0025182239893969515
experiments/cikm2026,ml1m,weighted_ngcf,0,alpha_0.4_beta_0.3,0.4,none,,0.2574,0.3322237528963461,0.0005794701986754967,0.3339498762450383,0.27235553612657837,0.22731931033511946,0.20111004160508653,0.13283983463995178,0.05037451605138634,0.20111004160508653,-0.7605467004388664,-0.7745966692414834,2.9989174384315462,0.8586957770036875,0.1400673677324264,0.0023194168323392972,0.40775983507094665,0.07932405566600398,0.5083499005964214,,,0.0023194168323392972
experiments/cikm2026,ml1m,weighted_ngcf,0,alpha_0.4,0.4,none,,0.2587,0.33272871978376334,0.0006788079470198676,0.33361101169296475,0.27360315785826006,0.22509648131303245,0.20447793484730892,0.12913307684565584,0.049754406805570285,0.20447793484730892,-0.8033711255453132,-0.632455532033676,3.0279310406322573,0.8337239286365481,0.1356280434715294,0.0027169872596649676,0.3497326306695251,0.06686547382372432,0.520808482438701,,,0.002650762094102054
experiments/cikm2026,ml1m,weighted_ngcf,0,alpha_0.4_beta_0.5,0.4,none,,0.2566,0.3306591833599222,0.0006622516556291391,0.3315690337445113,0.27330915759052055,0.22776485369368588,0.19803372663035693,0.13353530711415437,0.05038961528164524,0.19803372663035693,-0.8415880787086818,-0.7745966692414834,2.971831076702783,0.8732609744443273,0.15225718675878683,0.002650762094102054,0.4619325585284724,0.08621603711066927,0.5014579191517561,,,0.002650762094102054
experiments/cikm2026,ml1m,weighted_ngcf,0,alpha_0.4_beta_0.0,0.4,none,,0.257,0.3304191171347567,0.000695364238410596,0.3311402964782131,0.2717593924395772,0.2254860866103191,0.19725586756867683,0.13388442890953625,0.05068461517646612,0.19725586756867683,-0.8470158076810729,-0.7745966692414834,2.978055410798373,0.8651156275603682,0.15404566144245116,0.0027833001988071568,0.4494838903372933,0.08475811795891319,0.5029158383035122,,,0.0027833001988071568
experiments/cikm2026,ml1m,weighted_ngcf,0,alpha_0.4_beta_0.0,0.4,none,,0.2591,0.3328032230950216,0.0005960264900662252,0.3322619904014983,0.2734918628512628,0.2245944310542773,0.20243243509704686,0.12982955530445142,0.04989582887909801,0.20243243509704686,0.3525418961353111,0.316227766016838,3.030447291052184,0.8318033980800572,0.13536371275664574,0.002385598111112573,0.04583677037910891,0.008416169648774022,0.5218687872763419,,,0.002253147779986746
experiments/cikm2026_SOTA,ml1m,weighted_ngcf,0,alpha_0.4_beta_0.0,0.4,none,,0.2602,0.33364759395594873,0.0004966887417218543,0.33465933915799717,0.27478243157859755,0.22550513632965152,0.19919796405361423,0.13546137510438294,0.051649660618912886,0.19919796405361423,-0.9350659239632041,-0.9486832980505139,3.041182305727058,0.8278273879934265,0.12900227859572808,0.001988027683786903,0.0922118527507065,0.02133863485752152,0.5302849569251159,,,0.0019218025182239891
experiments/cikm2026,ml1m,weighted_ngcf,1,alpha_0.4_beta_0.0,0.4,none,,0.2521,0.32829991183674345,0.0011423841059602648,0.3198277324050854,0.2678774374351436,0.22431193679886935,0.1989231470930869,0.12090458531199849,0.04591926117668994,0.1989231470930869,-0.8999214831036944,-0.7745966692414834,2.902492747548265,0.9237186347163052,0.16921605312310287,0.0045725646123260435,0.3266712653980875,0.05646123260437369,0.48886679920477133,,,0.0045725646123260435
experiments/cikm2026,ml1m,weighted_ngcf,1,alpha_0.4_beta_0.0,0.4,none,,0.2541,0.3347403091877368,0.00038079470198675497,0.32574473889938016,0.2674453236480154,0.22616711714833798,0.19637869235872493,0.12936604654065523,0.04853594366284645,0.19637869235872493,-0.5530789247939071,-0.9486832980505139,3.036617856046444,0.8411358411766882,0.12072211457275835,0.001524188204108681,0.10331662826688745,0.015298013245033104,0.5332670642809807,,,0.001524188204108681
experiments/cikm2026_SOTA,ml1m,weighted_ngcf,1,alpha_0.4_beta_0.0,0.4,none,,0.2539,0.3328942826976706,0.0004966887417218543,0.32500862531829017,0.2647044495003844,0.22749810588595065,0.19739948843834965,0.12760913687994052,0.047598045782665355,0.19739948843834965,-0.47141664154176766,-0.2581988897471611,3.009192166714011,0.8537869106525868,0.1350328510628252,0.0019880715705765406,0.12705331869390857,0.03048376408217357,0.5197481776010603,,,0.0019880715705765406
experiments/cikm2026,ml1m,weighted_ngcf,2,alpha_0.4_beta_0.0,0.4,none,,0.256,0.3333744151480017,0.0005794701986754967,0.33667094953098203,0.27131689272360976,0.2239170225795653,0.19170765457181257,0.14496329495916946,0.05455546463566145,0.19170765457181257,-0.9886669796499158,-0.632455532033676,3.00866139883452,0.8581594842682398,0.13085970006489986,0.0023194168323392972,0.057892476023515486,0.01119946984758119,0.5170974155069582,,,0.0023194168323392972
experiments/cikm2026,ml1m,weighted_ngcf,2,alpha_0.4_beta_0.0,0.4,none,,0.2552,0.3317270641546242,0.0009271523178807947,0.3322630668984471,0.2693225856732059,0.22540116262133694,0.19244577770810395,0.13981728919034314,0.052353985951235714,0.19244577770810395,-0.8691922365233838,-0.9486832980505139,2.9830360699540783,0.8706010894745946,0.14265190529995253,0.003710935271373963,0.0366862953310417,0.0064195896757114415,0.5137839628893306,,,0.0035122597746852216
experiments/cikm2026_SOTA,ml1m,weighted_ngcf,2,alpha_0.4_beta_0.0,0.4,none,,0.2555,0.3315449449493262,0.0009437086092715232,0.3322719226552737,0.27079996428726943,0.22588192537241578,0.19270795375601954,0.13956396889925418,0.05231648839272064,0.19270795375601954,-0.8710982935704326,-0.7999999999999999,2.987271806650872,0.8649066438961903,0.14404430124242107,0.0037772482105161522,0.024638222154110084,0.004039735099337749,0.5133863485752154,,,0.0036447978793903244
experiments/cikm2026,ml1m,weighted_ngcf,3,alpha_0.4_beta_0.0,0.4,none,,0.2537,0.33035289196919376,0.0007450331125827815,0.332310776930799,0.2763079298484491,0.22235413873929485,0.18542304706537222,0.1468877298654268,0.05553026504444253,0.18542304706537222,-0.8243431904979588,-0.632455532033676,2.9582526318734925,0.8843874636975866,0.15437788484663478,0.002982019582285536,0.07803142032153368,0.017229953611663407,0.49370444002650754,,,0.002849569251159708
experiments/cikm2026,ml1m,weighted_ngcf,3,alpha_0.4_beta_0.0,0.4,none,,0.2535,0.3300466005784653,0.0008278145695364238,0.33230365720125055,0.2756311708118036,0.22451063175012193,0.18593005778169844,0.1463735994195521,0.05500249854383596,0.18593005778169844,0.18054096535929462,0.316227766016838,2.966265087525289,0.8739223948069013,0.15649915282376098,0.0033133648440482923,0.056580696279688966,0.020609675281643425,0.49317428760768717,,,0.003180914512922465
experiments/cikm2026_SOTA,ml1m,weighted_ngcf,3,alpha_0.4_beta_0.0,0.4,none,,0.2554,0.33389593832680964,0.0005298013245033113,0.3368111115961458,0.2760601124973729,0.2226968306448772,0.1853839282075502,0.1514271833885956,0.05706630344019566,0.1853839282075502,-0.7009909238484053,-0.7378647873726218,3.05482999467413,0.8161654442104521,0.12688395144013567,0.0021206096752816434,0.12691077126432082,0.024503311258278093,0.5320742213386348,,,0.0021206096752816434
experiments/cikm2026,ml1m,weighted_ngcf,4,alpha_0.4_beta_0.0,0.4,none,,0.2562,0.33597375289634607,0.00039735099337748344,0.3386907263713679,0.2641730345503845,0.2234133997580532,0.1956444369654461,0.1430462894059218,0.05387057473019389,0.1956444369654461,-0.3175628397137314,-0.316227766016838,3.0860274081743784,0.8015977451647134,0.11078447711993589,0.0015903695409716857,0.024111053804626255,0.0051689860834990276,0.5473823724320741,,,0.001524188204108681
experiments/cikm2026,ml1m,weighted_ngcf,4,alpha_0.4_beta_0.0,0.4,none,,0.2564,0.33584958071091564,0.00031456953642384106,0.33765076695550034,0.2616008229660431,0.22285879720694426,0.19780326656343467,0.13984750039206567,0.05286596615743933,0.19780326656343467,0.05948251066440474,0.316227766016838,3.0808592139119644,0.8057722985648563,0.1121094632439699,0.001259024279208929,0.03140082278697618,0.007554671968190929,0.5455268389662027,,,0.0011928429423459243
experiments/cikm2026_SOTA,ml1m,weighted_ngcf,4,alpha_0.4_beta_0.0,0.4,none,,0.2556,0.3359240840221739,0.00033112582781456954,0.3376775301518274,0.2599377372050353,0.2213624329810102,0.19811110651549166,0.13956642363633573,0.05297562787777232,0.19811110651549166,-0.17183509627500557,-0.2581988897471611,3.0823832695262685,0.8048446642474559,0.11144677289471358,0.0013252933315614805,0.02663252402230284,0.008084824387011302,0.5457919151756129,,,0.0012591119946984758
experiments/cikm2026,ml1m,weighted_ngcf,5,alpha_0.4_beta_0.0,0.4,none,,0.2568,0.3431549002513591,0.00031456953642384106,0.33539741916404087,0.2701863862508141,0.22995114876494946,0.194199497972142,0.14119792119189886,0.052428111354878175,0.194199497972142,0.42836687946858526,0.2581988897471611,3.145308197507132,0.754044427761849,0.0993882627363203,0.0012591119946984758,0.030211403246580865,0.00994035785288272,0.5682571239231279,,,0.0012591119946984758
experiments/cikm2026,ml1m,weighted_ngcf,5,alpha_0.4_beta_0.0,0.4,none,,0.2573,0.34392476780102793,0.00031456953642384106,0.3363966865586315,0.269870175763746,0.23037775740932775,0.19583181252355056,0.14056487403508092,0.05223685626297773,0.19583181252355056,-0.07327480932658603,0.316227766016838,3.151467139356726,0.7501380631639761,0.09713568548459885,0.0012591119946984758,0.05272304549550633,0.01192052980132452,0.5699138502319416,,,0.0012591119946984758
experiments/cikm2026_SOTA,ml1m,weighted_ngcf,5,alpha_0.4_beta_0.0,0.4,none,,0.2567,0.34340324462222,0.0003642384105960265,0.3359641887200132,0.271705357444487,0.23009597285202696,0.1964383723210888,0.13952581639892442,0.05204206470429879,0.1964383723210888,0.5931646137243488,0.316227766016838,3.147292758773524,0.7519272405590823,0.09932208151563675,0.0014579191517561298,0.0299432554266138,0.007753479125248486,0.5656726308813783,,,0.0014579191517561298
experiments/cikm2026,ml1m,weighted_ngcf,6,alpha_0.4_beta_0.0,0.4,none,,0.2572,0.33233136879038583,0.0004304635761589404,0.3337079144527731,0.2803445986846862,0.22856134565918243,0.18994363153824484,0.14376428291452825,0.05415070488899484,0.18994363153824484,-0.7589156228558761,-0.9486832980505139,3.0134328580870346,0.8450413720417373,0.1398027745100611,0.001722995361166335,0.11843035542179847,0.020808482438701148,0.5216699801192842,,,0.001722995361166335
experiments/cikm2026,ml1m,weighted_ngcf,6,alpha_0.4_beta_0.0,0.4,none,,0.2588,0.33355653435329974,0.0004966887417218543,0.3350700982165601,0.2796264412411185,0.22695989140995074,0.19237189727514376,0.14269820094141633,0.054030108920046636,0.19237189727514376,-0.9710813553807588,-0.39999999999999997,3.030916612372376,0.8373622782366174,0.12973308170721956,0.001988027683786903,0.1409463017129538,0.023509933774834457,0.5259774685222001,,,0.0019218025182239891
experiments/cikm2026_SOTA,ml1m,weighted_ngcf,6,alpha_0.4_beta_0.0,0.4,none,,0.2595,0.3330929581943593,0.00048013245033112583,0.3356746914272899,0.27722267773783366,0.2277765294832341,0.19205493525057193,0.14361975617671796,0.05400218968455892,0.19205493525057193,-0.6154173457731584,-0.7745966692414834,3.034423958278865,0.8301446115899886,0.1335096714997117,0.0019217586314343518,0.045714411918369544,0.013651424784625554,0.5237243207422133,,,0.001855533465871438
experiments/cikm2026,ml1m,weighted_ngcf,7,alpha_0.4_beta_0.0,0.4,none,,0.2538,0.3286972628301209,0.0009933774834437086,0.3160839977359389,0.2718940281729695,0.231906607994767,0.19341445439428506,0.12266954334165386,0.04563858453864613,0.19341445439428506,0.09879158762979179,0.0,2.946927998644557,0.8824633770912508,0.16663270055698665,0.003975923707204894,0.03668743813026429,0.007412309728656474,0.49549370444002644,,,0.0036447978793903244
experiments/cikm2026,ml1m,weighted_ngcf,7,alpha_0.4_beta_0.0,0.4,none,,0.251,0.3267684548831011,0.0010927152317880796,0.3119213655482185,0.26989364379773684,0.230937283031448,0.1899132961608869,0.12200806938733158,0.045282544624876915,0.1899132961608869,-0.5737510141860103,-0.39999999999999997,2.901165128216853,0.9127919645722133,0.18166923752924413,0.004373669681689114,0.05669269629627949,0.013311258278145721,0.48409542743538764,,,0.004241219350563287
experiments/cikm2026_SOTA,ml1m,weighted_ngcf,7,alpha_0.4_beta_0.0,0.4,none,,0.2512,0.3264290509095911,0.001043046357615894,0.31466285740266364,0.2706180824812491,0.22961435573068872,0.18853596949969165,0.126126887902972,0.046895758324254126,0.18853596949969165,0.4812793636666178,0.316227766016838,2.8998386505809584,0.91140136793003,0.18458533834023802,0.0041746431487730004,0.08663147863955448,0.01331125827814561,0.4817760106030483,,,0.003777335984095427
experiments/cikm2026,ml1m,weighted_ngcf,8,alpha_0.4_beta_0.0,0.4,none,,0.2589,0.3373893158102534,0.00026490066225165563,0.33173880889740803,0.2713797980231614,0.22811517721468044,0.2008858042472807,0.13085300465012734,0.04942560406002551,0.2008858042472807,0.995677585710649,0.7745966692414834,3.0964338871552832,0.8025234053317464,0.09998244656211902,0.0010602609508511842,0.043842294357911184,0.0094701986754967,0.5606361829025844,,,0.0009940357852882703
experiments/cikm2026,ml1m,weighted_ngcf,8,alpha_0.4_beta_0.0,0.4,none,,0.2577,0.33223203104204146,0.0007450331125827815,0.3282379194425754,0.26919395429183735,0.2291565564126413,0.20578322624027592,0.12245469320229949,0.04641435959927501,0.20578322624027592,-0.9231535546906632,-1.0,2.988663194649422,0.8690175179711973,0.1393373994574634,0.0029818879219166232,0.49320057524282757,0.09111994698475812,0.5157720344599072,,,0.002650762094102054
experiments/cikm2026_SOTA,ml1m,weighted_ngcf,8,alpha_0.4_beta_0.0,0.4,none,,0.258,0.33743898468442557,0.00031456953642384106,0.3316620493273364,0.27285480473554957,0.22917768546796202,0.1999152547442206,0.1317467945831158,0.04962529174182443,0.1999152547442206,-0.8673761136218586,-1.0,3.0924577004758786,0.806896021788574,0.09938716574084853,0.0012591119946984758,0.20043634047039138,0.03969516235917825,0.5569913850231941,,,0.0012591119946984758
experiments/cikm2026,ml1m,weighted_ngcf,9,alpha_0.4_beta_0.0,0.4,none,,0.2564,0.3299224283930348,0.000695364238410596,0.3400822285759109,0.2662104915386242,0.2260522655998336,0.19042951798461313,0.14965271059129778,0.0556103739128078,0.19042951798461313,0.7981299247387798,0.316227766016838,2.9691137391039675,0.8700812434805714,0.15802180499023236,0.0027832124252278817,0.2588380792655775,0.046225165562913895,0.49913850231941675,,,0.002650762094102054
experiments/cikm2026,ml1m,weighted_ngcf,9,alpha_0.4_beta_0.0,0.4,none,,0.2572,0.33183468004866395,0.0007781456953642385,0.33735622348495403,0.2670978254666913,0.22954503752844257,0.19076527575036353,0.1465909477345905,0.0540769938483911,0.19076527575036353,0.25957874520377056,-0.21081851067789195,3.0183885593105226,0.8361092208761969,0.14238766212628928,0.0031145576869906384,0.14757566077450635,0.027284768211920496,0.5104042412193505,,,0.0029821073558648106
experiments/cikm2026_SOTA,ml1m,weighted_ngcf,9,alpha_0.4_beta_0.0,0.4,none,,0.2577,0.3317601767374057,0.0008609271523178808,0.33841509879577214,0.26809242672325395,0.23031885631238783,0.19241236713392285,0.1460027316618493,0.0539317215688237,0.19241236713392285,0.40304506052112243,0.39999999999999997,3.0105066662189106,0.8433949119305841,0.14265256278854094,0.003445859061963758,0.15843992645968202,0.030152418820410865,0.5073558648111332,,,0.0032471835652750163
experiments/cikm2026,ml1m,weighted_ngcf,0,alpha_0.8,0.8,none,,0.2558,0.34366814528447165,6.622516556291391e-05,0.337536531580677,0.27242267995803765,0.22364746395728424,0.19328530573542896,0.14425122584524802,0.05453356529570567,0.19328530573542896,-0.012371796316211298,-0.2581988897471611,3.1494104738957405,0.753584623601318,0.09673982629353065,0.0002650762094102054,0.11021782477558204,0.022001325381047043,0.5656726308813783,,,0.0002650762094102054
experiments/cikm2026,ml1m,weighted_ngcf,0,alpha_0.8_beta_0.0,0.8,none,,0.2598,0.33289428269767063,0.0005132450331125828,0.33400075802249185,0.27564924460677265,0.22335625940160014,0.19855643978887558,0.13544431823361627,0.052012712054317144,0.19855643978887558,-0.31750548982403576,-0.2581988897471611,3.021903145201238,0.8410762399537844,0.13496631810883752,0.0020542967361394542,0.045441442360515255,0.011994698475811805,0.5175612988734261,,,0.0019880715705765406
experiments/cikm2026_SOTA,ml1m,weighted_ngcf,0,alpha_0.8_beta_0.0,0.8,none,,0.2597,0.33229825620760434,0.0005463576158940398,0.3345604210511269,0.27167289303905423,0.22391252663577205,0.20239307973617146,0.13216734131495542,0.05075051450072172,0.20239307973617146,-0.728673221196802,-0.632455532033676,3.009385711115965,0.8488227413118393,0.13960471273135058,0.002186834840844557,0.03219403355231923,0.007223326706428113,0.5161696487740225,,,0.0021206096752816434
experiments/cikm2026,ml1m,weighted_ngcf,1,alpha_0.8_beta_0.0,0.8,none,,0.2532,0.339131721443412,0.0002814569536423841,0.32912888358058795,0.26457162566612197,0.21949604951018736,0.1939250390896356,0.13520384449095235,0.05132232808163452,0.1939250390896356,-0.8658107284234392,-0.7745966692414834,3.1131146905962885,0.7935263015432735,0.09223243397044432,0.001126573889993373,0.11021211705316075,0.018874172185430416,0.5546056991385022,,,0.001126573889993373
experiments/cikm2026,ml1m,weighted_ngcf,1,alpha_0.8_beta_0.0,0.8,none,,0.2532,0.33895788038380936,0.00033112582781456954,0.3306384989260814,0.26485608788780296,0.2217224756726431,0.19249557052753213,0.13814292839854925,0.05197611191067392,0.19249557052753213,-0.8713362099252175,-0.9486832980505139,3.1117244005226454,0.7967049346402116,0.09024528379009125,0.001325381047051027,0.2535297172192903,0.038940397350993416,0.5547382372432074,,,0.001325381047051027
experiments/cikm2026_SOTA,ml1m,weighted_ngcf,1,alpha_0.8_beta_0.0,0.8,none,,0.2534,0.33491415024733945,0.0003642384105960265,0.32477861194205815,0.26506669236773567,0.2256006352283487,0.19551382628439729,0.12926478565766086,0.04835516785616252,0.19551382628439729,-0.8960264371038481,-0.7745966692414834,3.0247563972249845,0.8543885112296549,0.1193971723936037,0.0014579191517561298,0.0991043678076149,0.028495692511597115,0.5217362491716367,,,0.0014579191517561298
experiments/cikm2026,ml1m,weighted_ngcf,2,alpha_0.8_beta_0.0,0.8,none,,0.2516,0.3291442826976706,0.0009768211920529802,0.3240902829191063,0.26799412023001407,0.22279640110647297,0.19139715948687513,0.13269312343223116,0.049944053418961035,0.19139715948687513,0.7345200913961569,1.0,2.931765415152808,0.9012026894707653,0.16312215294799456,0.003909742428431617,0.11683963414752274,0.01895294897282973,0.49443339960238564,,,0.003711066931742876
experiments/cikm2026,ml1m,weighted_ngcf,2,alpha_0.8_beta_0.0,0.8,none,,0.2526,0.33354825620760437,0.0005629139072847682,0.3296297477178762,0.2685952525043544,0.2254456103870282,0.18923882298954034,0.14039092472833584,0.052296881956085305,0.18923882298954034,-0.5822863446409506,-0.7999999999999999,2.988589906557124,0.8796209591793923,0.12953603037028577,0.002253103893197108,0.06187370608216507,0.016633532140490404,0.5083499005964214,,,0.0021868787276341944
experiments/cikm2026_SOTA,ml1m,weighted_ngcf,2,alpha_0.8_beta_0.0,0.8,none,,0.2518,0.32938434892283613,0.0009768211920529802,0.3230668076619441,0.26945797203331073,0.2222163101876302,0.19048659454475386,0.13258021311719026,0.05006075742262695,0.19048659454475386,0.6856896051986168,0.19999999999999998,2.9288515515224707,0.9060382237846886,0.16120048226440867,0.003909742428431617,0.11219913324955572,0.018543046357615833,0.49423459244532797,,,0.003711066931742876
experiments/cikm2026,ml1m,weighted_ngcf,3,alpha_0.8_beta_0.0,0.8,none,,0.2546,0.32908633567780304,0.0008940397350993377,0.33307436252276346,0.2755811204358285,0.2257477221734914,0.1837862671454614,0.14928809537730206,0.05577961232428109,0.1837862671454614,-0.6010435684465847,-0.632455532033676,2.9368544878071967,0.8956491199642896,0.1639179072882652,0.0035784849402481353,0.12082770845412538,0.02697150430748846,0.4839628893306825,,,0.0035122597746852216
experiments/cikm2026,ml1m,weighted_ngcf,3,alpha_0.8_beta_0.0,0.8,none,,0.2541,0.32878832243276995,0.0007947019867549669,0.3307157435143302,0.2759672155361709,0.22441384726082933,0.18453316150605859,0.1461825820082716,0.05492907179869308,0.18453316150605859,-0.2189654040974324,-0.21081851067789195,2.9287094925403623,0.9014093945072659,0.16670028621302832,0.00318082673934319,0.1180495021435821,0.031146454605699092,0.4826375082836315,,,0.003048376408217362
experiments/cikm2026_SOTA,ml1m,weighted_ngcf,3,alpha_0.8_beta_0.0,0.8,none,,0.2544,0.32907805753210767,0.0008609271523178808,0.32973044537565066,0.2755833258253201,0.22498704267958264,0.18487104318579384,0.14485940218985682,0.05436297733290883,0.18487104318579384,-0.8073729265747953,-0.632455532033676,2.931556867277771,0.9008813487124376,0.1641159249478272,0.003445859061963758,0.11963548352839747,0.02889330682571234,0.481974817760106,,,0.0032471835652750163
experiments/cikm2026,ml1m,weighted_ngcf,4,alpha_0.8_beta_0.0,0.8,none,,0.2538,0.3370581899824388,0.0001490066225165563,0.33705229750979115,0.26526688438671814,0.2209805598551529,0.1934063542635677,0.14364594324622346,0.0542825374629223,0.1934063542635677,-0.271381637380783,-0.2581988897471611,3.0896073848007566,0.8066964253082899,0.10309976841978008,0.0005964214711729622,0.025164074713161295,0.005562913907284778,0.5526176275679258,,,0.0005964214711729622
experiments/cikm2026,ml1m,weighted_ngcf,4,alpha_0.8_beta_0.0,0.8,none,,0.2538,0.33712441514800173,0.00023178807947019868,0.33689219171667284,0.26525282736686034,0.2233465006543016,0.191838512069844,0.14505367964682883,0.05431617376301765,0.191838512069844,-0.12220450409875627,-0.2581988897471611,3.0963628795495337,0.8004707755384468,0.1022385781790833,0.000927766732935719,0.026755495968661357,0.00602649006622516,0.5548045062955599,,,0.000927766732935719
experiments/cikm2026_SOTA,ml1m,weighted_ngcf,4,alpha_0.8_beta_0.0,0.8,none,,0.2519,0.3370085211082666,0.0001490066225165563,0.3355604818901337,0.2614860348996149,0.2210647648198342,0.19229513066316672,0.14326535122696699,0.05383435586361642,0.19229513066316672,-0.3873687551856096,-0.7378647873726218,3.081393707869934,0.8145130142760241,0.10349685638286839,0.0005964214711729622,0.03497075572839743,0.006494367130550016,0.5489065606361828,,,0.0005964214711729622
experiments/cikm2026,ml1m,weighted_ngcf,5,alpha_0.8_beta_0.0,0.8,none,,0.2543,0.3405058936288425,0.00018211920529801324,0.3327214943691168,0.2710662520674164,0.22655624578145117,0.19327911599306763,0.13944237837604917,0.052235017207874025,0.19327911599306763,0.4140645106725257,0.2581988897471611,3.1241054364407765,0.7675609443227701,0.1076046596605749,0.0007289595758780649,0.02822069881716455,0.006361829025844923,0.5524188204108681,,,0.0007289595758780649
experiments/cikm2026,ml1m,weighted_ngcf,5,alpha_0.8_beta_0.0,0.8,none,,0.2547,0.3418552313771869,0.0001490066225165563,0.3323155000805609,0.2689743607397179,0.23083396154897068,0.1935975750347326,0.13871792504582828,0.05128118787567066,0.1935975750347326,0.8838049634616527,0.632455532033676,3.134901280762036,0.7626612463606023,0.10184105140618835,0.0005964214711729622,0.08757731941051505,0.020941020543406186,0.5555997349237906,,,0.0005964214711729622
experiments/cikm2026_SOTA,ml1m,weighted_ngcf,5,alpha_0.8_beta_0.0,0.8,none,,0.2556,0.3403651651520213,0.00019867549668874172,0.33256868233588965,0.2700036392365729,0.2291936909178868,0.1925890790888834,0.13997960324700626,0.05195757067410081,0.1925890790888834,0.7771081665734644,0.316227766016838,3.122981405660993,0.7657688733621242,0.1104544923486519,0.0007952286282306162,0.028084390631010977,0.005434062292909214,0.5524850894632206,,,0.0007952286282306162
experiments/cikm2026,ml1m,weighted_ngcf,6,alpha_0.8_beta_0.0,0.8,none,,0.2597,0.3400919863440743,0.00019867549668874172,0.3404172758174888,0.2823687357310565,0.22667584128222093,0.18995214224274332,0.1504651335747455,0.05697458790613812,0.18995214224274332,-0.891553674080063,-0.9486832980505139,3.1208049693752544,0.7836487930585353,0.09475100893797891,0.0007952286282306162,0.33317457799823835,0.062226640159045776,0.5630881378396289,,,0.0007952286282306162
experiments/cikm2026,ml1m,weighted_ngcf,6,alpha_0.8_beta_0.0,0.8,none,,0.2611,0.33420222971753816,0.00033112582781456954,0.33702326212162625,0.2793930510941584,0.2311658447095407,0.1923150184674332,0.14470824365419305,0.05413255936079981,0.1923150184674332,-0.822831180362501,-0.39999999999999997,3.038468389845591,0.8349796622197904,0.1252265668875671,0.001325381047051027,0.15591740632825846,0.028363154406891966,0.5314777998674618,,,0.001325381047051027
experiments/cikm2026_SOTA,ml1m,weighted_ngcf,6,alpha_0.8_beta_0.0,0.8,none,,0.2584,0.3316028919691938,0.00033112582781456954,0.33689913606890176,0.2772267925922398,0.22945291345856472,0.19126082336371675,0.145638312705185,0.05445590222575249,0.19126082336371675,-0.6534710428136536,-0.316227766016838,2.9990577389794932,0.8535865260108709,0.14603035396258457,0.001325381047051027,0.11234255667224431,0.023459244532803125,0.5139165009940357,,,0.001325381047051027
experiments/cikm2026,ml1m,weighted_ngcf,7,alpha_0.8_beta_0.0,0.8,none,,0.2542,0.3365903307149352,0.00031456953642384106,0.32450509242504794,0.2729758322231755,0.22771539659396084,0.19320051481565692,0.13130457760939102,0.04928760451560954,0.19320051481565692,-0.8984411365109727,-1.0,3.092782552642095,0.787157584731224,0.1188007506319821,0.0012591119946984758,0.32601235239149556,0.06083499005964216,0.5499668654738237,,,0.0012591119946984758
experiments/cikm2026,ml1m,weighted_ngcf,7,alpha_0.8_beta_0.0,0.8,none,,0.2496,0.32760454759833285,0.0007615894039735099,0.31588683031132125,0.27054190387700117,0.22840866878256863,0.18858241555515876,0.1273044147561625,0.047430016066982966,0.18858241555515876,-0.2110979819951327,-0.6000000000000001,2.9297064265964585,0.8909389703245398,0.1763063144443632,0.0030482886346380874,0.037349511566607395,0.005890138980807369,0.4899933730947647,,,0.0029158383035122596
experiments/cikm2026_SOTA,ml1m,weighted_ngcf,7,alpha_0.8_beta_0.0,0.8,none,,0.2526,0.33036117011488914,0.0007450331125827815,0.31913950570438865,0.2694256468381156,0.2277612719058525,0.19388001414516,0.12525949155922864,0.04683908089546709,0.19388001414516,-0.20355161525366638,0.19999999999999998,2.976071023975434,0.8666349463058778,0.15431192236282268,0.0029821073558648106,0.06662849677762767,0.011133200795228615,0.5045062955599734,,,0.0029821073558648106
experiments/cikm2026,ml1m,weighted_ngcf,8,alpha_0.8_beta_0.0,0.8,none,,0.2569,0.34725258237056433,6.622516556291391e-05,0.3333451489766358,0.2684598360449689,0.22769646580836028,0.19947294843997215,0.13387220053666365,0.050318314330541396,0.19947294843997215,-0.07151740020210003,0.21081851067789195,3.1781026426269174,0.7431142058665519,0.07851807529711974,0.0002650762094102054,0.12029044521358917,0.020728476821192054,0.5852220013253809,,,0.0002650762094102054
experiments/cikm2026,ml1m,weighted_ngcf,8,alpha_0.8_beta_0.0,0.8,none,,0.2572,0.34794794660897493,8.278145695364238e-05,0.3330745829228243,0.26888540985826936,0.2278748851852431,0.20178300854772818,0.13129157437509614,0.049554316957977004,0.20178300854772818,0.6511477640368888,0.7745966692414834,3.1836656015827867,0.7367561062303007,0.07924694692514933,0.00033134526176275674,0.10359302482825565,0.020278330019880664,0.5866136514247846,,,0.00033134526176275674
experiments/cikm2026_SOTA,ml1m,weighted_ngcf,8,alpha_0.8_beta_0.0,0.8,none,,0.26,0.33617242839303485,0.00026490066225165563,0.3328079784133409,0.2720267240849657,0.23131001193556844,0.20184541596654612,0.1309625624467948,0.04911645594437484,0.20184541596654612,-0.9090692965465758,-0.7999999999999999,3.080070124322387,0.8091453545547077,0.10972421628526416,0.0010603048376408217,0.17566118816340803,0.030881378396288905,0.5481776010603048,,,0.0010603048376408217
experiments/cikm2026,ml1m,weighted_ngcf,9,alpha_0.8_beta_0.0,0.8,none,,0.2575,0.3387260923043392,0.00013245033112582781,0.3395879721253847,0.2663363179938532,0.22973560639670024,0.19092634188264657,0.14866163024273815,0.054809934657331555,0.19092634188264657,-0.39919249448825533,-0.2581988897471611,3.1098647398977666,0.7884926204072775,0.10111248727613484,0.0005301524188204108,0.03881497471518236,0.008217362491716368,0.544599072233267,,,0.0005301524188204108
experiments/cikm2026,ml1m,weighted_ngcf,9,alpha_0.8_beta_0.0,0.8,none,,0.2556,0.3301790509095911,0.0007450331125827815,0.33190842722798924,0.2686289549554033,0.2285103215500609,0.19000651074467595,0.1419019164833133,0.052503065801577424,0.19000651074467595,-0.9953879617121977,-0.39999999999999997,2.9677214287276685,0.8735254813453565,0.15577111417338857,0.0029819757535856266,0.24890992194021405,0.042450331125827745,0.49449966865473816,,,0.002849569251159708
experiments/cikm2026_SOTA,ml1m,weighted_ngcf,9,alpha_0.8_beta_0.0,0.8,none,,0.256,0.33051845488310105,0.000695364238410596,0.3325193465843141,0.26876643725238303,0.22888319929468945,0.19275082430318796,0.13976852228112613,0.051849975228134254,0.19275082430318796,-0.8190597966823134,-0.7745966692414834,2.9811660613412014,0.8627974848971716,0.15325315356281918,0.0027833001988071568,0.21712113621510012,0.03889993373094763,0.4986083499005964,,,0.0027833001988071568
