experiment_id,dataset,model,seed,run_dir,run_label,sota_method,sota_lambda,alpha_cell,ndcg@10,recall@10,mrr@10,expdev,tail_ratio,tail_head_ratio,ndcg_gap_max_min,ndcg_std,worst_group_ndcg,ndcg_niche,ndcg_semi_niche,ndcg_semi_mainstream,ndcg_mainstream,transfer_l1_shift,transfer_max_abs_shift
lastfm__weighted_bpr__seed0__baseline__rwmode_dominance__fracs_0.1__0.2__0.3__0.4__norm_false__sota_pop_inverse__slam_0.2,lastfm,weighted_bpr,0,/home/oqiw47aj/oqiw47aj/CIKM2026/experiments/cikm2026_SOTA/rwmode_dominance__fracs_0.1__0.2__0.3__0.4__norm_false__sota_pop_inverse__slam_0.2/lastfm/weighted_bpr/seed_0/baseline,baseline__rwmode_dominance__fracs_0.1__0.2__0.3__0.4__norm_false__sota_pop_inverse__slam_0.2,pop_inverse,0.2,0.0,0.1593,0.1694,0.287,0.4299182732314182,0.006050955414012739,0.00630426367305653,0.20886821021376273,0.08098540641165144,0.0792999017090457,0.0792999017090457,0.10283992865749667,0.1656396141256712,0.28816811192280845,,
lastfm__weighted_bpr__seed0__baseline__rwmode_dominance__fracs_0.1__0.2__0.3__0.4__norm_false__sota_head_penalty__slam_0.2,lastfm,weighted_bpr,0,/home/oqiw47aj/oqiw47aj/CIKM2026/experiments/cikm2026_SOTA/rwmode_dominance__fracs_0.1__0.2__0.3__0.4__norm_false__sota_head_penalty__slam_0.2/lastfm/weighted_bpr/seed_0/baseline,baseline__rwmode_dominance__fracs_0.1__0.2__0.3__0.4__norm_false__sota_head_penalty__slam_0.2,head_penalty,0.2,0.0,0.1593,0.1694,0.287,0.4299182732314182,0.006050955414012739,0.00630426367305653,0.20886821021376273,0.08098540641165144,0.0792999017090457,0.0792999017090457,0.10283992865749667,0.1656396141256712,0.28816811192280845,,
lastfm__weighted_bpr__seed0__baseline__rwmode_dominance__fracs_0.1__0.2__0.3__0.4__norm_false__sota_xquad_pop__slam_0.2,lastfm,weighted_bpr,0,/home/oqiw47aj/oqiw47aj/CIKM2026/experiments/cikm2026_SOTA/rwmode_dominance__fracs_0.1__0.2__0.3__0.4__norm_false__sota_xquad_pop__slam_0.2/lastfm/weighted_bpr/seed_0/baseline,baseline__rwmode_dominance__fracs_0.1__0.2__0.3__0.4__norm_false__sota_xquad_pop__slam_0.2,xquad_pop,0.2,0.0,0.1593,0.1694,0.287,0.4299182732314182,0.006050955414012739,0.00630426367305653,0.20886821021376273,0.08098540641165144,0.0792999017090457,0.0792999017090457,0.10283992865749667,0.1656396141256712,0.28816811192280845,,
lastfm__weighted_bpr__seed0__baseline__rwmode_dominance__fracs_0.1__0.2__0.3__0.4__norm_false__sota_mmr_pop__slam_0.2,lastfm,weighted_bpr,0,/home/oqiw47aj/oqiw47aj/CIKM2026/experiments/cikm2026_SOTA/rwmode_dominance__fracs_0.1__0.2__0.3__0.4__norm_false__sota_mmr_pop__slam_0.2/lastfm/weighted_bpr/seed_0/baseline,baseline__rwmode_dominance__fracs_0.1__0.2__0.3__0.4__norm_false__sota_mmr_pop__slam_0.2,mmr_pop,0.2,0.0,0.1593,0.1694,0.287,0.4299182732314182,0.006050955414012739,0.00630426367305653,0.20886821021376273,0.08098540641165144,0.0792999017090457,0.0792999017090457,0.10283992865749667,0.1656396141256712,0.28816811192280845,,
lastfm__weighted_bpr__seed0__baseline__rwmode_dominance__fracs_0.1__0.2__0.3__0.4__norm_false__sota_calib_pop__slam_0.2,lastfm,weighted_bpr,0,/home/oqiw47aj/oqiw47aj/CIKM2026/experiments/cikm2026_SOTA/rwmode_dominance__fracs_0.1__0.2__0.3__0.4__norm_false__sota_calib_pop__slam_0.2/lastfm/weighted_bpr/seed_0/baseline,baseline__rwmode_dominance__fracs_0.1__0.2__0.3__0.4__norm_false__sota_calib_pop__slam_0.2,calib_pop,0.2,0.0,0.1593,0.1694,0.287,0.4299182732314182,0.006050955414012739,0.00630426367305653,0.20886821021376273,0.08098540641165144,0.0792999017090457,0.0792999017090457,0.10283992865749667,0.1656396141256712,0.28816811192280845,,
lastfm__weighted_bpr__seed1__baseline__rwmode_dominance__fracs_0.1__0.2__0.3__0.4__norm_false__sota_pop_inverse__slam_0.2,lastfm,weighted_bpr,1,/home/oqiw47aj/oqiw47aj/CIKM2026/experiments/cikm2026_SOTA/rwmode_dominance__fracs_0.1__0.2__0.3__0.4__norm_false__sota_pop_inverse__slam_0.2/lastfm/weighted_bpr/seed_1/baseline,baseline__rwmode_dominance__fracs_0.1__0.2__0.3__0.4__norm_false__sota_pop_inverse__slam_0.2,pop_inverse,0.2,0.0,0.1634,0.1719,0.3017,0.4305552159065774,0.006104033970276009,0.006351134920190001,0.17743843047668942,0.06751873595779637,0.09399547937258398,0.09399547937258398,0.12164100279142265,0.1652450789559978,0.2714339098492734,,
lastfm__weighted_bpr__seed1__baseline__rwmode_dominance__fracs_0.1__0.2__0.3__0.4__norm_false__sota_head_penalty__slam_0.2,lastfm,weighted_bpr,1,/home/oqiw47aj/oqiw47aj/CIKM2026/experiments/cikm2026_SOTA/rwmode_dominance__fracs_0.1__0.2__0.3__0.4__norm_false__sota_head_penalty__slam_0.2/lastfm/weighted_bpr/seed_1/baseline,baseline__rwmode_dominance__fracs_0.1__0.2__0.3__0.4__norm_false__sota_head_penalty__slam_0.2,head_penalty,0.2,0.0,0.1634,0.1719,0.3017,0.4305552159065774,0.006104033970276009,0.006351134920190001,0.17743843047668942,0.06751873595779637,0.09399547937258398,0.09399547937258398,0.12164100279142265,0.1652450789559978,0.2714339098492734,,
lastfm__weighted_bpr__seed1__baseline__rwmode_dominance__fracs_0.1__0.2__0.3__0.4__norm_false__sota_xquad_pop__slam_0.2,lastfm,weighted_bpr,1,/home/oqiw47aj/oqiw47aj/CIKM2026/experiments/cikm2026_SOTA/rwmode_dominance__fracs_0.1__0.2__0.3__0.4__norm_false__sota_xquad_pop__slam_0.2/lastfm/weighted_bpr/seed_1/baseline,baseline__rwmode_dominance__fracs_0.1__0.2__0.3__0.4__norm_false__sota_xquad_pop__slam_0.2,xquad_pop,0.2,0.0,0.1634,0.1719,0.3017,0.4305552159065774,0.006104033970276009,0.006351134920190001,0.17743843047668942,0.06751873595779637,0.09399547937258398,0.09399547937258398,0.12164100279142265,0.1652450789559978,0.2714339098492734,,
lastfm__weighted_bpr__seed1__baseline__rwmode_dominance__fracs_0.1__0.2__0.3__0.4__norm_false__sota_mmr_pop__slam_0.2,lastfm,weighted_bpr,1,/home/oqiw47aj/oqiw47aj/CIKM2026/experiments/cikm2026_SOTA/rwmode_dominance__fracs_0.1__0.2__0.3__0.4__norm_false__sota_mmr_pop__slam_0.2/lastfm/weighted_bpr/seed_1/baseline,baseline__rwmode_dominance__fracs_0.1__0.2__0.3__0.4__norm_false__sota_mmr_pop__slam_0.2,mmr_pop,0.2,0.0,0.1634,0.1719,0.3017,0.4305552159065774,0.006104033970276009,0.006351134920190001,0.17743843047668942,0.06751873595779637,0.09399547937258398,0.09399547937258398,0.12164100279142265,0.1652450789559978,0.2714339098492734,,
lastfm__weighted_bpr__seed1__baseline__rwmode_dominance__fracs_0.1__0.2__0.3__0.4__norm_false__sota_calib_pop__slam_0.2,lastfm,weighted_bpr,1,/home/oqiw47aj/oqiw47aj/CIKM2026/experiments/cikm2026_SOTA/rwmode_dominance__fracs_0.1__0.2__0.3__0.4__norm_false__sota_calib_pop__slam_0.2/lastfm/weighted_bpr/seed_1/baseline,baseline__rwmode_dominance__fracs_0.1__0.2__0.3__0.4__norm_false__sota_calib_pop__slam_0.2,calib_pop,0.2,0.0,0.1634,0.1719,0.3017,0.4305552159065774,0.006104033970276009,0.006351134920190001,0.17743843047668942,0.06751873595779637,0.09399547937258398,0.09399547937258398,0.12164100279142265,0.1652450789559978,0.2714339098492734,,
lastfm__weighted_bpr__seed2__baseline__rwmode_dominance__fracs_0.1__0.2__0.3__0.4__norm_false__sota_pop_inverse__slam_0.2,lastfm,weighted_bpr,2,/home/oqiw47aj/oqiw47aj/CIKM2026/experiments/cikm2026_SOTA/rwmode_dominance__fracs_0.1__0.2__0.3__0.4__norm_false__sota_pop_inverse__slam_0.2/lastfm/weighted_bpr/seed_2/baseline,baseline__rwmode_dominance__fracs_0.1__0.2__0.3__0.4__norm_false__sota_pop_inverse__slam_0.2,pop_inverse,0.2,0.0,0.1568,0.164,0.2872,0.4298917339532865,0.006050955414012739,0.0063046123216392675,0.18372832746011217,0.07003620461523595,0.08553012006935393,0.08553012006935393,0.11329201067566998,0.15796927220736245,0.2692584475294661,,
lastfm__weighted_bpr__seed2__baseline__rwmode_dominance__fracs_0.1__0.2__0.3__0.4__norm_false__sota_head_penalty__slam_0.2,lastfm,weighted_bpr,2,/home/oqiw47aj/oqiw47aj/CIKM2026/experiments/cikm2026_SOTA/rwmode_dominance__fracs_0.1__0.2__0.3__0.4__norm_false__sota_head_penalty__slam_0.2/lastfm/weighted_bpr/seed_2/baseline,baseline__rwmode_dominance__fracs_0.1__0.2__0.3__0.4__norm_false__sota_head_penalty__slam_0.2,head_penalty,0.2,0.0,0.1568,0.164,0.2872,0.4298917339532865,0.006050955414012739,0.0063046123216392675,0.18372832746011217,0.07003620461523595,0.08553012006935393,0.08553012006935393,0.11329201067566998,0.15796927220736245,0.2692584475294661,,
lastfm__weighted_bpr__seed2__baseline__rwmode_dominance__fracs_0.1__0.2__0.3__0.4__norm_false__sota_xquad_pop__slam_0.2,lastfm,weighted_bpr,2,/home/oqiw47aj/oqiw47aj/CIKM2026/experiments/cikm2026_SOTA/rwmode_dominance__fracs_0.1__0.2__0.3__0.4__norm_false__sota_xquad_pop__slam_0.2/lastfm/weighted_bpr/seed_2/baseline,baseline__rwmode_dominance__fracs_0.1__0.2__0.3__0.4__norm_false__sota_xquad_pop__slam_0.2,xquad_pop,0.2,0.0,0.1568,0.164,0.2872,0.4298917339532865,0.006050955414012739,0.0063046123216392675,0.18372832746011217,0.07003620461523595,0.08553012006935393,0.08553012006935393,0.11329201067566998,0.15796927220736245,0.2692584475294661,,
lastfm__weighted_bpr__seed2__baseline__rwmode_dominance__fracs_0.1__0.2__0.3__0.4__norm_false__sota_mmr_pop__slam_0.2,lastfm,weighted_bpr,2,/home/oqiw47aj/oqiw47aj/CIKM2026/experiments/cikm2026_SOTA/rwmode_dominance__fracs_0.1__0.2__0.3__0.4__norm_false__sota_mmr_pop__slam_0.2/lastfm/weighted_bpr/seed_2/baseline,baseline__rwmode_dominance__fracs_0.1__0.2__0.3__0.4__norm_false__sota_mmr_pop__slam_0.2,mmr_pop,0.2,0.0,0.1568,0.164,0.2872,0.4298917339532865,0.006050955414012739,0.0063046123216392675,0.18372832746011217,0.07003620461523595,0.08553012006935393,0.08553012006935393,0.11329201067566998,0.15796927220736245,0.2692584475294661,,
lastfm__weighted_bpr__seed2__baseline__rwmode_dominance__fracs_0.1__0.2__0.3__0.4__norm_false__sota_calib_pop__slam_0.2,lastfm,weighted_bpr,2,/home/oqiw47aj/oqiw47aj/CIKM2026/experiments/cikm2026_SOTA/rwmode_dominance__fracs_0.1__0.2__0.3__0.4__norm_false__sota_calib_pop__slam_0.2/lastfm/weighted_bpr/seed_2/baseline,baseline__rwmode_dominance__fracs_0.1__0.2__0.3__0.4__norm_false__sota_calib_pop__slam_0.2,calib_pop,0.2,0.0,0.1568,0.164,0.2872,0.4298917339532865,0.006050955414012739,0.0063046123216392675,0.18372832746011217,0.07003620461523595,0.08553012006935393,0.08553012006935393,0.11329201067566998,0.15796927220736245,0.2692584475294661,,
lastfm__weighted_bpr__seed3__baseline__rwmode_dominance__fracs_0.1__0.2__0.3__0.4__norm_false__sota_pop_inverse__slam_0.2,lastfm,weighted_bpr,3,/home/oqiw47aj/oqiw47aj/CIKM2026/experiments/cikm2026_SOTA/rwmode_dominance__fracs_0.1__0.2__0.3__0.4__norm_false__sota_pop_inverse__slam_0.2/lastfm/weighted_bpr/seed_3/baseline,baseline__rwmode_dominance__fracs_0.1__0.2__0.3__0.4__norm_false__sota_pop_inverse__slam_0.2,pop_inverse,0.2,0.0,0.1665,0.1737,0.3022,0.42946710550318035,0.006210191082802548,0.00647625373629348,0.2099895605918477,0.07848999851050885,0.0824058375761418,0.0824058375761418,0.12504341930814905,0.16474172579172872,0.2923953981679895,,
lastfm__weighted_bpr__seed3__baseline__rwmode_dominance__fracs_0.1__0.2__0.3__0.4__norm_false__sota_head_penalty__slam_0.2,lastfm,weighted_bpr,3,/home/oqiw47aj/oqiw47aj/CIKM2026/experiments/cikm2026_SOTA/rwmode_dominance__fracs_0.1__0.2__0.3__0.4__norm_false__sota_head_penalty__slam_0.2/lastfm/weighted_bpr/seed_3/baseline,baseline__rwmode_dominance__fracs_0.1__0.2__0.3__0.4__norm_false__sota_head_penalty__slam_0.2,head_penalty,0.2,0.0,0.1665,0.1737,0.3022,0.42946710550318035,0.006210191082802548,0.00647625373629348,0.2099895605918477,0.07848999851050885,0.0824058375761418,0.0824058375761418,0.12504341930814905,0.16474172579172872,0.2923953981679895,,
lastfm__weighted_bpr__seed3__baseline__rwmode_dominance__fracs_0.1__0.2__0.3__0.4__norm_false__sota_xquad_pop__slam_0.2,lastfm,weighted_bpr,3,/home/oqiw47aj/oqiw47aj/CIKM2026/experiments/cikm2026_SOTA/rwmode_dominance__fracs_0.1__0.2__0.3__0.4__norm_false__sota_xquad_pop__slam_0.2/lastfm/weighted_bpr/seed_3/baseline,baseline__rwmode_dominance__fracs_0.1__0.2__0.3__0.4__norm_false__sota_xquad_pop__slam_0.2,xquad_pop,0.2,0.0,0.1665,0.1737,0.3022,0.42946710550318035,0.006210191082802548,0.00647625373629348,0.2099895605918477,0.07848999851050885,0.0824058375761418,0.0824058375761418,0.12504341930814905,0.16474172579172872,0.2923953981679895,,
lastfm__weighted_bpr__seed3__baseline__rwmode_dominance__fracs_0.1__0.2__0.3__0.4__norm_false__sota_mmr_pop__slam_0.2,lastfm,weighted_bpr,3,/home/oqiw47aj/oqiw47aj/CIKM2026/experiments/cikm2026_SOTA/rwmode_dominance__fracs_0.1__0.2__0.3__0.4__norm_false__sota_mmr_pop__slam_0.2/lastfm/weighted_bpr/seed_3/baseline,baseline__rwmode_dominance__fracs_0.1__0.2__0.3__0.4__norm_false__sota_mmr_pop__slam_0.2,mmr_pop,0.2,0.0,0.1665,0.1737,0.3022,0.42946710550318035,0.006210191082802548,0.00647625373629348,0.2099895605918477,0.07848999851050885,0.0824058375761418,0.0824058375761418,0.12504341930814905,0.16474172579172872,0.2923953981679895,,
lastfm__weighted_bpr__seed3__baseline__rwmode_dominance__fracs_0.1__0.2__0.3__0.4__norm_false__sota_calib_pop__slam_0.2,lastfm,weighted_bpr,3,/home/oqiw47aj/oqiw47aj/CIKM2026/experiments/cikm2026_SOTA/rwmode_dominance__fracs_0.1__0.2__0.3__0.4__norm_false__sota_calib_pop__slam_0.2/lastfm/weighted_bpr/seed_3/baseline,baseline__rwmode_dominance__fracs_0.1__0.2__0.3__0.4__norm_false__sota_calib_pop__slam_0.2,calib_pop,0.2,0.0,0.1665,0.1737,0.3022,0.42946710550318035,0.006210191082802548,0.00647625373629348,0.2099895605918477,0.07848999851050885,0.0824058375761418,0.0824058375761418,0.12504341930814905,0.16474172579172872,0.2923953981679895,,
lastfm__weighted_bpr__seed4__baseline__rwmode_dominance__fracs_0.1__0.2__0.3__0.4__norm_false__sota_pop_inverse__slam_0.2,lastfm,weighted_bpr,4,/home/oqiw47aj/oqiw47aj/CIKM2026/experiments/cikm2026_SOTA/rwmode_dominance__fracs_0.1__0.2__0.3__0.4__norm_false__sota_pop_inverse__slam_0.2/lastfm/weighted_bpr/seed_4/baseline,baseline__rwmode_dominance__fracs_0.1__0.2__0.3__0.4__norm_false__sota_pop_inverse__slam_0.2,pop_inverse,0.2,0.0,0.1618,0.1687,0.2994,0.4282993772653884,0.005414012738853503,0.0056597491954218935,0.18343927716711506,0.06917762057668381,0.08668789949484189,0.08668789949484189,0.12038644115458984,0.16892550846857066,0.27012717666195696,,
lastfm__weighted_bpr__seed4__baseline__rwmode_dominance__fracs_0.1__0.2__0.3__0.4__norm_false__sota_head_penalty__slam_0.2,lastfm,weighted_bpr,4,/home/oqiw47aj/oqiw47aj/CIKM2026/experiments/cikm2026_SOTA/rwmode_dominance__fracs_0.1__0.2__0.3__0.4__norm_false__sota_head_penalty__slam_0.2/lastfm/weighted_bpr/seed_4/baseline,baseline__rwmode_dominance__fracs_0.1__0.2__0.3__0.4__norm_false__sota_head_penalty__slam_0.2,head_penalty,0.2,0.0,0.1618,0.1687,0.2994,0.4282993772653884,0.005414012738853503,0.0056597491954218935,0.18343927716711506,0.06917762057668381,0.08668789949484189,0.08668789949484189,0.12038644115458984,0.16892550846857066,0.27012717666195696,,
lastfm__weighted_bpr__seed4__baseline__rwmode_dominance__fracs_0.1__0.2__0.3__0.4__norm_false__sota_xquad_pop__slam_0.2,lastfm,weighted_bpr,4,/home/oqiw47aj/oqiw47aj/CIKM2026/experiments/cikm2026_SOTA/rwmode_dominance__fracs_0.1__0.2__0.3__0.4__norm_false__sota_xquad_pop__slam_0.2/lastfm/weighted_bpr/seed_4/baseline,baseline__rwmode_dominance__fracs_0.1__0.2__0.3__0.4__norm_false__sota_xquad_pop__slam_0.2,xquad_pop,0.2,0.0,0.1618,0.1687,0.2994,0.4282993772653884,0.005414012738853503,0.0056597491954218935,0.18343927716711506,0.06917762057668381,0.08668789949484189,0.08668789949484189,0.12038644115458984,0.16892550846857066,0.27012717666195696,,
lastfm__weighted_bpr__seed4__baseline__rwmode_dominance__fracs_0.1__0.2__0.3__0.4__norm_false__sota_mmr_pop__slam_0.2,lastfm,weighted_bpr,4,/home/oqiw47aj/oqiw47aj/CIKM2026/experiments/cikm2026_SOTA/rwmode_dominance__fracs_0.1__0.2__0.3__0.4__norm_false__sota_mmr_pop__slam_0.2/lastfm/weighted_bpr/seed_4/baseline,baseline__rwmode_dominance__fracs_0.1__0.2__0.3__0.4__norm_false__sota_mmr_pop__slam_0.2,mmr_pop,0.2,0.0,0.1618,0.1687,0.2994,0.4282993772653884,0.005414012738853503,0.0056597491954218935,0.18343927716711506,0.06917762057668381,0.08668789949484189,0.08668789949484189,0.12038644115458984,0.16892550846857066,0.27012717666195696,,
lastfm__weighted_bpr__seed4__baseline__rwmode_dominance__fracs_0.1__0.2__0.3__0.4__norm_false__sota_calib_pop__slam_0.2,lastfm,weighted_bpr,4,/home/oqiw47aj/oqiw47aj/CIKM2026/experiments/cikm2026_SOTA/rwmode_dominance__fracs_0.1__0.2__0.3__0.4__norm_false__sota_calib_pop__slam_0.2/lastfm/weighted_bpr/seed_4/baseline,baseline__rwmode_dominance__fracs_0.1__0.2__0.3__0.4__norm_false__sota_calib_pop__slam_0.2,calib_pop,0.2,0.0,0.1618,0.1687,0.2994,0.4282993772653884,0.005414012738853503,0.0056597491954218935,0.18343927716711506,0.06917762057668381,0.08668789949484189,0.08668789949484189,0.12038644115458984,0.16892550846857066,0.27012717666195696,,
lastfm__weighted_bpr__seed5__baseline__rwmode_dominance__fracs_0.1__0.2__0.3__0.4__norm_false__sota_pop_inverse__slam_0.2,lastfm,weighted_bpr,5,/home/oqiw47aj/oqiw47aj/CIKM2026/experiments/cikm2026_SOTA/rwmode_dominance__fracs_0.1__0.2__0.3__0.4__norm_false__sota_pop_inverse__slam_0.2/lastfm/weighted_bpr/seed_5/baseline,baseline__rwmode_dominance__fracs_0.1__0.2__0.3__0.4__norm_false__sota_pop_inverse__slam_0.2,pop_inverse,0.2,0.0,0.1671,0.1749,0.3061,0.43113908002547335,0.0065817409766454355,0.006839869821825315,0.20213549551812207,0.07612148372685078,0.08709353547307211,0.08709353547307211,0.12395244037301657,0.1665762584884527,0.2892290309911942,,
lastfm__weighted_bpr__seed5__baseline__rwmode_dominance__fracs_0.1__0.2__0.3__0.4__norm_false__sota_head_penalty__slam_0.2,lastfm,weighted_bpr,5,/home/oqiw47aj/oqiw47aj/CIKM2026/experiments/cikm2026_SOTA/rwmode_dominance__fracs_0.1__0.2__0.3__0.4__norm_false__sota_head_penalty__slam_0.2/lastfm/weighted_bpr/seed_5/baseline,baseline__rwmode_dominance__fracs_0.1__0.2__0.3__0.4__norm_false__sota_head_penalty__slam_0.2,head_penalty,0.2,0.0,0.1671,0.1749,0.3061,0.43113908002547335,0.0065817409766454355,0.006839869821825315,0.20213549551812207,0.07612148372685078,0.08709353547307211,0.08709353547307211,0.12395244037301657,0.1665762584884527,0.2892290309911942,,
lastfm__weighted_bpr__seed5__baseline__rwmode_dominance__fracs_0.1__0.2__0.3__0.4__norm_false__sota_xquad_pop__slam_0.2,lastfm,weighted_bpr,5,/home/oqiw47aj/oqiw47aj/CIKM2026/experiments/cikm2026_SOTA/rwmode_dominance__fracs_0.1__0.2__0.3__0.4__norm_false__sota_xquad_pop__slam_0.2/lastfm/weighted_bpr/seed_5/baseline,baseline__rwmode_dominance__fracs_0.1__0.2__0.3__0.4__norm_false__sota_xquad_pop__slam_0.2,xquad_pop,0.2,0.0,0.1671,0.1749,0.3061,0.43113908002547335,0.0065817409766454355,0.006839869821825315,0.20213549551812207,0.07612148372685078,0.08709353547307211,0.08709353547307211,0.12395244037301657,0.1665762584884527,0.2892290309911942,,
lastfm__weighted_bpr__seed5__baseline__rwmode_dominance__fracs_0.1__0.2__0.3__0.4__norm_false__sota_mmr_pop__slam_0.2,lastfm,weighted_bpr,5,/home/oqiw47aj/oqiw47aj/CIKM2026/experiments/cikm2026_SOTA/rwmode_dominance__fracs_0.1__0.2__0.3__0.4__norm_false__sota_mmr_pop__slam_0.2/lastfm/weighted_bpr/seed_5/baseline,baseline__rwmode_dominance__fracs_0.1__0.2__0.3__0.4__norm_false__sota_mmr_pop__slam_0.2,mmr_pop,0.2,0.0,0.1671,0.1749,0.3061,0.43113908002547335,0.0065817409766454355,0.006839869821825315,0.20213549551812207,0.07612148372685078,0.08709353547307211,0.08709353547307211,0.12395244037301657,0.1665762584884527,0.2892290309911942,,
lastfm__weighted_bpr__seed5__baseline__rwmode_dominance__fracs_0.1__0.2__0.3__0.4__norm_false__sota_calib_pop__slam_0.2,lastfm,weighted_bpr,5,/home/oqiw47aj/oqiw47aj/CIKM2026/experiments/cikm2026_SOTA/rwmode_dominance__fracs_0.1__0.2__0.3__0.4__norm_false__sota_calib_pop__slam_0.2/lastfm/weighted_bpr/seed_5/baseline,baseline__rwmode_dominance__fracs_0.1__0.2__0.3__0.4__norm_false__sota_calib_pop__slam_0.2,calib_pop,0.2,0.0,0.1671,0.1749,0.3061,0.43113908002547335,0.0065817409766454355,0.006839869821825315,0.20213549551812207,0.07612148372685078,0.08709353547307211,0.08709353547307211,0.12395244037301657,0.1665762584884527,0.2892290309911942,,
lastfm__weighted_bpr__seed6__baseline__rwmode_dominance__fracs_0.1__0.2__0.3__0.4__norm_false__sota_pop_inverse__slam_0.2,lastfm,weighted_bpr,6,/home/oqiw47aj/oqiw47aj/CIKM2026/experiments/cikm2026_SOTA/rwmode_dominance__fracs_0.1__0.2__0.3__0.4__norm_false__sota_pop_inverse__slam_0.2/lastfm/weighted_bpr/seed_6/baseline,baseline__rwmode_dominance__fracs_0.1__0.2__0.3__0.4__norm_false__sota_pop_inverse__slam_0.2,pop_inverse,0.2,0.0,0.1588,0.1661,0.2945,0.43082060868789374,0.006475583864118896,0.0067340067339997315,0.19214690275565935,0.0703243372048968,0.07761656483678717,0.07761656483678717,0.12919490459606095,0.15724302895944872,0.2697634675924465,,
lastfm__weighted_bpr__seed6__baseline__rwmode_dominance__fracs_0.1__0.2__0.3__0.4__norm_false__sota_head_penalty__slam_0.2,lastfm,weighted_bpr,6,/home/oqiw47aj/oqiw47aj/CIKM2026/experiments/cikm2026_SOTA/rwmode_dominance__fracs_0.1__0.2__0.3__0.4__norm_false__sota_head_penalty__slam_0.2/lastfm/weighted_bpr/seed_6/baseline,baseline__rwmode_dominance__fracs_0.1__0.2__0.3__0.4__norm_false__sota_head_penalty__slam_0.2,head_penalty,0.2,0.0,0.1588,0.1661,0.2945,0.43082060868789374,0.006475583864118896,0.0067340067339997315,0.19214690275565935,0.0703243372048968,0.07761656483678717,0.07761656483678717,0.12919490459606095,0.15724302895944872,0.2697634675924465,,
lastfm__weighted_bpr__seed6__baseline__rwmode_dominance__fracs_0.1__0.2__0.3__0.4__norm_false__sota_xquad_pop__slam_0.2,lastfm,weighted_bpr,6,/home/oqiw47aj/oqiw47aj/CIKM2026/experiments/cikm2026_SOTA/rwmode_dominance__fracs_0.1__0.2__0.3__0.4__norm_false__sota_xquad_pop__slam_0.2/lastfm/weighted_bpr/seed_6/baseline,baseline__rwmode_dominance__fracs_0.1__0.2__0.3__0.4__norm_false__sota_xquad_pop__slam_0.2,xquad_pop,0.2,0.0,0.1588,0.1661,0.2945,0.43082060868789374,0.006475583864118896,0.0067340067339997315,0.19214690275565935,0.0703243372048968,0.07761656483678717,0.07761656483678717,0.12919490459606095,0.15724302895944872,0.2697634675924465,,
lastfm__weighted_bpr__seed6__baseline__rwmode_dominance__fracs_0.1__0.2__0.3__0.4__norm_false__sota_mmr_pop__slam_0.2,lastfm,weighted_bpr,6,/home/oqiw47aj/oqiw47aj/CIKM2026/experiments/cikm2026_SOTA/rwmode_dominance__fracs_0.1__0.2__0.3__0.4__norm_false__sota_mmr_pop__slam_0.2/lastfm/weighted_bpr/seed_6/baseline,baseline__rwmode_dominance__fracs_0.1__0.2__0.3__0.4__norm_false__sota_mmr_pop__slam_0.2,mmr_pop,0.2,0.0,0.1588,0.1661,0.2945,0.43082060868789374,0.006475583864118896,0.0067340067339997315,0.19214690275565935,0.0703243372048968,0.07761656483678717,0.07761656483678717,0.12919490459606095,0.15724302895944872,0.2697634675924465,,
lastfm__weighted_bpr__seed6__baseline__rwmode_dominance__fracs_0.1__0.2__0.3__0.4__norm_false__sota_calib_pop__slam_0.2,lastfm,weighted_bpr,6,/home/oqiw47aj/oqiw47aj/CIKM2026/experiments/cikm2026_SOTA/rwmode_dominance__fracs_0.1__0.2__0.3__0.4__norm_false__sota_calib_pop__slam_0.2/lastfm/weighted_bpr/seed_6/baseline,baseline__rwmode_dominance__fracs_0.1__0.2__0.3__0.4__norm_false__sota_calib_pop__slam_0.2,calib_pop,0.2,0.0,0.1588,0.1661,0.2945,0.43082060868789374,0.006475583864118896,0.0067340067339997315,0.19214690275565935,0.0703243372048968,0.07761656483678717,0.07761656483678717,0.12919490459606095,0.15724302895944872,0.2697634675924465,,
lastfm__weighted_bpr__seed7__baseline__rwmode_dominance__fracs_0.1__0.2__0.3__0.4__norm_false__sota_pop_inverse__slam_0.2,lastfm,weighted_bpr,7,/home/oqiw47aj/oqiw47aj/CIKM2026/experiments/cikm2026_SOTA/rwmode_dominance__fracs_0.1__0.2__0.3__0.4__norm_false__sota_pop_inverse__slam_0.2/lastfm/weighted_bpr/seed_7/baseline,baseline__rwmode_dominance__fracs_0.1__0.2__0.3__0.4__norm_false__sota_pop_inverse__slam_0.2,pop_inverse,0.2,0.0,0.1557,0.1656,0.2811,0.43052867662844574,0.007059447983014862,0.007345631282440165,0.19486635544223765,0.07463613415222074,0.07997246370542457,0.07997246370542457,0.10731177225710223,0.15924719158454861,0.27483881914766223,,
lastfm__weighted_bpr__seed7__baseline__rwmode_dominance__fracs_0.1__0.2__0.3__0.4__norm_false__sota_head_penalty__slam_0.2,lastfm,weighted_bpr,7,/home/oqiw47aj/oqiw47aj/CIKM2026/experiments/cikm2026_SOTA/rwmode_dominance__fracs_0.1__0.2__0.3__0.4__norm_false__sota_head_penalty__slam_0.2/lastfm/weighted_bpr/seed_7/baseline,baseline__rwmode_dominance__fracs_0.1__0.2__0.3__0.4__norm_false__sota_head_penalty__slam_0.2,head_penalty,0.2,0.0,0.1557,0.1656,0.2811,0.43052867662844574,0.007059447983014862,0.007345631282440165,0.19486635544223765,0.07463613415222074,0.07997246370542457,0.07997246370542457,0.10731177225710223,0.15924719158454861,0.27483881914766223,,
lastfm__weighted_bpr__seed7__baseline__rwmode_dominance__fracs_0.1__0.2__0.3__0.4__norm_false__sota_xquad_pop__slam_0.2,lastfm,weighted_bpr,7,/home/oqiw47aj/oqiw47aj/CIKM2026/experiments/cikm2026_SOTA/rwmode_dominance__fracs_0.1__0.2__0.3__0.4__norm_false__sota_xquad_pop__slam_0.2/lastfm/weighted_bpr/seed_7/baseline,baseline__rwmode_dominance__fracs_0.1__0.2__0.3__0.4__norm_false__sota_xquad_pop__slam_0.2,xquad_pop,0.2,0.0,0.1557,0.1656,0.2811,0.43052867662844574,0.007059447983014862,0.007345631282440165,0.19486635544223765,0.07463613415222074,0.07997246370542457,0.07997246370542457,0.10731177225710223,0.15924719158454861,0.27483881914766223,,
lastfm__weighted_bpr__seed7__baseline__rwmode_dominance__fracs_0.1__0.2__0.3__0.4__norm_false__sota_mmr_pop__slam_0.2,lastfm,weighted_bpr,7,/home/oqiw47aj/oqiw47aj/CIKM2026/experiments/cikm2026_SOTA/rwmode_dominance__fracs_0.1__0.2__0.3__0.4__norm_false__sota_mmr_pop__slam_0.2/lastfm/weighted_bpr/seed_7/baseline,baseline__rwmode_dominance__fracs_0.1__0.2__0.3__0.4__norm_false__sota_mmr_pop__slam_0.2,mmr_pop,0.2,0.0,0.1557,0.1656,0.2811,0.43052867662844574,0.007059447983014862,0.007345631282440165,0.19486635544223765,0.07463613415222074,0.07997246370542457,0.07997246370542457,0.10731177225710223,0.15924719158454861,0.27483881914766223,,
lastfm__weighted_bpr__seed7__baseline__rwmode_dominance__fracs_0.1__0.2__0.3__0.4__norm_false__sota_calib_pop__slam_0.2,lastfm,weighted_bpr,7,/home/oqiw47aj/oqiw47aj/CIKM2026/experiments/cikm2026_SOTA/rwmode_dominance__fracs_0.1__0.2__0.3__0.4__norm_false__sota_calib_pop__slam_0.2/lastfm/weighted_bpr/seed_7/baseline,baseline__rwmode_dominance__fracs_0.1__0.2__0.3__0.4__norm_false__sota_calib_pop__slam_0.2,calib_pop,0.2,0.0,0.1557,0.1656,0.2811,0.43052867662844574,0.007059447983014862,0.007345631282440165,0.19486635544223765,0.07463613415222074,0.07997246370542457,0.07997246370542457,0.10731177225710223,0.15924719158454861,0.27483881914766223,,
lastfm__weighted_bpr__seed8__baseline__rwmode_dominance__fracs_0.1__0.2__0.3__0.4__norm_false__sota_pop_inverse__slam_0.2,lastfm,weighted_bpr,8,/home/oqiw47aj/oqiw47aj/CIKM2026/experiments/cikm2026_SOTA/rwmode_dominance__fracs_0.1__0.2__0.3__0.4__norm_false__sota_pop_inverse__slam_0.2/lastfm/weighted_bpr/seed_8/baseline,baseline__rwmode_dominance__fracs_0.1__0.2__0.3__0.4__norm_false__sota_pop_inverse__slam_0.2,pop_inverse,0.2,0.0,0.1574,0.1619,0.2982,0.43082060868789374,0.006369426751592357,0.0066236131809833424,0.1869717486787903,0.07071930847339582,0.08538237910136441,0.08538237910136441,0.11759715171537907,0.15291889263669192,0.2723541277801547,,
lastfm__weighted_bpr__seed8__baseline__rwmode_dominance__fracs_0.1__0.2__0.3__0.4__norm_false__sota_head_penalty__slam_0.2,lastfm,weighted_bpr,8,/home/oqiw47aj/oqiw47aj/CIKM2026/experiments/cikm2026_SOTA/rwmode_dominance__fracs_0.1__0.2__0.3__0.4__norm_false__sota_head_penalty__slam_0.2/lastfm/weighted_bpr/seed_8/baseline,baseline__rwmode_dominance__fracs_0.1__0.2__0.3__0.4__norm_false__sota_head_penalty__slam_0.2,head_penalty,0.2,0.0,0.1574,0.1619,0.2982,0.43082060868789374,0.006369426751592357,0.0066236131809833424,0.1869717486787903,0.07071930847339582,0.08538237910136441,0.08538237910136441,0.11759715171537907,0.15291889263669192,0.2723541277801547,,
lastfm__weighted_bpr__seed8__baseline__rwmode_dominance__fracs_0.1__0.2__0.3__0.4__norm_false__sota_xquad_pop__slam_0.2,lastfm,weighted_bpr,8,/home/oqiw47aj/oqiw47aj/CIKM2026/experiments/cikm2026_SOTA/rwmode_dominance__fracs_0.1__0.2__0.3__0.4__norm_false__sota_xquad_pop__slam_0.2/lastfm/weighted_bpr/seed_8/baseline,baseline__rwmode_dominance__fracs_0.1__0.2__0.3__0.4__norm_false__sota_xquad_pop__slam_0.2,xquad_pop,0.2,0.0,0.1574,0.1619,0.2982,0.43082060868789374,0.006369426751592357,0.0066236131809833424,0.1869717486787903,0.07071930847339582,0.08538237910136441,0.08538237910136441,0.11759715171537907,0.15291889263669192,0.2723541277801547,,
lastfm__weighted_bpr__seed8__baseline__rwmode_dominance__fracs_0.1__0.2__0.3__0.4__norm_false__sota_mmr_pop__slam_0.2,lastfm,weighted_bpr,8,/home/oqiw47aj/oqiw47aj/CIKM2026/experiments/cikm2026_SOTA/rwmode_dominance__fracs_0.1__0.2__0.3__0.4__norm_false__sota_mmr_pop__slam_0.2/lastfm/weighted_bpr/seed_8/baseline,baseline__rwmode_dominance__fracs_0.1__0.2__0.3__0.4__norm_false__sota_mmr_pop__slam_0.2,mmr_pop,0.2,0.0,0.1574,0.1619,0.2982,0.43082060868789374,0.006369426751592357,0.0066236131809833424,0.1869717486787903,0.07071930847339582,0.08538237910136441,0.08538237910136441,0.11759715171537907,0.15291889263669192,0.2723541277801547,,
lastfm__weighted_bpr__seed8__baseline__rwmode_dominance__fracs_0.1__0.2__0.3__0.4__norm_false__sota_calib_pop__slam_0.2,lastfm,weighted_bpr,8,/home/oqiw47aj/oqiw47aj/CIKM2026/experiments/cikm2026_SOTA/rwmode_dominance__fracs_0.1__0.2__0.3__0.4__norm_false__sota_calib_pop__slam_0.2/lastfm/weighted_bpr/seed_8/baseline,baseline__rwmode_dominance__fracs_0.1__0.2__0.3__0.4__norm_false__sota_calib_pop__slam_0.2,calib_pop,0.2,0.0,0.1574,0.1619,0.2982,0.43082060868789374,0.006369426751592357,0.0066236131809833424,0.1869717486787903,0.07071930847339582,0.08538237910136441,0.08538237910136441,0.11759715171537907,0.15291889263669192,0.2723541277801547,,
lastfm__weighted_bpr__seed9__baseline__rwmode_dominance__fracs_0.1__0.2__0.3__0.4__norm_false__sota_pop_inverse__slam_0.2,lastfm,weighted_bpr,9,/home/oqiw47aj/oqiw47aj/CIKM2026/experiments/cikm2026_SOTA/rwmode_dominance__fracs_0.1__0.2__0.3__0.4__norm_false__sota_pop_inverse__slam_0.2/lastfm/weighted_bpr/seed_9/baseline,baseline__rwmode_dominance__fracs_0.1__0.2__0.3__0.4__norm_false__sota_pop_inverse__slam_0.2,pop_inverse,0.2,0.0,0.1618,0.168,0.2955,0.4310860014692101,0.005414012738853503,0.005626965300374799,0.2167775454112089,0.08274610223302707,0.08189674811730227,0.08189674811730227,0.11582117885177125,0.14934815348958522,0.29867429352851116,,
lastfm__weighted_bpr__seed9__baseline__rwmode_dominance__fracs_0.1__0.2__0.3__0.4__norm_false__sota_head_penalty__slam_0.2,lastfm,weighted_bpr,9,/home/oqiw47aj/oqiw47aj/CIKM2026/experiments/cikm2026_SOTA/rwmode_dominance__fracs_0.1__0.2__0.3__0.4__norm_false__sota_head_penalty__slam_0.2/lastfm/weighted_bpr/seed_9/baseline,baseline__rwmode_dominance__fracs_0.1__0.2__0.3__0.4__norm_false__sota_head_penalty__slam_0.2,head_penalty,0.2,0.0,0.1618,0.168,0.2955,0.4310860014692101,0.005414012738853503,0.005626965300374799,0.2167775454112089,0.08274610223302707,0.08189674811730227,0.08189674811730227,0.11582117885177125,0.14934815348958522,0.29867429352851116,,
lastfm__weighted_bpr__seed9__baseline__rwmode_dominance__fracs_0.1__0.2__0.3__0.4__norm_false__sota_xquad_pop__slam_0.2,lastfm,weighted_bpr,9,/home/oqiw47aj/oqiw47aj/CIKM2026/experiments/cikm2026_SOTA/rwmode_dominance__fracs_0.1__0.2__0.3__0.4__norm_false__sota_xquad_pop__slam_0.2/lastfm/weighted_bpr/seed_9/baseline,baseline__rwmode_dominance__fracs_0.1__0.2__0.3__0.4__norm_false__sota_xquad_pop__slam_0.2,xquad_pop,0.2,0.0,0.1618,0.168,0.2955,0.4310860014692101,0.005414012738853503,0.005626965300374799,0.2167775454112089,0.08274610223302707,0.08189674811730227,0.08189674811730227,0.11582117885177125,0.14934815348958522,0.29867429352851116,,
lastfm__weighted_bpr__seed9__baseline__rwmode_dominance__fracs_0.1__0.2__0.3__0.4__norm_false__sota_mmr_pop__slam_0.2,lastfm,weighted_bpr,9,/home/oqiw47aj/oqiw47aj/CIKM2026/experiments/cikm2026_SOTA/rwmode_dominance__fracs_0.1__0.2__0.3__0.4__norm_false__sota_mmr_pop__slam_0.2/lastfm/weighted_bpr/seed_9/baseline,baseline__rwmode_dominance__fracs_0.1__0.2__0.3__0.4__norm_false__sota_mmr_pop__slam_0.2,mmr_pop,0.2,0.0,0.1618,0.168,0.2955,0.4310860014692101,0.005414012738853503,0.005626965300374799,0.2167775454112089,0.08274610223302707,0.08189674811730227,0.08189674811730227,0.11582117885177125,0.14934815348958522,0.29867429352851116,,
lastfm__weighted_bpr__seed9__baseline__rwmode_dominance__fracs_0.1__0.2__0.3__0.4__norm_false__sota_calib_pop__slam_0.2,lastfm,weighted_bpr,9,/home/oqiw47aj/oqiw47aj/CIKM2026/experiments/cikm2026_SOTA/rwmode_dominance__fracs_0.1__0.2__0.3__0.4__norm_false__sota_calib_pop__slam_0.2/lastfm/weighted_bpr/seed_9/baseline,baseline__rwmode_dominance__fracs_0.1__0.2__0.3__0.4__norm_false__sota_calib_pop__slam_0.2,calib_pop,0.2,0.0,0.1618,0.168,0.2955,0.4310860014692101,0.005414012738853503,0.005626965300374799,0.2167775454112089,0.08274610223302707,0.08189674811730227,0.08189674811730227,0.11582117885177125,0.14934815348958522,0.29867429352851116,,
lastfm__weighted_itemknn__seed0__baseline__rwmode_dominance__fracs_0.1__0.2__0.3__0.4__norm_false__sota_pop_inverse__slam_0.2,lastfm,weighted_itemknn,0,/home/oqiw47aj/oqiw47aj/CIKM2026/experiments/cikm2026_SOTA/rwmode_dominance__fracs_0.1__0.2__0.3__0.4__norm_false__sota_pop_inverse__slam_0.2/lastfm/weighted_itemknn/seed_0/baseline,baseline__rwmode_dominance__fracs_0.1__0.2__0.3__0.4__norm_false__sota_pop_inverse__slam_0.2,pop_inverse,0.2,0.0,0.1696,0.1672,0.3183,0.29095861293417824,0.08911889596602972,0.1306919903477495,0.2633527060216404,0.09831481496741794,0.05753759252008523,0.05753759252008523,0.11519179904952102,0.1856123232594831,0.3208902985417256,,
lastfm__weighted_itemknn__seed0__baseline__rwmode_dominance__fracs_0.1__0.2__0.3__0.4__norm_false__sota_head_penalty__slam_0.2,lastfm,weighted_itemknn,0,/home/oqiw47aj/oqiw47aj/CIKM2026/experiments/cikm2026_SOTA/rwmode_dominance__fracs_0.1__0.2__0.3__0.4__norm_false__sota_head_penalty__slam_0.2/lastfm/weighted_itemknn/seed_0/baseline,baseline__rwmode_dominance__fracs_0.1__0.2__0.3__0.4__norm_false__sota_head_penalty__slam_0.2,head_penalty,0.2,0.0,0.1696,0.1672,0.3183,0.29095861293417824,0.08911889596602972,0.1306919903477495,0.2633527060216404,0.09831481496741794,0.05753759252008523,0.05753759252008523,0.11519179904952102,0.1856123232594831,0.3208902985417256,,
lastfm__weighted_itemknn__seed0__baseline__rwmode_dominance__fracs_0.1__0.2__0.3__0.4__norm_false__sota_xquad_pop__slam_0.2,lastfm,weighted_itemknn,0,/home/oqiw47aj/oqiw47aj/CIKM2026/experiments/cikm2026_SOTA/rwmode_dominance__fracs_0.1__0.2__0.3__0.4__norm_false__sota_xquad_pop__slam_0.2/lastfm/weighted_itemknn/seed_0/baseline,baseline__rwmode_dominance__fracs_0.1__0.2__0.3__0.4__norm_false__sota_xquad_pop__slam_0.2,xquad_pop,0.2,0.0,0.1696,0.1672,0.3183,0.29095861293417824,0.08911889596602972,0.1306919903477495,0.2633527060216404,0.09831481496741794,0.05753759252008523,0.05753759252008523,0.11519179904952102,0.1856123232594831,0.3208902985417256,,
lastfm__weighted_itemknn__seed0__baseline__rwmode_dominance__fracs_0.1__0.2__0.3__0.4__norm_false__sota_mmr_pop__slam_0.2,lastfm,weighted_itemknn,0,/home/oqiw47aj/oqiw47aj/CIKM2026/experiments/cikm2026_SOTA/rwmode_dominance__fracs_0.1__0.2__0.3__0.4__norm_false__sota_mmr_pop__slam_0.2/lastfm/weighted_itemknn/seed_0/baseline,baseline__rwmode_dominance__fracs_0.1__0.2__0.3__0.4__norm_false__sota_mmr_pop__slam_0.2,mmr_pop,0.2,0.0,0.1696,0.1672,0.3183,0.29095861293417824,0.08911889596602972,0.1306919903477495,0.2633527060216404,0.09831481496741794,0.05753759252008523,0.05753759252008523,0.11519179904952102,0.1856123232594831,0.3208902985417256,,
lastfm__weighted_itemknn__seed0__baseline__rwmode_dominance__fracs_0.1__0.2__0.3__0.4__norm_false__sota_calib_pop__slam_0.2,lastfm,weighted_itemknn,0,/home/oqiw47aj/oqiw47aj/CIKM2026/experiments/cikm2026_SOTA/rwmode_dominance__fracs_0.1__0.2__0.3__0.4__norm_false__sota_calib_pop__slam_0.2/lastfm/weighted_itemknn/seed_0/baseline,baseline__rwmode_dominance__fracs_0.1__0.2__0.3__0.4__norm_false__sota_calib_pop__slam_0.2,calib_pop,0.2,0.0,0.1696,0.1672,0.3183,0.29095861293417824,0.08911889596602972,0.1306919903477495,0.2633527060216404,0.09831481496741794,0.05753759252008523,0.05753759252008523,0.11519179904952102,0.1856123232594831,0.3208902985417256,,
lastfm__weighted_itemknn__seed1__baseline__rwmode_dominance__fracs_0.1__0.2__0.3__0.4__norm_false__sota_pop_inverse__slam_0.2,lastfm,weighted_itemknn,1,/home/oqiw47aj/oqiw47aj/CIKM2026/experiments/cikm2026_SOTA/rwmode_dominance__fracs_0.1__0.2__0.3__0.4__norm_false__sota_pop_inverse__slam_0.2/lastfm/weighted_itemknn/seed_1/baseline,baseline__rwmode_dominance__fracs_0.1__0.2__0.3__0.4__norm_false__sota_pop_inverse__slam_0.2,pop_inverse,0.2,0.0,0.1651,0.1685,0.3045,0.2932940694097621,0.08959660297239914,0.13049864708137157,0.2299677175060871,0.08603685049146084,0.06801947542666822,0.06801947542666822,0.1167665771337328,0.1788840377724535,0.29798719293275533,,
lastfm__weighted_itemknn__seed1__baseline__rwmode_dominance__fracs_0.1__0.2__0.3__0.4__norm_false__sota_head_penalty__slam_0.2,lastfm,weighted_itemknn,1,/home/oqiw47aj/oqiw47aj/CIKM2026/experiments/cikm2026_SOTA/rwmode_dominance__fracs_0.1__0.2__0.3__0.4__norm_false__sota_head_penalty__slam_0.2/lastfm/weighted_itemknn/seed_1/baseline,baseline__rwmode_dominance__fracs_0.1__0.2__0.3__0.4__norm_false__sota_head_penalty__slam_0.2,head_penalty,0.2,0.0,0.1651,0.1685,0.3045,0.2932940694097621,0.08959660297239914,0.13049864708137157,0.2299677175060871,0.08603685049146084,0.06801947542666822,0.06801947542666822,0.1167665771337328,0.1788840377724535,0.29798719293275533,,
lastfm__weighted_itemknn__seed1__baseline__rwmode_dominance__fracs_0.1__0.2__0.3__0.4__norm_false__sota_xquad_pop__slam_0.2,lastfm,weighted_itemknn,1,/home/oqiw47aj/oqiw47aj/CIKM2026/experiments/cikm2026_SOTA/rwmode_dominance__fracs_0.1__0.2__0.3__0.4__norm_false__sota_xquad_pop__slam_0.2/lastfm/weighted_itemknn/seed_1/baseline,baseline__rwmode_dominance__fracs_0.1__0.2__0.3__0.4__norm_false__sota_xquad_pop__slam_0.2,xquad_pop,0.2,0.0,0.1651,0.1685,0.3045,0.2932940694097621,0.08959660297239914,0.13049864708137157,0.2299677175060871,0.08603685049146084,0.06801947542666822,0.06801947542666822,0.1167665771337328,0.1788840377724535,0.29798719293275533,,
lastfm__weighted_itemknn__seed1__baseline__rwmode_dominance__fracs_0.1__0.2__0.3__0.4__norm_false__sota_mmr_pop__slam_0.2,lastfm,weighted_itemknn,1,/home/oqiw47aj/oqiw47aj/CIKM2026/experiments/cikm2026_SOTA/rwmode_dominance__fracs_0.1__0.2__0.3__0.4__norm_false__sota_mmr_pop__slam_0.2/lastfm/weighted_itemknn/seed_1/baseline,baseline__rwmode_dominance__fracs_0.1__0.2__0.3__0.4__norm_false__sota_mmr_pop__slam_0.2,mmr_pop,0.2,0.0,0.1651,0.1685,0.3045,0.2932940694097621,0.08959660297239914,0.13049864708137157,0.2299677175060871,0.08603685049146084,0.06801947542666822,0.06801947542666822,0.1167665771337328,0.1788840377724535,0.29798719293275533,,
lastfm__weighted_itemknn__seed1__baseline__rwmode_dominance__fracs_0.1__0.2__0.3__0.4__norm_false__sota_calib_pop__slam_0.2,lastfm,weighted_itemknn,1,/home/oqiw47aj/oqiw47aj/CIKM2026/experiments/cikm2026_SOTA/rwmode_dominance__fracs_0.1__0.2__0.3__0.4__norm_false__sota_calib_pop__slam_0.2/lastfm/weighted_itemknn/seed_1/baseline,baseline__rwmode_dominance__fracs_0.1__0.2__0.3__0.4__norm_false__sota_calib_pop__slam_0.2,calib_pop,0.2,0.0,0.1651,0.1685,0.3045,0.2932940694097621,0.08959660297239914,0.13049864708137157,0.2299677175060871,0.08603685049146084,0.06801947542666822,0.06801947542666822,0.1167665771337328,0.1788840377724535,0.29798719293275533,,
lastfm__weighted_itemknn__seed2__baseline__rwmode_dominance__fracs_0.1__0.2__0.3__0.4__norm_false__sota_pop_inverse__slam_0.2,lastfm,weighted_itemknn,2,/home/oqiw47aj/oqiw47aj/CIKM2026/experiments/cikm2026_SOTA/rwmode_dominance__fracs_0.1__0.2__0.3__0.4__norm_false__sota_pop_inverse__slam_0.2/lastfm/weighted_itemknn/seed_2/baseline,baseline__rwmode_dominance__fracs_0.1__0.2__0.3__0.4__norm_false__sota_pop_inverse__slam_0.2,pop_inverse,0.2,0.0,0.1607,0.1617,0.2996,0.2914628592186793,0.09708067940552018,0.14215762474718807,0.23775138856261768,0.08964882861742347,0.06336443045917634,0.06336443045917634,0.10768699242338296,0.17285267872049775,0.301115819021794,,
lastfm__weighted_itemknn__seed2__baseline__rwmode_dominance__fracs_0.1__0.2__0.3__0.4__norm_false__sota_head_penalty__slam_0.2,lastfm,weighted_itemknn,2,/home/oqiw47aj/oqiw47aj/CIKM2026/experiments/cikm2026_SOTA/rwmode_dominance__fracs_0.1__0.2__0.3__0.4__norm_false__sota_head_penalty__slam_0.2/lastfm/weighted_itemknn/seed_2/baseline,baseline__rwmode_dominance__fracs_0.1__0.2__0.3__0.4__norm_false__sota_head_penalty__slam_0.2,head_penalty,0.2,0.0,0.1607,0.1617,0.2996,0.2914628592186793,0.09708067940552018,0.14215762474718807,0.23775138856261768,0.08964882861742347,0.06336443045917634,0.06336443045917634,0.10768699242338296,0.17285267872049775,0.301115819021794,,
lastfm__weighted_itemknn__seed2__baseline__rwmode_dominance__fracs_0.1__0.2__0.3__0.4__norm_false__sota_xquad_pop__slam_0.2,lastfm,weighted_itemknn,2,/home/oqiw47aj/oqiw47aj/CIKM2026/experiments/cikm2026_SOTA/rwmode_dominance__fracs_0.1__0.2__0.3__0.4__norm_false__sota_xquad_pop__slam_0.2/lastfm/weighted_itemknn/seed_2/baseline,baseline__rwmode_dominance__fracs_0.1__0.2__0.3__0.4__norm_false__sota_xquad_pop__slam_0.2,xquad_pop,0.2,0.0,0.1607,0.1617,0.2996,0.2914628592186793,0.09708067940552018,0.14215762474718807,0.23775138856261768,0.08964882861742347,0.06336443045917634,0.06336443045917634,0.10768699242338296,0.17285267872049775,0.301115819021794,,
lastfm__weighted_itemknn__seed2__baseline__rwmode_dominance__fracs_0.1__0.2__0.3__0.4__norm_false__sota_mmr_pop__slam_0.2,lastfm,weighted_itemknn,2,/home/oqiw47aj/oqiw47aj/CIKM2026/experiments/cikm2026_SOTA/rwmode_dominance__fracs_0.1__0.2__0.3__0.4__norm_false__sota_mmr_pop__slam_0.2/lastfm/weighted_itemknn/seed_2/baseline,baseline__rwmode_dominance__fracs_0.1__0.2__0.3__0.4__norm_false__sota_mmr_pop__slam_0.2,mmr_pop,0.2,0.0,0.1607,0.1617,0.2996,0.2914628592186793,0.09708067940552018,0.14215762474718807,0.23775138856261768,0.08964882861742347,0.06336443045917634,0.06336443045917634,0.10768699242338296,0.17285267872049775,0.301115819021794,,
lastfm__weighted_itemknn__seed2__baseline__rwmode_dominance__fracs_0.1__0.2__0.3__0.4__norm_false__sota_calib_pop__slam_0.2,lastfm,weighted_itemknn,2,/home/oqiw47aj/oqiw47aj/CIKM2026/experiments/cikm2026_SOTA/rwmode_dominance__fracs_0.1__0.2__0.3__0.4__norm_false__sota_calib_pop__slam_0.2/lastfm/weighted_itemknn/seed_2/baseline,baseline__rwmode_dominance__fracs_0.1__0.2__0.3__0.4__norm_false__sota_calib_pop__slam_0.2,calib_pop,0.2,0.0,0.1607,0.1617,0.2996,0.2914628592186793,0.09708067940552018,0.14215762474718807,0.23775138856261768,0.08964882861742347,0.06336443045917634,0.06336443045917634,0.10768699242338296,0.17285267872049775,0.301115819021794,,
lastfm__weighted_itemknn__seed3__baseline__rwmode_dominance__fracs_0.1__0.2__0.3__0.4__norm_false__sota_pop_inverse__slam_0.2,lastfm,weighted_itemknn,3,/home/oqiw47aj/oqiw47aj/CIKM2026/experiments/cikm2026_SOTA/rwmode_dominance__fracs_0.1__0.2__0.3__0.4__norm_false__sota_pop_inverse__slam_0.2/lastfm/weighted_itemknn/seed_3/baseline,baseline__rwmode_dominance__fracs_0.1__0.2__0.3__0.4__norm_false__sota_pop_inverse__slam_0.2,pop_inverse,0.2,0.0,0.1668,0.1641,0.3159,0.293665619303605,0.09140127388535031,0.13298324194899178,0.27011568061928976,0.09749126570483439,0.044286829925457134,0.044286829925457134,0.1332177127841104,0.1765379191046992,0.3144025105447469,,
lastfm__weighted_itemknn__seed3__baseline__rwmode_dominance__fracs_0.1__0.2__0.3__0.4__norm_false__sota_head_penalty__slam_0.2,lastfm,weighted_itemknn,3,/home/oqiw47aj/oqiw47aj/CIKM2026/experiments/cikm2026_SOTA/rwmode_dominance__fracs_0.1__0.2__0.3__0.4__norm_false__sota_head_penalty__slam_0.2/lastfm/weighted_itemknn/seed_3/baseline,baseline__rwmode_dominance__fracs_0.1__0.2__0.3__0.4__norm_false__sota_head_penalty__slam_0.2,head_penalty,0.2,0.0,0.1668,0.1641,0.3159,0.293665619303605,0.09140127388535031,0.13298324194899178,0.27011568061928976,0.09749126570483439,0.044286829925457134,0.044286829925457134,0.1332177127841104,0.1765379191046992,0.3144025105447469,,
lastfm__weighted_itemknn__seed3__baseline__rwmode_dominance__fracs_0.1__0.2__0.3__0.4__norm_false__sota_xquad_pop__slam_0.2,lastfm,weighted_itemknn,3,/home/oqiw47aj/oqiw47aj/CIKM2026/experiments/cikm2026_SOTA/rwmode_dominance__fracs_0.1__0.2__0.3__0.4__norm_false__sota_xquad_pop__slam_0.2/lastfm/weighted_itemknn/seed_3/baseline,baseline__rwmode_dominance__fracs_0.1__0.2__0.3__0.4__norm_false__sota_xquad_pop__slam_0.2,xquad_pop,0.2,0.0,0.1668,0.1641,0.3159,0.293665619303605,0.09140127388535031,0.13298324194899178,0.27011568061928976,0.09749126570483439,0.044286829925457134,0.044286829925457134,0.1332177127841104,0.1765379191046992,0.3144025105447469,,
lastfm__weighted_itemknn__seed3__baseline__rwmode_dominance__fracs_0.1__0.2__0.3__0.4__norm_false__sota_mmr_pop__slam_0.2,lastfm,weighted_itemknn,3,/home/oqiw47aj/oqiw47aj/CIKM2026/experiments/cikm2026_SOTA/rwmode_dominance__fracs_0.1__0.2__0.3__0.4__norm_false__sota_mmr_pop__slam_0.2/lastfm/weighted_itemknn/seed_3/baseline,baseline__rwmode_dominance__fracs_0.1__0.2__0.3__0.4__norm_false__sota_mmr_pop__slam_0.2,mmr_pop,0.2,0.0,0.1668,0.1641,0.3159,0.293665619303605,0.09140127388535031,0.13298324194899178,0.27011568061928976,0.09749126570483439,0.044286829925457134,0.044286829925457134,0.1332177127841104,0.1765379191046992,0.3144025105447469,,
lastfm__weighted_itemknn__seed3__baseline__rwmode_dominance__fracs_0.1__0.2__0.3__0.4__norm_false__sota_calib_pop__slam_0.2,lastfm,weighted_itemknn,3,/home/oqiw47aj/oqiw47aj/CIKM2026/experiments/cikm2026_SOTA/rwmode_dominance__fracs_0.1__0.2__0.3__0.4__norm_false__sota_calib_pop__slam_0.2/lastfm/weighted_itemknn/seed_3/baseline,baseline__rwmode_dominance__fracs_0.1__0.2__0.3__0.4__norm_false__sota_calib_pop__slam_0.2,calib_pop,0.2,0.0,0.1668,0.1641,0.3159,0.293665619303605,0.09140127388535031,0.13298324194899178,0.27011568061928976,0.09749126570483439,0.044286829925457134,0.044286829925457134,0.1332177127841104,0.1765379191046992,0.3144025105447469,,
lastfm__weighted_itemknn__seed4__baseline__rwmode_dominance__fracs_0.1__0.2__0.3__0.4__norm_false__sota_pop_inverse__slam_0.2,lastfm,weighted_itemknn,4,/home/oqiw47aj/oqiw47aj/CIKM2026/experiments/cikm2026_SOTA/rwmode_dominance__fracs_0.1__0.2__0.3__0.4__norm_false__sota_pop_inverse__slam_0.2/lastfm/weighted_itemknn/seed_4/baseline,baseline__rwmode_dominance__fracs_0.1__0.2__0.3__0.4__norm_false__sota_pop_inverse__slam_0.2,pop_inverse,0.2,0.0,0.1587,0.1614,0.292,0.2932144515753672,0.09325902335456475,0.1358645221154841,0.24243774746088756,0.09094352911764732,0.0525622354275798,0.0525622354275798,0.1067752630893247,0.18203302093209583,0.29499998288846735,,
lastfm__weighted_itemknn__seed4__baseline__rwmode_dominance__fracs_0.1__0.2__0.3__0.4__norm_false__sota_head_penalty__slam_0.2,lastfm,weighted_itemknn,4,/home/oqiw47aj/oqiw47aj/CIKM2026/experiments/cikm2026_SOTA/rwmode_dominance__fracs_0.1__0.2__0.3__0.4__norm_false__sota_head_penalty__slam_0.2/lastfm/weighted_itemknn/seed_4/baseline,baseline__rwmode_dominance__fracs_0.1__0.2__0.3__0.4__norm_false__sota_head_penalty__slam_0.2,head_penalty,0.2,0.0,0.1587,0.1614,0.292,0.2932144515753672,0.09325902335456475,0.1358645221154841,0.24243774746088756,0.09094352911764732,0.0525622354275798,0.0525622354275798,0.1067752630893247,0.18203302093209583,0.29499998288846735,,
lastfm__weighted_itemknn__seed4__baseline__rwmode_dominance__fracs_0.1__0.2__0.3__0.4__norm_false__sota_xquad_pop__slam_0.2,lastfm,weighted_itemknn,4,/home/oqiw47aj/oqiw47aj/CIKM2026/experiments/cikm2026_SOTA/rwmode_dominance__fracs_0.1__0.2__0.3__0.4__norm_false__sota_xquad_pop__slam_0.2/lastfm/weighted_itemknn/seed_4/baseline,baseline__rwmode_dominance__fracs_0.1__0.2__0.3__0.4__norm_false__sota_xquad_pop__slam_0.2,xquad_pop,0.2,0.0,0.1587,0.1614,0.292,0.2932144515753672,0.09325902335456475,0.1358645221154841,0.24243774746088756,0.09094352911764732,0.0525622354275798,0.0525622354275798,0.1067752630893247,0.18203302093209583,0.29499998288846735,,
lastfm__weighted_itemknn__seed4__baseline__rwmode_dominance__fracs_0.1__0.2__0.3__0.4__norm_false__sota_mmr_pop__slam_0.2,lastfm,weighted_itemknn,4,/home/oqiw47aj/oqiw47aj/CIKM2026/experiments/cikm2026_SOTA/rwmode_dominance__fracs_0.1__0.2__0.3__0.4__norm_false__sota_mmr_pop__slam_0.2/lastfm/weighted_itemknn/seed_4/baseline,baseline__rwmode_dominance__fracs_0.1__0.2__0.3__0.4__norm_false__sota_mmr_pop__slam_0.2,mmr_pop,0.2,0.0,0.1587,0.1614,0.292,0.2932144515753672,0.09325902335456475,0.1358645221154841,0.24243774746088756,0.09094352911764732,0.0525622354275798,0.0525622354275798,0.1067752630893247,0.18203302093209583,0.29499998288846735,,
lastfm__weighted_itemknn__seed4__baseline__rwmode_dominance__fracs_0.1__0.2__0.3__0.4__norm_false__sota_calib_pop__slam_0.2,lastfm,weighted_itemknn,4,/home/oqiw47aj/oqiw47aj/CIKM2026/experiments/cikm2026_SOTA/rwmode_dominance__fracs_0.1__0.2__0.3__0.4__norm_false__sota_calib_pop__slam_0.2/lastfm/weighted_itemknn/seed_4/baseline,baseline__rwmode_dominance__fracs_0.1__0.2__0.3__0.4__norm_false__sota_calib_pop__slam_0.2,calib_pop,0.2,0.0,0.1587,0.1614,0.292,0.2932144515753672,0.09325902335456475,0.1358645221154841,0.24243774746088756,0.09094352911764732,0.0525622354275798,0.0525622354275798,0.1067752630893247,0.18203302093209583,0.29499998288846735,,
lastfm__weighted_itemknn__seed5__baseline__rwmode_dominance__fracs_0.1__0.2__0.3__0.4__norm_false__sota_pop_inverse__slam_0.2,lastfm,weighted_itemknn,5,/home/oqiw47aj/oqiw47aj/CIKM2026/experiments/cikm2026_SOTA/rwmode_dominance__fracs_0.1__0.2__0.3__0.4__norm_false__sota_pop_inverse__slam_0.2/lastfm/weighted_itemknn/seed_5/baseline,baseline__rwmode_dominance__fracs_0.1__0.2__0.3__0.4__norm_false__sota_pop_inverse__slam_0.2,pop_inverse,0.2,0.0,0.172,0.1672,0.33,0.2940902477537112,0.09214437367303609,0.13389895873486132,0.2615967795593486,0.09703867821904685,0.05933816482702404,0.05933816482702404,0.12158704189657456,0.18784208234514485,0.32093494438637266,,
lastfm__weighted_itemknn__seed5__baseline__rwmode_dominance__fracs_0.1__0.2__0.3__0.4__norm_false__sota_head_penalty__slam_0.2,lastfm,weighted_itemknn,5,/home/oqiw47aj/oqiw47aj/CIKM2026/experiments/cikm2026_SOTA/rwmode_dominance__fracs_0.1__0.2__0.3__0.4__norm_false__sota_head_penalty__slam_0.2/lastfm/weighted_itemknn/seed_5/baseline,baseline__rwmode_dominance__fracs_0.1__0.2__0.3__0.4__norm_false__sota_head_penalty__slam_0.2,head_penalty,0.2,0.0,0.172,0.1672,0.33,0.2940902477537112,0.09214437367303609,0.13389895873486132,0.2615967795593486,0.09703867821904685,0.05933816482702404,0.05933816482702404,0.12158704189657456,0.18784208234514485,0.32093494438637266,,
lastfm__weighted_itemknn__seed5__baseline__rwmode_dominance__fracs_0.1__0.2__0.3__0.4__norm_false__sota_xquad_pop__slam_0.2,lastfm,weighted_itemknn,5,/home/oqiw47aj/oqiw47aj/CIKM2026/experiments/cikm2026_SOTA/rwmode_dominance__fracs_0.1__0.2__0.3__0.4__norm_false__sota_xquad_pop__slam_0.2/lastfm/weighted_itemknn/seed_5/baseline,baseline__rwmode_dominance__fracs_0.1__0.2__0.3__0.4__norm_false__sota_xquad_pop__slam_0.2,xquad_pop,0.2,0.0,0.172,0.1672,0.33,0.2940902477537112,0.09214437367303609,0.13389895873486132,0.2615967795593486,0.09703867821904685,0.05933816482702404,0.05933816482702404,0.12158704189657456,0.18784208234514485,0.32093494438637266,,
lastfm__weighted_itemknn__seed5__baseline__rwmode_dominance__fracs_0.1__0.2__0.3__0.4__norm_false__sota_mmr_pop__slam_0.2,lastfm,weighted_itemknn,5,/home/oqiw47aj/oqiw47aj/CIKM2026/experiments/cikm2026_SOTA/rwmode_dominance__fracs_0.1__0.2__0.3__0.4__norm_false__sota_mmr_pop__slam_0.2/lastfm/weighted_itemknn/seed_5/baseline,baseline__rwmode_dominance__fracs_0.1__0.2__0.3__0.4__norm_false__sota_mmr_pop__slam_0.2,mmr_pop,0.2,0.0,0.172,0.1672,0.33,0.2940902477537112,0.09214437367303609,0.13389895873486132,0.2615967795593486,0.09703867821904685,0.05933816482702404,0.05933816482702404,0.12158704189657456,0.18784208234514485,0.32093494438637266,,
lastfm__weighted_itemknn__seed5__baseline__rwmode_dominance__fracs_0.1__0.2__0.3__0.4__norm_false__sota_calib_pop__slam_0.2,lastfm,weighted_itemknn,5,/home/oqiw47aj/oqiw47aj/CIKM2026/experiments/cikm2026_SOTA/rwmode_dominance__fracs_0.1__0.2__0.3__0.4__norm_false__sota_calib_pop__slam_0.2/lastfm/weighted_itemknn/seed_5/baseline,baseline__rwmode_dominance__fracs_0.1__0.2__0.3__0.4__norm_false__sota_calib_pop__slam_0.2,calib_pop,0.2,0.0,0.172,0.1672,0.33,0.2940902477537112,0.09214437367303609,0.13389895873486132,0.2615967795593486,0.09703867821904685,0.05933816482702404,0.05933816482702404,0.12158704189657456,0.18784208234514485,0.32093494438637266,,
lastfm__weighted_itemknn__seed6__baseline__rwmode_dominance__fracs_0.1__0.2__0.3__0.4__norm_false__sota_pop_inverse__slam_0.2,lastfm,weighted_itemknn,6,/home/oqiw47aj/oqiw47aj/CIKM2026/experiments/cikm2026_SOTA/rwmode_dominance__fracs_0.1__0.2__0.3__0.4__norm_false__sota_pop_inverse__slam_0.2/lastfm/weighted_itemknn/seed_6/baseline,baseline__rwmode_dominance__fracs_0.1__0.2__0.3__0.4__norm_false__sota_pop_inverse__slam_0.2,pop_inverse,0.2,0.0,0.1638,0.1646,0.3054,0.29451487620381733,0.09018046709129511,0.1308835991061963,0.2529530565078861,0.09292953504842984,0.05253175304959814,0.05253175304959814,0.12020245035756182,0.17750062294415064,0.3054848095574842,,
lastfm__weighted_itemknn__seed6__baseline__rwmode_dominance__fracs_0.1__0.2__0.3__0.4__norm_false__sota_head_penalty__slam_0.2,lastfm,weighted_itemknn,6,/home/oqiw47aj/oqiw47aj/CIKM2026/experiments/cikm2026_SOTA/rwmode_dominance__fracs_0.1__0.2__0.3__0.4__norm_false__sota_head_penalty__slam_0.2/lastfm/weighted_itemknn/seed_6/baseline,baseline__rwmode_dominance__fracs_0.1__0.2__0.3__0.4__norm_false__sota_head_penalty__slam_0.2,head_penalty,0.2,0.0,0.1638,0.1646,0.3054,0.29451487620381733,0.09018046709129511,0.1308835991061963,0.2529530565078861,0.09292953504842984,0.05253175304959814,0.05253175304959814,0.12020245035756182,0.17750062294415064,0.3054848095574842,,
lastfm__weighted_itemknn__seed6__baseline__rwmode_dominance__fracs_0.1__0.2__0.3__0.4__norm_false__sota_xquad_pop__slam_0.2,lastfm,weighted_itemknn,6,/home/oqiw47aj/oqiw47aj/CIKM2026/experiments/cikm2026_SOTA/rwmode_dominance__fracs_0.1__0.2__0.3__0.4__norm_false__sota_xquad_pop__slam_0.2/lastfm/weighted_itemknn/seed_6/baseline,baseline__rwmode_dominance__fracs_0.1__0.2__0.3__0.4__norm_false__sota_xquad_pop__slam_0.2,xquad_pop,0.2,0.0,0.1638,0.1646,0.3054,0.29451487620381733,0.09018046709129511,0.1308835991061963,0.2529530565078861,0.09292953504842984,0.05253175304959814,0.05253175304959814,0.12020245035756182,0.17750062294415064,0.3054848095574842,,
lastfm__weighted_itemknn__seed6__baseline__rwmode_dominance__fracs_0.1__0.2__0.3__0.4__norm_false__sota_mmr_pop__slam_0.2,lastfm,weighted_itemknn,6,/home/oqiw47aj/oqiw47aj/CIKM2026/experiments/cikm2026_SOTA/rwmode_dominance__fracs_0.1__0.2__0.3__0.4__norm_false__sota_mmr_pop__slam_0.2/lastfm/weighted_itemknn/seed_6/baseline,baseline__rwmode_dominance__fracs_0.1__0.2__0.3__0.4__norm_false__sota_mmr_pop__slam_0.2,mmr_pop,0.2,0.0,0.1638,0.1646,0.3054,0.29451487620381733,0.09018046709129511,0.1308835991061963,0.2529530565078861,0.09292953504842984,0.05253175304959814,0.05253175304959814,0.12020245035756182,0.17750062294415064,0.3054848095574842,,
lastfm__weighted_itemknn__seed6__baseline__rwmode_dominance__fracs_0.1__0.2__0.3__0.4__norm_false__sota_calib_pop__slam_0.2,lastfm,weighted_itemknn,6,/home/oqiw47aj/oqiw47aj/CIKM2026/experiments/cikm2026_SOTA/rwmode_dominance__fracs_0.1__0.2__0.3__0.4__norm_false__sota_calib_pop__slam_0.2/lastfm/weighted_itemknn/seed_6/baseline,baseline__rwmode_dominance__fracs_0.1__0.2__0.3__0.4__norm_false__sota_calib_pop__slam_0.2,calib_pop,0.2,0.0,0.1638,0.1646,0.3054,0.29451487620381733,0.09018046709129511,0.1308835991061963,0.2529530565078861,0.09292953504842984,0.05253175304959814,0.05253175304959814,0.12020245035756182,0.17750062294415064,0.3054848095574842,,
lastfm__weighted_itemknn__seed7__baseline__rwmode_dominance__fracs_0.1__0.2__0.3__0.4__norm_false__sota_pop_inverse__slam_0.2,lastfm,weighted_itemknn,7,/home/oqiw47aj/oqiw47aj/CIKM2026/experiments/cikm2026_SOTA/rwmode_dominance__fracs_0.1__0.2__0.3__0.4__norm_false__sota_pop_inverse__slam_0.2/lastfm/weighted_itemknn/seed_7/baseline,baseline__rwmode_dominance__fracs_0.1__0.2__0.3__0.4__norm_false__sota_pop_inverse__slam_0.2,pop_inverse,0.2,0.0,0.1645,0.1647,0.3062,0.29225903756262833,0.08996815286624203,0.13143610421817026,0.24063668978666958,0.08958485876395915,0.060403463904768584,0.060403463904768584,0.11623820612899623,0.18163826695230953,0.30104015369143816,,
lastfm__weighted_itemknn__seed7__baseline__rwmode_dominance__fracs_0.1__0.2__0.3__0.4__norm_false__sota_head_penalty__slam_0.2,lastfm,weighted_itemknn,7,/home/oqiw47aj/oqiw47aj/CIKM2026/experiments/cikm2026_SOTA/rwmode_dominance__fracs_0.1__0.2__0.3__0.4__norm_false__sota_head_penalty__slam_0.2/lastfm/weighted_itemknn/seed_7/baseline,baseline__rwmode_dominance__fracs_0.1__0.2__0.3__0.4__norm_false__sota_head_penalty__slam_0.2,head_penalty,0.2,0.0,0.1645,0.1647,0.3062,0.29225903756262833,0.08996815286624203,0.13143610421817026,0.24063668978666958,0.08958485876395915,0.060403463904768584,0.060403463904768584,0.11623820612899623,0.18163826695230953,0.30104015369143816,,
lastfm__weighted_itemknn__seed7__baseline__rwmode_dominance__fracs_0.1__0.2__0.3__0.4__norm_false__sota_xquad_pop__slam_0.2,lastfm,weighted_itemknn,7,/home/oqiw47aj/oqiw47aj/CIKM2026/experiments/cikm2026_SOTA/rwmode_dominance__fracs_0.1__0.2__0.3__0.4__norm_false__sota_xquad_pop__slam_0.2/lastfm/weighted_itemknn/seed_7/baseline,baseline__rwmode_dominance__fracs_0.1__0.2__0.3__0.4__norm_false__sota_xquad_pop__slam_0.2,xquad_pop,0.2,0.0,0.1645,0.1647,0.3062,0.29225903756262833,0.08996815286624203,0.13143610421817026,0.24063668978666958,0.08958485876395915,0.060403463904768584,0.060403463904768584,0.11623820612899623,0.18163826695230953,0.30104015369143816,,
lastfm__weighted_itemknn__seed7__baseline__rwmode_dominance__fracs_0.1__0.2__0.3__0.4__norm_false__sota_mmr_pop__slam_0.2,lastfm,weighted_itemknn,7,/home/oqiw47aj/oqiw47aj/CIKM2026/experiments/cikm2026_SOTA/rwmode_dominance__fracs_0.1__0.2__0.3__0.4__norm_false__sota_mmr_pop__slam_0.2/lastfm/weighted_itemknn/seed_7/baseline,baseline__rwmode_dominance__fracs_0.1__0.2__0.3__0.4__norm_false__sota_mmr_pop__slam_0.2,mmr_pop,0.2,0.0,0.1645,0.1647,0.3062,0.29225903756262833,0.08996815286624203,0.13143610421817026,0.24063668978666958,0.08958485876395915,0.060403463904768584,0.060403463904768584,0.11623820612899623,0.18163826695230953,0.30104015369143816,,
lastfm__weighted_itemknn__seed7__baseline__rwmode_dominance__fracs_0.1__0.2__0.3__0.4__norm_false__sota_calib_pop__slam_0.2,lastfm,weighted_itemknn,7,/home/oqiw47aj/oqiw47aj/CIKM2026/experiments/cikm2026_SOTA/rwmode_dominance__fracs_0.1__0.2__0.3__0.4__norm_false__sota_calib_pop__slam_0.2/lastfm/weighted_itemknn/seed_7/baseline,baseline__rwmode_dominance__fracs_0.1__0.2__0.3__0.4__norm_false__sota_calib_pop__slam_0.2,calib_pop,0.2,0.0,0.1645,0.1647,0.3062,0.29225903756262833,0.08996815286624203,0.13143610421817026,0.24063668978666958,0.08958485876395915,0.060403463904768584,0.060403463904768584,0.11623820612899623,0.18163826695230953,0.30104015369143816,,
lastfm__weighted_itemknn__seed8__baseline__rwmode_dominance__fracs_0.1__0.2__0.3__0.4__norm_false__sota_pop_inverse__slam_0.2,lastfm,weighted_itemknn,8,/home/oqiw47aj/oqiw47aj/CIKM2026/experiments/cikm2026_SOTA/rwmode_dominance__fracs_0.1__0.2__0.3__0.4__norm_false__sota_pop_inverse__slam_0.2/lastfm/weighted_itemknn/seed_8/baseline,baseline__rwmode_dominance__fracs_0.1__0.2__0.3__0.4__norm_false__sota_pop_inverse__slam_0.2,pop_inverse,0.2,0.0,0.1596,0.1594,0.2998,0.2901093560339659,0.08365180467091295,0.12298088177898424,0.23522917509148997,0.08786199516731176,0.06389240023891049,0.06389240023891049,0.112572858904996,0.16624002969553386,0.29912157533040046,,
lastfm__weighted_itemknn__seed8__baseline__rwmode_dominance__fracs_0.1__0.2__0.3__0.4__norm_false__sota_head_penalty__slam_0.2,lastfm,weighted_itemknn,8,/home/oqiw47aj/oqiw47aj/CIKM2026/experiments/cikm2026_SOTA/rwmode_dominance__fracs_0.1__0.2__0.3__0.4__norm_false__sota_head_penalty__slam_0.2/lastfm/weighted_itemknn/seed_8/baseline,baseline__rwmode_dominance__fracs_0.1__0.2__0.3__0.4__norm_false__sota_head_penalty__slam_0.2,head_penalty,0.2,0.0,0.1596,0.1594,0.2998,0.2901093560339659,0.08365180467091295,0.12298088177898424,0.23522917509148997,0.08786199516731176,0.06389240023891049,0.06389240023891049,0.112572858904996,0.16624002969553386,0.29912157533040046,,
lastfm__weighted_itemknn__seed8__baseline__rwmode_dominance__fracs_0.1__0.2__0.3__0.4__norm_false__sota_xquad_pop__slam_0.2,lastfm,weighted_itemknn,8,/home/oqiw47aj/oqiw47aj/CIKM2026/experiments/cikm2026_SOTA/rwmode_dominance__fracs_0.1__0.2__0.3__0.4__norm_false__sota_xquad_pop__slam_0.2/lastfm/weighted_itemknn/seed_8/baseline,baseline__rwmode_dominance__fracs_0.1__0.2__0.3__0.4__norm_false__sota_xquad_pop__slam_0.2,xquad_pop,0.2,0.0,0.1596,0.1594,0.2998,0.2901093560339659,0.08365180467091295,0.12298088177898424,0.23522917509148997,0.08786199516731176,0.06389240023891049,0.06389240023891049,0.112572858904996,0.16624002969553386,0.29912157533040046,,
lastfm__weighted_itemknn__seed8__baseline__rwmode_dominance__fracs_0.1__0.2__0.3__0.4__norm_false__sota_mmr_pop__slam_0.2,lastfm,weighted_itemknn,8,/home/oqiw47aj/oqiw47aj/CIKM2026/experiments/cikm2026_SOTA/rwmode_dominance__fracs_0.1__0.2__0.3__0.4__norm_false__sota_mmr_pop__slam_0.2/lastfm/weighted_itemknn/seed_8/baseline,baseline__rwmode_dominance__fracs_0.1__0.2__0.3__0.4__norm_false__sota_mmr_pop__slam_0.2,mmr_pop,0.2,0.0,0.1596,0.1594,0.2998,0.2901093560339659,0.08365180467091295,0.12298088177898424,0.23522917509148997,0.08786199516731176,0.06389240023891049,0.06389240023891049,0.112572858904996,0.16624002969553386,0.29912157533040046,,
lastfm__weighted_itemknn__seed8__baseline__rwmode_dominance__fracs_0.1__0.2__0.3__0.4__norm_false__sota_calib_pop__slam_0.2,lastfm,weighted_itemknn,8,/home/oqiw47aj/oqiw47aj/CIKM2026/experiments/cikm2026_SOTA/rwmode_dominance__fracs_0.1__0.2__0.3__0.4__norm_false__sota_calib_pop__slam_0.2/lastfm/weighted_itemknn/seed_8/baseline,baseline__rwmode_dominance__fracs_0.1__0.2__0.3__0.4__norm_false__sota_calib_pop__slam_0.2,calib_pop,0.2,0.0,0.1596,0.1594,0.2998,0.2901093560339659,0.08365180467091295,0.12298088177898424,0.23522917509148997,0.08786199516731176,0.06389240023891049,0.06389240023891049,0.112572858904996,0.16624002969553386,0.29912157533040046,,
lastfm__weighted_itemknn__seed9__baseline__rwmode_dominance__fracs_0.1__0.2__0.3__0.4__norm_false__sota_pop_inverse__slam_0.2,lastfm,weighted_itemknn,9,/home/oqiw47aj/oqiw47aj/CIKM2026/experiments/cikm2026_SOTA/rwmode_dominance__fracs_0.1__0.2__0.3__0.4__norm_false__sota_pop_inverse__slam_0.2/lastfm/weighted_itemknn/seed_9/baseline,baseline__rwmode_dominance__fracs_0.1__0.2__0.3__0.4__norm_false__sota_pop_inverse__slam_0.2,pop_inverse,0.2,0.0,0.1675,0.1672,0.3107,0.29292251951591924,0.08142250530785562,0.1187214611870415,0.26899927713448923,0.09947757763945538,0.056767449733047474,0.056767449733047474,0.11984367044798311,0.16908348163105516,0.3257667268675367,,
lastfm__weighted_itemknn__seed9__baseline__rwmode_dominance__fracs_0.1__0.2__0.3__0.4__norm_false__sota_head_penalty__slam_0.2,lastfm,weighted_itemknn,9,/home/oqiw47aj/oqiw47aj/CIKM2026/experiments/cikm2026_SOTA/rwmode_dominance__fracs_0.1__0.2__0.3__0.4__norm_false__sota_head_penalty__slam_0.2/lastfm/weighted_itemknn/seed_9/baseline,baseline__rwmode_dominance__fracs_0.1__0.2__0.3__0.4__norm_false__sota_head_penalty__slam_0.2,head_penalty,0.2,0.0,0.1675,0.1672,0.3107,0.29292251951591924,0.08142250530785562,0.1187214611870415,0.26899927713448923,0.09947757763945538,0.056767449733047474,0.056767449733047474,0.11984367044798311,0.16908348163105516,0.3257667268675367,,
lastfm__weighted_itemknn__seed9__baseline__rwmode_dominance__fracs_0.1__0.2__0.3__0.4__norm_false__sota_xquad_pop__slam_0.2,lastfm,weighted_itemknn,9,/home/oqiw47aj/oqiw47aj/CIKM2026/experiments/cikm2026_SOTA/rwmode_dominance__fracs_0.1__0.2__0.3__0.4__norm_false__sota_xquad_pop__slam_0.2/lastfm/weighted_itemknn/seed_9/baseline,baseline__rwmode_dominance__fracs_0.1__0.2__0.3__0.4__norm_false__sota_xquad_pop__slam_0.2,xquad_pop,0.2,0.0,0.1675,0.1672,0.3107,0.29292251951591924,0.08142250530785562,0.1187214611870415,0.26899927713448923,0.09947757763945538,0.056767449733047474,0.056767449733047474,0.11984367044798311,0.16908348163105516,0.3257667268675367,,
lastfm__weighted_itemknn__seed9__baseline__rwmode_dominance__fracs_0.1__0.2__0.3__0.4__norm_false__sota_mmr_pop__slam_0.2,lastfm,weighted_itemknn,9,/home/oqiw47aj/oqiw47aj/CIKM2026/experiments/cikm2026_SOTA/rwmode_dominance__fracs_0.1__0.2__0.3__0.4__norm_false__sota_mmr_pop__slam_0.2/lastfm/weighted_itemknn/seed_9/baseline,baseline__rwmode_dominance__fracs_0.1__0.2__0.3__0.4__norm_false__sota_mmr_pop__slam_0.2,mmr_pop,0.2,0.0,0.1675,0.1672,0.3107,0.29292251951591924,0.08142250530785562,0.1187214611870415,0.26899927713448923,0.09947757763945538,0.056767449733047474,0.056767449733047474,0.11984367044798311,0.16908348163105516,0.3257667268675367,,
lastfm__weighted_itemknn__seed9__baseline__rwmode_dominance__fracs_0.1__0.2__0.3__0.4__norm_false__sota_calib_pop__slam_0.2,lastfm,weighted_itemknn,9,/home/oqiw47aj/oqiw47aj/CIKM2026/experiments/cikm2026_SOTA/rwmode_dominance__fracs_0.1__0.2__0.3__0.4__norm_false__sota_calib_pop__slam_0.2/lastfm/weighted_itemknn/seed_9/baseline,baseline__rwmode_dominance__fracs_0.1__0.2__0.3__0.4__norm_false__sota_calib_pop__slam_0.2,calib_pop,0.2,0.0,0.1675,0.1672,0.3107,0.29292251951591924,0.08142250530785562,0.1187214611870415,0.26899927713448923,0.09947757763945538,0.056767449733047474,0.056767449733047474,0.11984367044798311,0.16908348163105516,0.3257667268675367,,
lastfm__weighted_lightgcn__seed0__baseline__rwmode_dominance__fracs_0.1__0.2__0.3__0.4__norm_false__sota_pop_inverse__slam_0.2,lastfm,weighted_lightgcn,0,/home/oqiw47aj/oqiw47aj/CIKM2026/experiments/cikm2026_SOTA/rwmode_dominance__fracs_0.1__0.2__0.3__0.4__norm_false__sota_pop_inverse__slam_0.2/lastfm/weighted_lightgcn/seed_0/baseline,baseline__rwmode_dominance__fracs_0.1__0.2__0.3__0.4__norm_false__sota_pop_inverse__slam_0.2,pop_inverse,0.2,0.0,0.1607,0.1659,0.2986,0.4319352583694224,0.006900212314225053,0.007158984525572175,0.21127065114188587,0.08136803379878739,0.08033962274566964,0.08033962274566964,0.10698855411769663,0.16250972248710258,0.2916102738875555,,
lastfm__weighted_lightgcn__seed0__baseline__rwmode_dominance__fracs_0.1__0.2__0.3__0.4__norm_false__sota_head_penalty__slam_0.2,lastfm,weighted_lightgcn,0,/home/oqiw47aj/oqiw47aj/CIKM2026/experiments/cikm2026_SOTA/rwmode_dominance__fracs_0.1__0.2__0.3__0.4__norm_false__sota_head_penalty__slam_0.2/lastfm/weighted_lightgcn/seed_0/baseline,baseline__rwmode_dominance__fracs_0.1__0.2__0.3__0.4__norm_false__sota_head_penalty__slam_0.2,head_penalty,0.2,0.0,0.1607,0.1659,0.2986,0.4319352583694224,0.006900212314225053,0.007158984525572175,0.21127065114188587,0.08136803379878739,0.08033962274566964,0.08033962274566964,0.10698855411769663,0.16250972248710258,0.2916102738875555,,
lastfm__weighted_lightgcn__seed0__baseline__rwmode_dominance__fracs_0.1__0.2__0.3__0.4__norm_false__sota_xquad_pop__slam_0.2,lastfm,weighted_lightgcn,0,/home/oqiw47aj/oqiw47aj/CIKM2026/experiments/cikm2026_SOTA/rwmode_dominance__fracs_0.1__0.2__0.3__0.4__norm_false__sota_xquad_pop__slam_0.2/lastfm/weighted_lightgcn/seed_0/baseline,baseline__rwmode_dominance__fracs_0.1__0.2__0.3__0.4__norm_false__sota_xquad_pop__slam_0.2,xquad_pop,0.2,0.0,0.1607,0.1659,0.2986,0.4319352583694224,0.006900212314225053,0.007158984525572175,0.21127065114188587,0.08136803379878739,0.08033962274566964,0.08033962274566964,0.10698855411769663,0.16250972248710258,0.2916102738875555,,
lastfm__weighted_lightgcn__seed0__baseline__rwmode_dominance__fracs_0.1__0.2__0.3__0.4__norm_false__sota_mmr_pop__slam_0.2,lastfm,weighted_lightgcn,0,/home/oqiw47aj/oqiw47aj/CIKM2026/experiments/cikm2026_SOTA/rwmode_dominance__fracs_0.1__0.2__0.3__0.4__norm_false__sota_mmr_pop__slam_0.2/lastfm/weighted_lightgcn/seed_0/baseline,baseline__rwmode_dominance__fracs_0.1__0.2__0.3__0.4__norm_false__sota_mmr_pop__slam_0.2,mmr_pop,0.2,0.0,0.1607,0.1659,0.2986,0.4319352583694224,0.006900212314225053,0.007158984525572175,0.21127065114188587,0.08136803379878739,0.08033962274566964,0.08033962274566964,0.10698855411769663,0.16250972248710258,0.2916102738875555,,
lastfm__weighted_lightgcn__seed0__baseline__rwmode_dominance__fracs_0.1__0.2__0.3__0.4__norm_false__sota_calib_pop__slam_0.2,lastfm,weighted_lightgcn,0,/home/oqiw47aj/oqiw47aj/CIKM2026/experiments/cikm2026_SOTA/rwmode_dominance__fracs_0.1__0.2__0.3__0.4__norm_false__sota_calib_pop__slam_0.2/lastfm/weighted_lightgcn/seed_0/baseline,baseline__rwmode_dominance__fracs_0.1__0.2__0.3__0.4__norm_false__sota_calib_pop__slam_0.2,calib_pop,0.2,0.0,0.1607,0.1659,0.2986,0.4319352583694224,0.006900212314225053,0.007158984525572175,0.21127065114188587,0.08136803379878739,0.08033962274566964,0.08033962274566964,0.10698855411769663,0.16250972248710258,0.2916102738875555,,
lastfm__weighted_lightgcn__seed1__baseline__rwmode_dominance__fracs_0.1__0.2__0.3__0.4__norm_false__sota_pop_inverse__slam_0.2,lastfm,weighted_lightgcn,1,/home/oqiw47aj/oqiw47aj/CIKM2026/experiments/cikm2026_SOTA/rwmode_dominance__fracs_0.1__0.2__0.3__0.4__norm_false__sota_pop_inverse__slam_0.2/lastfm/weighted_lightgcn/seed_1/baseline,baseline__rwmode_dominance__fracs_0.1__0.2__0.3__0.4__norm_false__sota_pop_inverse__slam_0.2,pop_inverse,0.2,0.0,0.1562,0.1651,0.2901,0.43273143671337144,0.009023354564755838,0.009346308208248057,0.19178881478158405,0.0726012019645203,0.08162433749994225,0.08162433749994225,0.11400083125305391,0.1544914550151581,0.2734131522815263,,
lastfm__weighted_lightgcn__seed1__baseline__rwmode_dominance__fracs_0.1__0.2__0.3__0.4__norm_false__sota_head_penalty__slam_0.2,lastfm,weighted_lightgcn,1,/home/oqiw47aj/oqiw47aj/CIKM2026/experiments/cikm2026_SOTA/rwmode_dominance__fracs_0.1__0.2__0.3__0.4__norm_false__sota_head_penalty__slam_0.2/lastfm/weighted_lightgcn/seed_1/baseline,baseline__rwmode_dominance__fracs_0.1__0.2__0.3__0.4__norm_false__sota_head_penalty__slam_0.2,head_penalty,0.2,0.0,0.1562,0.1651,0.2901,0.43273143671337144,0.009023354564755838,0.009346308208248057,0.19178881478158405,0.0726012019645203,0.08162433749994225,0.08162433749994225,0.11400083125305391,0.1544914550151581,0.2734131522815263,,
lastfm__weighted_lightgcn__seed1__baseline__rwmode_dominance__fracs_0.1__0.2__0.3__0.4__norm_false__sota_xquad_pop__slam_0.2,lastfm,weighted_lightgcn,1,/home/oqiw47aj/oqiw47aj/CIKM2026/experiments/cikm2026_SOTA/rwmode_dominance__fracs_0.1__0.2__0.3__0.4__norm_false__sota_xquad_pop__slam_0.2/lastfm/weighted_lightgcn/seed_1/baseline,baseline__rwmode_dominance__fracs_0.1__0.2__0.3__0.4__norm_false__sota_xquad_pop__slam_0.2,xquad_pop,0.2,0.0,0.1562,0.1651,0.2901,0.43273143671337144,0.009023354564755838,0.009346308208248057,0.19178881478158405,0.0726012019645203,0.08162433749994225,0.08162433749994225,0.11400083125305391,0.1544914550151581,0.2734131522815263,,
lastfm__weighted_lightgcn__seed1__baseline__rwmode_dominance__fracs_0.1__0.2__0.3__0.4__norm_false__sota_mmr_pop__slam_0.2,lastfm,weighted_lightgcn,1,/home/oqiw47aj/oqiw47aj/CIKM2026/experiments/cikm2026_SOTA/rwmode_dominance__fracs_0.1__0.2__0.3__0.4__norm_false__sota_mmr_pop__slam_0.2/lastfm/weighted_lightgcn/seed_1/baseline,baseline__rwmode_dominance__fracs_0.1__0.2__0.3__0.4__norm_false__sota_mmr_pop__slam_0.2,mmr_pop,0.2,0.0,0.1562,0.1651,0.2901,0.43273143671337144,0.009023354564755838,0.009346308208248057,0.19178881478158405,0.0726012019645203,0.08162433749994225,0.08162433749994225,0.11400083125305391,0.1544914550151581,0.2734131522815263,,
lastfm__weighted_lightgcn__seed1__baseline__rwmode_dominance__fracs_0.1__0.2__0.3__0.4__norm_false__sota_calib_pop__slam_0.2,lastfm,weighted_lightgcn,1,/home/oqiw47aj/oqiw47aj/CIKM2026/experiments/cikm2026_SOTA/rwmode_dominance__fracs_0.1__0.2__0.3__0.4__norm_false__sota_calib_pop__slam_0.2/lastfm/weighted_lightgcn/seed_1/baseline,baseline__rwmode_dominance__fracs_0.1__0.2__0.3__0.4__norm_false__sota_calib_pop__slam_0.2,calib_pop,0.2,0.0,0.1562,0.1651,0.2901,0.43273143671337144,0.009023354564755838,0.009346308208248057,0.19178881478158405,0.0726012019645203,0.08162433749994225,0.08162433749994225,0.11400083125305391,0.1544914550151581,0.2734131522815263,,
lastfm__weighted_lightgcn__seed2__baseline__rwmode_dominance__fracs_0.1__0.2__0.3__0.4__norm_false__sota_pop_inverse__slam_0.2,lastfm,weighted_lightgcn,2,/home/oqiw47aj/oqiw47aj/CIKM2026/experiments/cikm2026_SOTA/rwmode_dominance__fracs_0.1__0.2__0.3__0.4__norm_false__sota_pop_inverse__slam_0.2/lastfm/weighted_lightgcn/seed_2/baseline,baseline__rwmode_dominance__fracs_0.1__0.2__0.3__0.4__norm_false__sota_pop_inverse__slam_0.2,pop_inverse,0.2,0.0,0.1583,0.1628,0.2932,0.43119215858173665,0.009447983014861995,0.009817439744074515,0.18988458071241876,0.07300480323107197,0.08671696020857224,0.08671696020857224,0.1114122187118689,0.15710953802615776,0.276601540920991,,
lastfm__weighted_lightgcn__seed2__baseline__rwmode_dominance__fracs_0.1__0.2__0.3__0.4__norm_false__sota_head_penalty__slam_0.2,lastfm,weighted_lightgcn,2,/home/oqiw47aj/oqiw47aj/CIKM2026/experiments/cikm2026_SOTA/rwmode_dominance__fracs_0.1__0.2__0.3__0.4__norm_false__sota_head_penalty__slam_0.2/lastfm/weighted_lightgcn/seed_2/baseline,baseline__rwmode_dominance__fracs_0.1__0.2__0.3__0.4__norm_false__sota_head_penalty__slam_0.2,head_penalty,0.2,0.0,0.1583,0.1628,0.2932,0.43119215858173665,0.009447983014861995,0.009817439744074515,0.18988458071241876,0.07300480323107197,0.08671696020857224,0.08671696020857224,0.1114122187118689,0.15710953802615776,0.276601540920991,,
lastfm__weighted_lightgcn__seed2__baseline__rwmode_dominance__fracs_0.1__0.2__0.3__0.4__norm_false__sota_xquad_pop__slam_0.2,lastfm,weighted_lightgcn,2,/home/oqiw47aj/oqiw47aj/CIKM2026/experiments/cikm2026_SOTA/rwmode_dominance__fracs_0.1__0.2__0.3__0.4__norm_false__sota_xquad_pop__slam_0.2/lastfm/weighted_lightgcn/seed_2/baseline,baseline__rwmode_dominance__fracs_0.1__0.2__0.3__0.4__norm_false__sota_xquad_pop__slam_0.2,xquad_pop,0.2,0.0,0.1583,0.1628,0.2932,0.43119215858173665,0.009447983014861995,0.009817439744074515,0.18988458071241876,0.07300480323107197,0.08671696020857224,0.08671696020857224,0.1114122187118689,0.15710953802615776,0.276601540920991,,
lastfm__weighted_lightgcn__seed2__baseline__rwmode_dominance__fracs_0.1__0.2__0.3__0.4__norm_false__sota_mmr_pop__slam_0.2,lastfm,weighted_lightgcn,2,/home/oqiw47aj/oqiw47aj/CIKM2026/experiments/cikm2026_SOTA/rwmode_dominance__fracs_0.1__0.2__0.3__0.4__norm_false__sota_mmr_pop__slam_0.2/lastfm/weighted_lightgcn/seed_2/baseline,baseline__rwmode_dominance__fracs_0.1__0.2__0.3__0.4__norm_false__sota_mmr_pop__slam_0.2,mmr_pop,0.2,0.0,0.1583,0.1628,0.2932,0.43119215858173665,0.009447983014861995,0.009817439744074515,0.18988458071241876,0.07300480323107197,0.08671696020857224,0.08671696020857224,0.1114122187118689,0.15710953802615776,0.276601540920991,,
lastfm__weighted_lightgcn__seed2__baseline__rwmode_dominance__fracs_0.1__0.2__0.3__0.4__norm_false__sota_calib_pop__slam_0.2,lastfm,weighted_lightgcn,2,/home/oqiw47aj/oqiw47aj/CIKM2026/experiments/cikm2026_SOTA/rwmode_dominance__fracs_0.1__0.2__0.3__0.4__norm_false__sota_calib_pop__slam_0.2/lastfm/weighted_lightgcn/seed_2/baseline,baseline__rwmode_dominance__fracs_0.1__0.2__0.3__0.4__norm_false__sota_calib_pop__slam_0.2,calib_pop,0.2,0.0,0.1583,0.1628,0.2932,0.43119215858173665,0.009447983014861995,0.009817439744074515,0.18988458071241876,0.07300480323107197,0.08671696020857224,0.08671696020857224,0.1114122187118689,0.15710953802615776,0.276601540920991,,
lastfm__weighted_lightgcn__seed3__baseline__rwmode_dominance__fracs_0.1__0.2__0.3__0.4__norm_false__sota_pop_inverse__slam_0.2,lastfm,weighted_lightgcn,3,/home/oqiw47aj/oqiw47aj/CIKM2026/experiments/cikm2026_SOTA/rwmode_dominance__fracs_0.1__0.2__0.3__0.4__norm_false__sota_pop_inverse__slam_0.2/lastfm/weighted_lightgcn/seed_3/baseline,baseline__rwmode_dominance__fracs_0.1__0.2__0.3__0.4__norm_false__sota_pop_inverse__slam_0.2,pop_inverse,0.2,0.0,0.1634,0.1662,0.3044,0.43119215858173665,0.008917197452229299,0.009265898185418644,0.2144351470611977,0.08168884588841772,0.0835614657035993,0.0835614657035993,0.11759101609624703,0.15321423664609946,0.297996612764797,,
lastfm__weighted_lightgcn__seed3__baseline__rwmode_dominance__fracs_0.1__0.2__0.3__0.4__norm_false__sota_head_penalty__slam_0.2,lastfm,weighted_lightgcn,3,/home/oqiw47aj/oqiw47aj/CIKM2026/experiments/cikm2026_SOTA/rwmode_dominance__fracs_0.1__0.2__0.3__0.4__norm_false__sota_head_penalty__slam_0.2/lastfm/weighted_lightgcn/seed_3/baseline,baseline__rwmode_dominance__fracs_0.1__0.2__0.3__0.4__norm_false__sota_head_penalty__slam_0.2,head_penalty,0.2,0.0,0.1634,0.1662,0.3044,0.43119215858173665,0.008917197452229299,0.009265898185418644,0.2144351470611977,0.08168884588841772,0.0835614657035993,0.0835614657035993,0.11759101609624703,0.15321423664609946,0.297996612764797,,
lastfm__weighted_lightgcn__seed3__baseline__rwmode_dominance__fracs_0.1__0.2__0.3__0.4__norm_false__sota_xquad_pop__slam_0.2,lastfm,weighted_lightgcn,3,/home/oqiw47aj/oqiw47aj/CIKM2026/experiments/cikm2026_SOTA/rwmode_dominance__fracs_0.1__0.2__0.3__0.4__norm_false__sota_xquad_pop__slam_0.2/lastfm/weighted_lightgcn/seed_3/baseline,baseline__rwmode_dominance__fracs_0.1__0.2__0.3__0.4__norm_false__sota_xquad_pop__slam_0.2,xquad_pop,0.2,0.0,0.1634,0.1662,0.3044,0.43119215858173665,0.008917197452229299,0.009265898185418644,0.2144351470611977,0.08168884588841772,0.0835614657035993,0.0835614657035993,0.11759101609624703,0.15321423664609946,0.297996612764797,,
lastfm__weighted_lightgcn__seed3__baseline__rwmode_dominance__fracs_0.1__0.2__0.3__0.4__norm_false__sota_mmr_pop__slam_0.2,lastfm,weighted_lightgcn,3,/home/oqiw47aj/oqiw47aj/CIKM2026/experiments/cikm2026_SOTA/rwmode_dominance__fracs_0.1__0.2__0.3__0.4__norm_false__sota_mmr_pop__slam_0.2/lastfm/weighted_lightgcn/seed_3/baseline,baseline__rwmode_dominance__fracs_0.1__0.2__0.3__0.4__norm_false__sota_mmr_pop__slam_0.2,mmr_pop,0.2,0.0,0.1634,0.1662,0.3044,0.43119215858173665,0.008917197452229299,0.009265898185418644,0.2144351470611977,0.08168884588841772,0.0835614657035993,0.0835614657035993,0.11759101609624703,0.15321423664609946,0.297996612764797,,
lastfm__weighted_lightgcn__seed3__baseline__rwmode_dominance__fracs_0.1__0.2__0.3__0.4__norm_false__sota_calib_pop__slam_0.2,lastfm,weighted_lightgcn,3,/home/oqiw47aj/oqiw47aj/CIKM2026/experiments/cikm2026_SOTA/rwmode_dominance__fracs_0.1__0.2__0.3__0.4__norm_false__sota_calib_pop__slam_0.2/lastfm/weighted_lightgcn/seed_3/baseline,baseline__rwmode_dominance__fracs_0.1__0.2__0.3__0.4__norm_false__sota_calib_pop__slam_0.2,calib_pop,0.2,0.0,0.1634,0.1662,0.3044,0.43119215858173665,0.008917197452229299,0.009265898185418644,0.2144351470611977,0.08168884588841772,0.0835614657035993,0.0835614657035993,0.11759101609624703,0.15321423664609946,0.297996612764797,,
lastfm__weighted_lightgcn__seed4__baseline__rwmode_dominance__fracs_0.1__0.2__0.3__0.4__norm_false__sota_pop_inverse__slam_0.2,lastfm,weighted_lightgcn,4,/home/oqiw47aj/oqiw47aj/CIKM2026/experiments/cikm2026_SOTA/rwmode_dominance__fracs_0.1__0.2__0.3__0.4__norm_false__sota_pop_inverse__slam_0.2/lastfm/weighted_lightgcn/seed_4/baseline,baseline__rwmode_dominance__fracs_0.1__0.2__0.3__0.4__norm_false__sota_pop_inverse__slam_0.2,pop_inverse,0.2,0.0,0.1541,0.1602,0.2865,0.43169640486623767,0.007749469214437367,0.008044077134977876,0.18719920628492975,0.07083146892989173,0.0794097655259356,0.0794097655259356,0.11145773798090262,0.15776865382718222,0.26660897181086535,,
lastfm__weighted_lightgcn__seed4__baseline__rwmode_dominance__fracs_0.1__0.2__0.3__0.4__norm_false__sota_head_penalty__slam_0.2,lastfm,weighted_lightgcn,4,/home/oqiw47aj/oqiw47aj/CIKM2026/experiments/cikm2026_SOTA/rwmode_dominance__fracs_0.1__0.2__0.3__0.4__norm_false__sota_head_penalty__slam_0.2/lastfm/weighted_lightgcn/seed_4/baseline,baseline__rwmode_dominance__fracs_0.1__0.2__0.3__0.4__norm_false__sota_head_penalty__slam_0.2,head_penalty,0.2,0.0,0.1541,0.1602,0.2865,0.43169640486623767,0.007749469214437367,0.008044077134977876,0.18719920628492975,0.07083146892989173,0.0794097655259356,0.0794097655259356,0.11145773798090262,0.15776865382718222,0.26660897181086535,,
lastfm__weighted_lightgcn__seed4__baseline__rwmode_dominance__fracs_0.1__0.2__0.3__0.4__norm_false__sota_xquad_pop__slam_0.2,lastfm,weighted_lightgcn,4,/home/oqiw47aj/oqiw47aj/CIKM2026/experiments/cikm2026_SOTA/rwmode_dominance__fracs_0.1__0.2__0.3__0.4__norm_false__sota_xquad_pop__slam_0.2/lastfm/weighted_lightgcn/seed_4/baseline,baseline__rwmode_dominance__fracs_0.1__0.2__0.3__0.4__norm_false__sota_xquad_pop__slam_0.2,xquad_pop,0.2,0.0,0.1541,0.1602,0.2865,0.43169640486623767,0.007749469214437367,0.008044077134977876,0.18719920628492975,0.07083146892989173,0.0794097655259356,0.0794097655259356,0.11145773798090262,0.15776865382718222,0.26660897181086535,,
lastfm__weighted_lightgcn__seed4__baseline__rwmode_dominance__fracs_0.1__0.2__0.3__0.4__norm_false__sota_mmr_pop__slam_0.2,lastfm,weighted_lightgcn,4,/home/oqiw47aj/oqiw47aj/CIKM2026/experiments/cikm2026_SOTA/rwmode_dominance__fracs_0.1__0.2__0.3__0.4__norm_false__sota_mmr_pop__slam_0.2/lastfm/weighted_lightgcn/seed_4/baseline,baseline__rwmode_dominance__fracs_0.1__0.2__0.3__0.4__norm_false__sota_mmr_pop__slam_0.2,mmr_pop,0.2,0.0,0.1541,0.1602,0.2865,0.43169640486623767,0.007749469214437367,0.008044077134977876,0.18719920628492975,0.07083146892989173,0.0794097655259356,0.0794097655259356,0.11145773798090262,0.15776865382718222,0.26660897181086535,,
lastfm__weighted_lightgcn__seed4__baseline__rwmode_dominance__fracs_0.1__0.2__0.3__0.4__norm_false__sota_calib_pop__slam_0.2,lastfm,weighted_lightgcn,4,/home/oqiw47aj/oqiw47aj/CIKM2026/experiments/cikm2026_SOTA/rwmode_dominance__fracs_0.1__0.2__0.3__0.4__norm_false__sota_calib_pop__slam_0.2/lastfm/weighted_lightgcn/seed_4/baseline,baseline__rwmode_dominance__fracs_0.1__0.2__0.3__0.4__norm_false__sota_calib_pop__slam_0.2,calib_pop,0.2,0.0,0.1541,0.1602,0.2865,0.43169640486623767,0.007749469214437367,0.008044077134977876,0.18719920628492975,0.07083146892989173,0.0794097655259356,0.0794097655259356,0.11145773798090262,0.15776865382718222,0.26660897181086535,,
lastfm__weighted_lightgcn__seed5__baseline__rwmode_dominance__fracs_0.1__0.2__0.3__0.4__norm_false__sota_pop_inverse__slam_0.2,lastfm,weighted_lightgcn,5,/home/oqiw47aj/oqiw47aj/CIKM2026/experiments/cikm2026_SOTA/rwmode_dominance__fracs_0.1__0.2__0.3__0.4__norm_false__sota_pop_inverse__slam_0.2/lastfm/weighted_lightgcn/seed_5/baseline,baseline__rwmode_dominance__fracs_0.1__0.2__0.3__0.4__norm_false__sota_pop_inverse__slam_0.2,pop_inverse,0.2,0.0,0.1634,0.1675,0.3076,0.4329968294946878,0.007271762208067941,0.007527886147582734,0.2136249166637896,0.0814121749475062,0.08334402501076624,0.08334402501076624,0.11650581120950415,0.15542880675842274,0.29696894167455584,,
lastfm__weighted_lightgcn__seed5__baseline__rwmode_dominance__fracs_0.1__0.2__0.3__0.4__norm_false__sota_head_penalty__slam_0.2,lastfm,weighted_lightgcn,5,/home/oqiw47aj/oqiw47aj/CIKM2026/experiments/cikm2026_SOTA/rwmode_dominance__fracs_0.1__0.2__0.3__0.4__norm_false__sota_head_penalty__slam_0.2/lastfm/weighted_lightgcn/seed_5/baseline,baseline__rwmode_dominance__fracs_0.1__0.2__0.3__0.4__norm_false__sota_head_penalty__slam_0.2,head_penalty,0.2,0.0,0.1634,0.1675,0.3076,0.4329968294946878,0.007271762208067941,0.007527886147582734,0.2136249166637896,0.0814121749475062,0.08334402501076624,0.08334402501076624,0.11650581120950415,0.15542880675842274,0.29696894167455584,,
lastfm__weighted_lightgcn__seed5__baseline__rwmode_dominance__fracs_0.1__0.2__0.3__0.4__norm_false__sota_xquad_pop__slam_0.2,lastfm,weighted_lightgcn,5,/home/oqiw47aj/oqiw47aj/CIKM2026/experiments/cikm2026_SOTA/rwmode_dominance__fracs_0.1__0.2__0.3__0.4__norm_false__sota_xquad_pop__slam_0.2/lastfm/weighted_lightgcn/seed_5/baseline,baseline__rwmode_dominance__fracs_0.1__0.2__0.3__0.4__norm_false__sota_xquad_pop__slam_0.2,xquad_pop,0.2,0.0,0.1634,0.1675,0.3076,0.4329968294946878,0.007271762208067941,0.007527886147582734,0.2136249166637896,0.0814121749475062,0.08334402501076624,0.08334402501076624,0.11650581120950415,0.15542880675842274,0.29696894167455584,,
lastfm__weighted_lightgcn__seed5__baseline__rwmode_dominance__fracs_0.1__0.2__0.3__0.4__norm_false__sota_mmr_pop__slam_0.2,lastfm,weighted_lightgcn,5,/home/oqiw47aj/oqiw47aj/CIKM2026/experiments/cikm2026_SOTA/rwmode_dominance__fracs_0.1__0.2__0.3__0.4__norm_false__sota_mmr_pop__slam_0.2/lastfm/weighted_lightgcn/seed_5/baseline,baseline__rwmode_dominance__fracs_0.1__0.2__0.3__0.4__norm_false__sota_mmr_pop__slam_0.2,mmr_pop,0.2,0.0,0.1634,0.1675,0.3076,0.4329968294946878,0.007271762208067941,0.007527886147582734,0.2136249166637896,0.0814121749475062,0.08334402501076624,0.08334402501076624,0.11650581120950415,0.15542880675842274,0.29696894167455584,,
lastfm__weighted_lightgcn__seed5__baseline__rwmode_dominance__fracs_0.1__0.2__0.3__0.4__norm_false__sota_calib_pop__slam_0.2,lastfm,weighted_lightgcn,5,/home/oqiw47aj/oqiw47aj/CIKM2026/experiments/cikm2026_SOTA/rwmode_dominance__fracs_0.1__0.2__0.3__0.4__norm_false__sota_calib_pop__slam_0.2/lastfm/weighted_lightgcn/seed_5/baseline,baseline__rwmode_dominance__fracs_0.1__0.2__0.3__0.4__norm_false__sota_calib_pop__slam_0.2,calib_pop,0.2,0.0,0.1634,0.1675,0.3076,0.4329968294946878,0.007271762208067941,0.007527886147582734,0.2136249166637896,0.0814121749475062,0.08334402501076624,0.08334402501076624,0.11650581120950415,0.15542880675842274,0.29696894167455584,,
lastfm__weighted_lightgcn__seed6__baseline__rwmode_dominance__fracs_0.1__0.2__0.3__0.4__norm_false__sota_pop_inverse__slam_0.2,lastfm,weighted_lightgcn,6,/home/oqiw47aj/oqiw47aj/CIKM2026/experiments/cikm2026_SOTA/rwmode_dominance__fracs_0.1__0.2__0.3__0.4__norm_false__sota_pop_inverse__slam_0.2/lastfm/weighted_lightgcn/seed_6/baseline,baseline__rwmode_dominance__fracs_0.1__0.2__0.3__0.4__norm_false__sota_pop_inverse__slam_0.2,pop_inverse,0.2,0.0,0.1565,0.1624,0.2907,0.4329968294946878,0.007961783439490446,0.008242211110492044,0.2012172920957181,0.07519415502413648,0.07714595460632606,0.07714595460632606,0.11861212783967715,0.1506868571124211,0.27836324670204415,,
lastfm__weighted_lightgcn__seed6__baseline__rwmode_dominance__fracs_0.1__0.2__0.3__0.4__norm_false__sota_head_penalty__slam_0.2,lastfm,weighted_lightgcn,6,/home/oqiw47aj/oqiw47aj/CIKM2026/experiments/cikm2026_SOTA/rwmode_dominance__fracs_0.1__0.2__0.3__0.4__norm_false__sota_head_penalty__slam_0.2/lastfm/weighted_lightgcn/seed_6/baseline,baseline__rwmode_dominance__fracs_0.1__0.2__0.3__0.4__norm_false__sota_head_penalty__slam_0.2,head_penalty,0.2,0.0,0.1565,0.1624,0.2907,0.4329968294946878,0.007961783439490446,0.008242211110492044,0.2012172920957181,0.07519415502413648,0.07714595460632606,0.07714595460632606,0.11861212783967715,0.1506868571124211,0.27836324670204415,,
lastfm__weighted_lightgcn__seed6__baseline__rwmode_dominance__fracs_0.1__0.2__0.3__0.4__norm_false__sota_xquad_pop__slam_0.2,lastfm,weighted_lightgcn,6,/home/oqiw47aj/oqiw47aj/CIKM2026/experiments/cikm2026_SOTA/rwmode_dominance__fracs_0.1__0.2__0.3__0.4__norm_false__sota_xquad_pop__slam_0.2/lastfm/weighted_lightgcn/seed_6/baseline,baseline__rwmode_dominance__fracs_0.1__0.2__0.3__0.4__norm_false__sota_xquad_pop__slam_0.2,xquad_pop,0.2,0.0,0.1565,0.1624,0.2907,0.4329968294946878,0.007961783439490446,0.008242211110492044,0.2012172920957181,0.07519415502413648,0.07714595460632606,0.07714595460632606,0.11861212783967715,0.1506868571124211,0.27836324670204415,,
lastfm__weighted_lightgcn__seed6__baseline__rwmode_dominance__fracs_0.1__0.2__0.3__0.4__norm_false__sota_mmr_pop__slam_0.2,lastfm,weighted_lightgcn,6,/home/oqiw47aj/oqiw47aj/CIKM2026/experiments/cikm2026_SOTA/rwmode_dominance__fracs_0.1__0.2__0.3__0.4__norm_false__sota_mmr_pop__slam_0.2/lastfm/weighted_lightgcn/seed_6/baseline,baseline__rwmode_dominance__fracs_0.1__0.2__0.3__0.4__norm_false__sota_mmr_pop__slam_0.2,mmr_pop,0.2,0.0,0.1565,0.1624,0.2907,0.4329968294946878,0.007961783439490446,0.008242211110492044,0.2012172920957181,0.07519415502413648,0.07714595460632606,0.07714595460632606,0.11861212783967715,0.1506868571124211,0.27836324670204415,,
lastfm__weighted_lightgcn__seed6__baseline__rwmode_dominance__fracs_0.1__0.2__0.3__0.4__norm_false__sota_calib_pop__slam_0.2,lastfm,weighted_lightgcn,6,/home/oqiw47aj/oqiw47aj/CIKM2026/experiments/cikm2026_SOTA/rwmode_dominance__fracs_0.1__0.2__0.3__0.4__norm_false__sota_calib_pop__slam_0.2/lastfm/weighted_lightgcn/seed_6/baseline,baseline__rwmode_dominance__fracs_0.1__0.2__0.3__0.4__norm_false__sota_calib_pop__slam_0.2,calib_pop,0.2,0.0,0.1565,0.1624,0.2907,0.4329968294946878,0.007961783439490446,0.008242211110492044,0.2012172920957181,0.07519415502413648,0.07714595460632606,0.07714595460632606,0.11861212783967715,0.1506868571124211,0.27836324670204415,,
lastfm__weighted_lightgcn__seed7__baseline__rwmode_dominance__fracs_0.1__0.2__0.3__0.4__norm_false__sota_pop_inverse__slam_0.2,lastfm,weighted_lightgcn,7,/home/oqiw47aj/oqiw47aj/CIKM2026/experiments/cikm2026_SOTA/rwmode_dominance__fracs_0.1__0.2__0.3__0.4__norm_false__sota_pop_inverse__slam_0.2/lastfm/weighted_lightgcn/seed_7/baseline,baseline__rwmode_dominance__fracs_0.1__0.2__0.3__0.4__norm_false__sota_pop_inverse__slam_0.2,pop_inverse,0.2,0.0,0.1534,0.1597,0.2801,0.43220065115073875,0.008492569002123142,0.008806208376896588,0.20350001366361908,0.07997143913385805,0.08028041862559153,0.08028041862559153,0.09653335447478704,0.1517312424415679,0.2837804322892106,,
lastfm__weighted_lightgcn__seed7__baseline__rwmode_dominance__fracs_0.1__0.2__0.3__0.4__norm_false__sota_head_penalty__slam_0.2,lastfm,weighted_lightgcn,7,/home/oqiw47aj/oqiw47aj/CIKM2026/experiments/cikm2026_SOTA/rwmode_dominance__fracs_0.1__0.2__0.3__0.4__norm_false__sota_head_penalty__slam_0.2/lastfm/weighted_lightgcn/seed_7/baseline,baseline__rwmode_dominance__fracs_0.1__0.2__0.3__0.4__norm_false__sota_head_penalty__slam_0.2,head_penalty,0.2,0.0,0.1534,0.1597,0.2801,0.43220065115073875,0.008492569002123142,0.008806208376896588,0.20350001366361908,0.07997143913385805,0.08028041862559153,0.08028041862559153,0.09653335447478704,0.1517312424415679,0.2837804322892106,,
lastfm__weighted_lightgcn__seed7__baseline__rwmode_dominance__fracs_0.1__0.2__0.3__0.4__norm_false__sota_xquad_pop__slam_0.2,lastfm,weighted_lightgcn,7,/home/oqiw47aj/oqiw47aj/CIKM2026/experiments/cikm2026_SOTA/rwmode_dominance__fracs_0.1__0.2__0.3__0.4__norm_false__sota_xquad_pop__slam_0.2/lastfm/weighted_lightgcn/seed_7/baseline,baseline__rwmode_dominance__fracs_0.1__0.2__0.3__0.4__norm_false__sota_xquad_pop__slam_0.2,xquad_pop,0.2,0.0,0.1534,0.1597,0.2801,0.43220065115073875,0.008492569002123142,0.008806208376896588,0.20350001366361908,0.07997143913385805,0.08028041862559153,0.08028041862559153,0.09653335447478704,0.1517312424415679,0.2837804322892106,,
lastfm__weighted_lightgcn__seed7__baseline__rwmode_dominance__fracs_0.1__0.2__0.3__0.4__norm_false__sota_mmr_pop__slam_0.2,lastfm,weighted_lightgcn,7,/home/oqiw47aj/oqiw47aj/CIKM2026/experiments/cikm2026_SOTA/rwmode_dominance__fracs_0.1__0.2__0.3__0.4__norm_false__sota_mmr_pop__slam_0.2/lastfm/weighted_lightgcn/seed_7/baseline,baseline__rwmode_dominance__fracs_0.1__0.2__0.3__0.4__norm_false__sota_mmr_pop__slam_0.2,mmr_pop,0.2,0.0,0.1534,0.1597,0.2801,0.43220065115073875,0.008492569002123142,0.008806208376896588,0.20350001366361908,0.07997143913385805,0.08028041862559153,0.08028041862559153,0.09653335447478704,0.1517312424415679,0.2837804322892106,,
lastfm__weighted_lightgcn__seed7__baseline__rwmode_dominance__fracs_0.1__0.2__0.3__0.4__norm_false__sota_calib_pop__slam_0.2,lastfm,weighted_lightgcn,7,/home/oqiw47aj/oqiw47aj/CIKM2026/experiments/cikm2026_SOTA/rwmode_dominance__fracs_0.1__0.2__0.3__0.4__norm_false__sota_calib_pop__slam_0.2/lastfm/weighted_lightgcn/seed_7/baseline,baseline__rwmode_dominance__fracs_0.1__0.2__0.3__0.4__norm_false__sota_calib_pop__slam_0.2,calib_pop,0.2,0.0,0.1534,0.1597,0.2801,0.43220065115073875,0.008492569002123142,0.008806208376896588,0.20350001366361908,0.07997143913385805,0.08028041862559153,0.08028041862559153,0.09653335447478704,0.1517312424415679,0.2837804322892106,,
lastfm__weighted_lightgcn__seed8__baseline__rwmode_dominance__fracs_0.1__0.2__0.3__0.4__norm_false__sota_pop_inverse__slam_0.2,lastfm,weighted_lightgcn,8,/home/oqiw47aj/oqiw47aj/CIKM2026/experiments/cikm2026_SOTA/rwmode_dominance__fracs_0.1__0.2__0.3__0.4__norm_false__sota_pop_inverse__slam_0.2/lastfm/weighted_lightgcn/seed_8/baseline,baseline__rwmode_dominance__fracs_0.1__0.2__0.3__0.4__norm_false__sota_pop_inverse__slam_0.2,pop_inverse,0.2,0.0,0.1537,0.1544,0.2962,0.4333949186666623,0.007855626326963907,0.008125617656739153,0.1874559151140961,0.07277758706936999,0.08720891992683201,0.08720891992683201,0.1087195101403628,0.1432238010468228,0.2746648350409281,,
lastfm__weighted_lightgcn__seed8__baseline__rwmode_dominance__fracs_0.1__0.2__0.3__0.4__norm_false__sota_head_penalty__slam_0.2,lastfm,weighted_lightgcn,8,/home/oqiw47aj/oqiw47aj/CIKM2026/experiments/cikm2026_SOTA/rwmode_dominance__fracs_0.1__0.2__0.3__0.4__norm_false__sota_head_penalty__slam_0.2/lastfm/weighted_lightgcn/seed_8/baseline,baseline__rwmode_dominance__fracs_0.1__0.2__0.3__0.4__norm_false__sota_head_penalty__slam_0.2,head_penalty,0.2,0.0,0.1537,0.1544,0.2962,0.4333949186666623,0.007855626326963907,0.008125617656739153,0.1874559151140961,0.07277758706936999,0.08720891992683201,0.08720891992683201,0.1087195101403628,0.1432238010468228,0.2746648350409281,,
lastfm__weighted_lightgcn__seed8__baseline__rwmode_dominance__fracs_0.1__0.2__0.3__0.4__norm_false__sota_xquad_pop__slam_0.2,lastfm,weighted_lightgcn,8,/home/oqiw47aj/oqiw47aj/CIKM2026/experiments/cikm2026_SOTA/rwmode_dominance__fracs_0.1__0.2__0.3__0.4__norm_false__sota_xquad_pop__slam_0.2/lastfm/weighted_lightgcn/seed_8/baseline,baseline__rwmode_dominance__fracs_0.1__0.2__0.3__0.4__norm_false__sota_xquad_pop__slam_0.2,xquad_pop,0.2,0.0,0.1537,0.1544,0.2962,0.4333949186666623,0.007855626326963907,0.008125617656739153,0.1874559151140961,0.07277758706936999,0.08720891992683201,0.08720891992683201,0.1087195101403628,0.1432238010468228,0.2746648350409281,,
lastfm__weighted_lightgcn__seed8__baseline__rwmode_dominance__fracs_0.1__0.2__0.3__0.4__norm_false__sota_mmr_pop__slam_0.2,lastfm,weighted_lightgcn,8,/home/oqiw47aj/oqiw47aj/CIKM2026/experiments/cikm2026_SOTA/rwmode_dominance__fracs_0.1__0.2__0.3__0.4__norm_false__sota_mmr_pop__slam_0.2/lastfm/weighted_lightgcn/seed_8/baseline,baseline__rwmode_dominance__fracs_0.1__0.2__0.3__0.4__norm_false__sota_mmr_pop__slam_0.2,mmr_pop,0.2,0.0,0.1537,0.1544,0.2962,0.4333949186666623,0.007855626326963907,0.008125617656739153,0.1874559151140961,0.07277758706936999,0.08720891992683201,0.08720891992683201,0.1087195101403628,0.1432238010468228,0.2746648350409281,,
lastfm__weighted_lightgcn__seed8__baseline__rwmode_dominance__fracs_0.1__0.2__0.3__0.4__norm_false__sota_calib_pop__slam_0.2,lastfm,weighted_lightgcn,8,/home/oqiw47aj/oqiw47aj/CIKM2026/experiments/cikm2026_SOTA/rwmode_dominance__fracs_0.1__0.2__0.3__0.4__norm_false__sota_calib_pop__slam_0.2/lastfm/weighted_lightgcn/seed_8/baseline,baseline__rwmode_dominance__fracs_0.1__0.2__0.3__0.4__norm_false__sota_calib_pop__slam_0.2,calib_pop,0.2,0.0,0.1537,0.1544,0.2962,0.4333949186666623,0.007855626326963907,0.008125617656739153,0.1874559151140961,0.07277758706936999,0.08720891992683201,0.08720891992683201,0.1087195101403628,0.1432238010468228,0.2746648350409281,,
lastfm__weighted_lightgcn__seed9__baseline__rwmode_dominance__fracs_0.1__0.2__0.3__0.4__norm_false__sota_pop_inverse__slam_0.2,lastfm,weighted_lightgcn,9,/home/oqiw47aj/oqiw47aj/CIKM2026/experiments/cikm2026_SOTA/rwmode_dominance__fracs_0.1__0.2__0.3__0.4__norm_false__sota_pop_inverse__slam_0.2/lastfm/weighted_lightgcn/seed_9/baseline,baseline__rwmode_dominance__fracs_0.1__0.2__0.3__0.4__norm_false__sota_pop_inverse__slam_0.2,pop_inverse,0.2,0.0,0.159,0.1634,0.291,0.43251912248831836,0.006953290870488323,0.007205324239583316,0.20949698459201505,0.08267439698222467,0.08787863736534807,0.08787863736534807,0.1048855204634842,0.144641834702628,0.2973756219573631,,
lastfm__weighted_lightgcn__seed9__baseline__rwmode_dominance__fracs_0.1__0.2__0.3__0.4__norm_false__sota_head_penalty__slam_0.2,lastfm,weighted_lightgcn,9,/home/oqiw47aj/oqiw47aj/CIKM2026/experiments/cikm2026_SOTA/rwmode_dominance__fracs_0.1__0.2__0.3__0.4__norm_false__sota_head_penalty__slam_0.2/lastfm/weighted_lightgcn/seed_9/baseline,baseline__rwmode_dominance__fracs_0.1__0.2__0.3__0.4__norm_false__sota_head_penalty__slam_0.2,head_penalty,0.2,0.0,0.159,0.1634,0.291,0.43251912248831836,0.006953290870488323,0.007205324239583316,0.20949698459201505,0.08267439698222467,0.08787863736534807,0.08787863736534807,0.1048855204634842,0.144641834702628,0.2973756219573631,,
lastfm__weighted_lightgcn__seed9__baseline__rwmode_dominance__fracs_0.1__0.2__0.3__0.4__norm_false__sota_xquad_pop__slam_0.2,lastfm,weighted_lightgcn,9,/home/oqiw47aj/oqiw47aj/CIKM2026/experiments/cikm2026_SOTA/rwmode_dominance__fracs_0.1__0.2__0.3__0.4__norm_false__sota_xquad_pop__slam_0.2/lastfm/weighted_lightgcn/seed_9/baseline,baseline__rwmode_dominance__fracs_0.1__0.2__0.3__0.4__norm_false__sota_xquad_pop__slam_0.2,xquad_pop,0.2,0.0,0.159,0.1634,0.291,0.43251912248831836,0.006953290870488323,0.007205324239583316,0.20949698459201505,0.08267439698222467,0.08787863736534807,0.08787863736534807,0.1048855204634842,0.144641834702628,0.2973756219573631,,
lastfm__weighted_lightgcn__seed9__baseline__rwmode_dominance__fracs_0.1__0.2__0.3__0.4__norm_false__sota_mmr_pop__slam_0.2,lastfm,weighted_lightgcn,9,/home/oqiw47aj/oqiw47aj/CIKM2026/experiments/cikm2026_SOTA/rwmode_dominance__fracs_0.1__0.2__0.3__0.4__norm_false__sota_mmr_pop__slam_0.2/lastfm/weighted_lightgcn/seed_9/baseline,baseline__rwmode_dominance__fracs_0.1__0.2__0.3__0.4__norm_false__sota_mmr_pop__slam_0.2,mmr_pop,0.2,0.0,0.159,0.1634,0.291,0.43251912248831836,0.006953290870488323,0.007205324239583316,0.20949698459201505,0.08267439698222467,0.08787863736534807,0.08787863736534807,0.1048855204634842,0.144641834702628,0.2973756219573631,,
lastfm__weighted_lightgcn__seed9__baseline__rwmode_dominance__fracs_0.1__0.2__0.3__0.4__norm_false__sota_calib_pop__slam_0.2,lastfm,weighted_lightgcn,9,/home/oqiw47aj/oqiw47aj/CIKM2026/experiments/cikm2026_SOTA/rwmode_dominance__fracs_0.1__0.2__0.3__0.4__norm_false__sota_calib_pop__slam_0.2/lastfm/weighted_lightgcn/seed_9/baseline,baseline__rwmode_dominance__fracs_0.1__0.2__0.3__0.4__norm_false__sota_calib_pop__slam_0.2,calib_pop,0.2,0.0,0.159,0.1634,0.291,0.43251912248831836,0.006953290870488323,0.007205324239583316,0.20949698459201505,0.08267439698222467,0.08787863736534807,0.08787863736534807,0.1048855204634842,0.144641834702628,0.2973756219573631,,
lastfm__weighted_neumf__seed0__baseline__rwmode_dominance__fracs_0.1__0.2__0.3__0.4__norm_false__sota_pop_inverse__slam_0.2,lastfm,weighted_neumf,0,/home/oqiw47aj/oqiw47aj/CIKM2026/experiments/cikm2026_SOTA/rwmode_dominance__fracs_0.1__0.2__0.3__0.4__norm_false__sota_pop_inverse__slam_0.2/lastfm/weighted_neumf/seed_0/baseline,baseline__rwmode_dominance__fracs_0.1__0.2__0.3__0.4__norm_false__sota_pop_inverse__slam_0.2,pop_inverse,0.2,0.0,0.1524,0.1618,0.2791,0.44114438788109966,0.0015392781316348196,0.0015670593321069103,0.19960900451928174,0.075841202125681,0.07444637483002617,0.07444637483002617,0.10625457992917897,0.15369683135389284,0.2740553793493079,,
lastfm__weighted_neumf__seed0__baseline__rwmode_dominance__fracs_0.1__0.2__0.3__0.4__norm_false__sota_head_penalty__slam_0.2,lastfm,weighted_neumf,0,/home/oqiw47aj/oqiw47aj/CIKM2026/experiments/cikm2026_SOTA/rwmode_dominance__fracs_0.1__0.2__0.3__0.4__norm_false__sota_head_penalty__slam_0.2/lastfm/weighted_neumf/seed_0/baseline,baseline__rwmode_dominance__fracs_0.1__0.2__0.3__0.4__norm_false__sota_head_penalty__slam_0.2,head_penalty,0.2,0.0,0.1524,0.1618,0.2791,0.44114438788109966,0.0015392781316348196,0.0015670593321069103,0.19960900451928174,0.075841202125681,0.07444637483002617,0.07444637483002617,0.10625457992917897,0.15369683135389284,0.2740553793493079,,
lastfm__weighted_neumf__seed0__baseline__rwmode_dominance__fracs_0.1__0.2__0.3__0.4__norm_false__sota_xquad_pop__slam_0.2,lastfm,weighted_neumf,0,/home/oqiw47aj/oqiw47aj/CIKM2026/experiments/cikm2026_SOTA/rwmode_dominance__fracs_0.1__0.2__0.3__0.4__norm_false__sota_xquad_pop__slam_0.2/lastfm/weighted_neumf/seed_0/baseline,baseline__rwmode_dominance__fracs_0.1__0.2__0.3__0.4__norm_false__sota_xquad_pop__slam_0.2,xquad_pop,0.2,0.0,0.1524,0.1618,0.2791,0.44114438788109966,0.0015392781316348196,0.0015670593321069103,0.19960900451928174,0.075841202125681,0.07444637483002617,0.07444637483002617,0.10625457992917897,0.15369683135389284,0.2740553793493079,,
lastfm__weighted_neumf__seed0__baseline__rwmode_dominance__fracs_0.1__0.2__0.3__0.4__norm_false__sota_mmr_pop__slam_0.2,lastfm,weighted_neumf,0,/home/oqiw47aj/oqiw47aj/CIKM2026/experiments/cikm2026_SOTA/rwmode_dominance__fracs_0.1__0.2__0.3__0.4__norm_false__sota_mmr_pop__slam_0.2/lastfm/weighted_neumf/seed_0/baseline,baseline__rwmode_dominance__fracs_0.1__0.2__0.3__0.4__norm_false__sota_mmr_pop__slam_0.2,mmr_pop,0.2,0.0,0.1524,0.1618,0.2791,0.44114438788109966,0.0015392781316348196,0.0015670593321069103,0.19960900451928174,0.075841202125681,0.07444637483002617,0.07444637483002617,0.10625457992917897,0.15369683135389284,0.2740553793493079,,
lastfm__weighted_neumf__seed0__baseline__rwmode_dominance__fracs_0.1__0.2__0.3__0.4__norm_false__sota_calib_pop__slam_0.2,lastfm,weighted_neumf,0,/home/oqiw47aj/oqiw47aj/CIKM2026/experiments/cikm2026_SOTA/rwmode_dominance__fracs_0.1__0.2__0.3__0.4__norm_false__sota_calib_pop__slam_0.2/lastfm/weighted_neumf/seed_0/baseline,baseline__rwmode_dominance__fracs_0.1__0.2__0.3__0.4__norm_false__sota_calib_pop__slam_0.2,calib_pop,0.2,0.0,0.1524,0.1618,0.2791,0.44114438788109966,0.0015392781316348196,0.0015670593321069103,0.19960900451928174,0.075841202125681,0.07444637483002617,0.07444637483002617,0.10625457992917897,0.15369683135389284,0.2740553793493079,,
lastfm__weighted_neumf__seed1__baseline__rwmode_dominance__fracs_0.1__0.2__0.3__0.4__norm_false__sota_pop_inverse__slam_0.2,lastfm,weighted_neumf,1,/home/oqiw47aj/oqiw47aj/CIKM2026/experiments/cikm2026_SOTA/rwmode_dominance__fracs_0.1__0.2__0.3__0.4__norm_false__sota_pop_inverse__slam_0.2/lastfm/weighted_neumf/seed_1/baseline,baseline__rwmode_dominance__fracs_0.1__0.2__0.3__0.4__norm_false__sota_pop_inverse__slam_0.2,pop_inverse,0.2,0.0,0.1482,0.1583,0.2726,0.4442229441443693,0.00010615711252653928,0.00010739984964010185,0.18781018187366363,0.07082591661040129,0.07350407557750252,0.07350407557750252,0.10710400262775864,0.1497390298453237,0.26131425745116615,,
lastfm__weighted_neumf__seed1__baseline__rwmode_dominance__fracs_0.1__0.2__0.3__0.4__norm_false__sota_head_penalty__slam_0.2,lastfm,weighted_neumf,1,/home/oqiw47aj/oqiw47aj/CIKM2026/experiments/cikm2026_SOTA/rwmode_dominance__fracs_0.1__0.2__0.3__0.4__norm_false__sota_head_penalty__slam_0.2/lastfm/weighted_neumf/seed_1/baseline,baseline__rwmode_dominance__fracs_0.1__0.2__0.3__0.4__norm_false__sota_head_penalty__slam_0.2,head_penalty,0.2,0.0,0.1482,0.1583,0.2726,0.4442229441443693,0.00010615711252653928,0.00010739984964010185,0.18781018187366363,0.07082591661040129,0.07350407557750252,0.07350407557750252,0.10710400262775864,0.1497390298453237,0.26131425745116615,,
lastfm__weighted_neumf__seed1__baseline__rwmode_dominance__fracs_0.1__0.2__0.3__0.4__norm_false__sota_xquad_pop__slam_0.2,lastfm,weighted_neumf,1,/home/oqiw47aj/oqiw47aj/CIKM2026/experiments/cikm2026_SOTA/rwmode_dominance__fracs_0.1__0.2__0.3__0.4__norm_false__sota_xquad_pop__slam_0.2/lastfm/weighted_neumf/seed_1/baseline,baseline__rwmode_dominance__fracs_0.1__0.2__0.3__0.4__norm_false__sota_xquad_pop__slam_0.2,xquad_pop,0.2,0.0,0.1482,0.1583,0.2726,0.4442229441443693,0.00010615711252653928,0.00010739984964010185,0.18781018187366363,0.07082591661040129,0.07350407557750252,0.07350407557750252,0.10710400262775864,0.1497390298453237,0.26131425745116615,,
lastfm__weighted_neumf__seed1__baseline__rwmode_dominance__fracs_0.1__0.2__0.3__0.4__norm_false__sota_mmr_pop__slam_0.2,lastfm,weighted_neumf,1,/home/oqiw47aj/oqiw47aj/CIKM2026/experiments/cikm2026_SOTA/rwmode_dominance__fracs_0.1__0.2__0.3__0.4__norm_false__sota_mmr_pop__slam_0.2/lastfm/weighted_neumf/seed_1/baseline,baseline__rwmode_dominance__fracs_0.1__0.2__0.3__0.4__norm_false__sota_mmr_pop__slam_0.2,mmr_pop,0.2,0.0,0.1482,0.1583,0.2726,0.4442229441443693,0.00010615711252653928,0.00010739984964010185,0.18781018187366363,0.07082591661040129,0.07350407557750252,0.07350407557750252,0.10710400262775864,0.1497390298453237,0.26131425745116615,,
lastfm__weighted_neumf__seed1__baseline__rwmode_dominance__fracs_0.1__0.2__0.3__0.4__norm_false__sota_calib_pop__slam_0.2,lastfm,weighted_neumf,1,/home/oqiw47aj/oqiw47aj/CIKM2026/experiments/cikm2026_SOTA/rwmode_dominance__fracs_0.1__0.2__0.3__0.4__norm_false__sota_calib_pop__slam_0.2/lastfm/weighted_neumf/seed_1/baseline,baseline__rwmode_dominance__fracs_0.1__0.2__0.3__0.4__norm_false__sota_calib_pop__slam_0.2,calib_pop,0.2,0.0,0.1482,0.1583,0.2726,0.4442229441443693,0.00010615711252653928,0.00010739984964010185,0.18781018187366363,0.07082591661040129,0.07350407557750252,0.07350407557750252,0.10710400262775864,0.1497390298453237,0.26131425745116615,,
lastfm__weighted_neumf__seed2__baseline__rwmode_dominance__fracs_0.1__0.2__0.3__0.4__norm_false__sota_pop_inverse__slam_0.2,lastfm,weighted_neumf,2,/home/oqiw47aj/oqiw47aj/CIKM2026/experiments/cikm2026_SOTA/rwmode_dominance__fracs_0.1__0.2__0.3__0.4__norm_false__sota_pop_inverse__slam_0.2/lastfm/weighted_neumf/seed_2/baseline,baseline__rwmode_dominance__fracs_0.1__0.2__0.3__0.4__norm_false__sota_pop_inverse__slam_0.2,pop_inverse,0.2,0.0,0.1515,0.1619,0.2748,0.4463460863949001,0.00010615711252653928,0.00010694043417805504,0.19738782871740596,0.07364238338550162,0.0706503126819863,0.0706503126819863,0.11187868821074683,0.1538948311191388,0.26803814139939225,,
lastfm__weighted_neumf__seed2__baseline__rwmode_dominance__fracs_0.1__0.2__0.3__0.4__norm_false__sota_head_penalty__slam_0.2,lastfm,weighted_neumf,2,/home/oqiw47aj/oqiw47aj/CIKM2026/experiments/cikm2026_SOTA/rwmode_dominance__fracs_0.1__0.2__0.3__0.4__norm_false__sota_head_penalty__slam_0.2/lastfm/weighted_neumf/seed_2/baseline,baseline__rwmode_dominance__fracs_0.1__0.2__0.3__0.4__norm_false__sota_head_penalty__slam_0.2,head_penalty,0.2,0.0,0.1515,0.1619,0.2748,0.4463460863949001,0.00010615711252653928,0.00010694043417805504,0.19738782871740596,0.07364238338550162,0.0706503126819863,0.0706503126819863,0.11187868821074683,0.1538948311191388,0.26803814139939225,,
lastfm__weighted_neumf__seed2__baseline__rwmode_dominance__fracs_0.1__0.2__0.3__0.4__norm_false__sota_xquad_pop__slam_0.2,lastfm,weighted_neumf,2,/home/oqiw47aj/oqiw47aj/CIKM2026/experiments/cikm2026_SOTA/rwmode_dominance__fracs_0.1__0.2__0.3__0.4__norm_false__sota_xquad_pop__slam_0.2/lastfm/weighted_neumf/seed_2/baseline,baseline__rwmode_dominance__fracs_0.1__0.2__0.3__0.4__norm_false__sota_xquad_pop__slam_0.2,xquad_pop,0.2,0.0,0.1515,0.1619,0.2748,0.4463460863949001,0.00010615711252653928,0.00010694043417805504,0.19738782871740596,0.07364238338550162,0.0706503126819863,0.0706503126819863,0.11187868821074683,0.1538948311191388,0.26803814139939225,,
lastfm__weighted_neumf__seed2__baseline__rwmode_dominance__fracs_0.1__0.2__0.3__0.4__norm_false__sota_mmr_pop__slam_0.2,lastfm,weighted_neumf,2,/home/oqiw47aj/oqiw47aj/CIKM2026/experiments/cikm2026_SOTA/rwmode_dominance__fracs_0.1__0.2__0.3__0.4__norm_false__sota_mmr_pop__slam_0.2/lastfm/weighted_neumf/seed_2/baseline,baseline__rwmode_dominance__fracs_0.1__0.2__0.3__0.4__norm_false__sota_mmr_pop__slam_0.2,mmr_pop,0.2,0.0,0.1515,0.1619,0.2748,0.4463460863949001,0.00010615711252653928,0.00010694043417805504,0.19738782871740596,0.07364238338550162,0.0706503126819863,0.0706503126819863,0.11187868821074683,0.1538948311191388,0.26803814139939225,,
lastfm__weighted_neumf__seed2__baseline__rwmode_dominance__fracs_0.1__0.2__0.3__0.4__norm_false__sota_calib_pop__slam_0.2,lastfm,weighted_neumf,2,/home/oqiw47aj/oqiw47aj/CIKM2026/experiments/cikm2026_SOTA/rwmode_dominance__fracs_0.1__0.2__0.3__0.4__norm_false__sota_calib_pop__slam_0.2/lastfm/weighted_neumf/seed_2/baseline,baseline__rwmode_dominance__fracs_0.1__0.2__0.3__0.4__norm_false__sota_calib_pop__slam_0.2,calib_pop,0.2,0.0,0.1515,0.1619,0.2748,0.4463460863949001,0.00010615711252653928,0.00010694043417805504,0.19738782871740596,0.07364238338550162,0.0706503126819863,0.0706503126819863,0.11187868821074683,0.1538948311191388,0.26803814139939225,,
lastfm__weighted_neumf__seed3__baseline__rwmode_dominance__fracs_0.1__0.2__0.3__0.4__norm_false__sota_pop_inverse__slam_0.2,lastfm,weighted_neumf,3,/home/oqiw47aj/oqiw47aj/CIKM2026/experiments/cikm2026_SOTA/rwmode_dominance__fracs_0.1__0.2__0.3__0.4__norm_false__sota_pop_inverse__slam_0.2/lastfm/weighted_neumf/seed_3/baseline,baseline__rwmode_dominance__fracs_0.1__0.2__0.3__0.4__norm_false__sota_pop_inverse__slam_0.2,pop_inverse,0.2,0.0,0.1582,0.1684,0.2877,0.4380923708959617,0.0009554140127388535,0.000978739600890738,0.20710219691353798,0.07700811659396098,0.07300324861899249,0.07300324861899249,0.11822571452312663,0.1602070977046829,0.2801054455325305,,
lastfm__weighted_neumf__seed3__baseline__rwmode_dominance__fracs_0.1__0.2__0.3__0.4__norm_false__sota_head_penalty__slam_0.2,lastfm,weighted_neumf,3,/home/oqiw47aj/oqiw47aj/CIKM2026/experiments/cikm2026_SOTA/rwmode_dominance__fracs_0.1__0.2__0.3__0.4__norm_false__sota_head_penalty__slam_0.2/lastfm/weighted_neumf/seed_3/baseline,baseline__rwmode_dominance__fracs_0.1__0.2__0.3__0.4__norm_false__sota_head_penalty__slam_0.2,head_penalty,0.2,0.0,0.1582,0.1684,0.2877,0.4380923708959617,0.0009554140127388535,0.000978739600890738,0.20710219691353798,0.07700811659396098,0.07300324861899249,0.07300324861899249,0.11822571452312663,0.1602070977046829,0.2801054455325305,,
lastfm__weighted_neumf__seed3__baseline__rwmode_dominance__fracs_0.1__0.2__0.3__0.4__norm_false__sota_xquad_pop__slam_0.2,lastfm,weighted_neumf,3,/home/oqiw47aj/oqiw47aj/CIKM2026/experiments/cikm2026_SOTA/rwmode_dominance__fracs_0.1__0.2__0.3__0.4__norm_false__sota_xquad_pop__slam_0.2/lastfm/weighted_neumf/seed_3/baseline,baseline__rwmode_dominance__fracs_0.1__0.2__0.3__0.4__norm_false__sota_xquad_pop__slam_0.2,xquad_pop,0.2,0.0,0.1582,0.1684,0.2877,0.4380923708959617,0.0009554140127388535,0.000978739600890738,0.20710219691353798,0.07700811659396098,0.07300324861899249,0.07300324861899249,0.11822571452312663,0.1602070977046829,0.2801054455325305,,
lastfm__weighted_neumf__seed3__baseline__rwmode_dominance__fracs_0.1__0.2__0.3__0.4__norm_false__sota_mmr_pop__slam_0.2,lastfm,weighted_neumf,3,/home/oqiw47aj/oqiw47aj/CIKM2026/experiments/cikm2026_SOTA/rwmode_dominance__fracs_0.1__0.2__0.3__0.4__norm_false__sota_mmr_pop__slam_0.2/lastfm/weighted_neumf/seed_3/baseline,baseline__rwmode_dominance__fracs_0.1__0.2__0.3__0.4__norm_false__sota_mmr_pop__slam_0.2,mmr_pop,0.2,0.0,0.1582,0.1684,0.2877,0.4380923708959617,0.0009554140127388535,0.000978739600890738,0.20710219691353798,0.07700811659396098,0.07300324861899249,0.07300324861899249,0.11822571452312663,0.1602070977046829,0.2801054455325305,,
lastfm__weighted_neumf__seed3__baseline__rwmode_dominance__fracs_0.1__0.2__0.3__0.4__norm_false__sota_calib_pop__slam_0.2,lastfm,weighted_neumf,3,/home/oqiw47aj/oqiw47aj/CIKM2026/experiments/cikm2026_SOTA/rwmode_dominance__fracs_0.1__0.2__0.3__0.4__norm_false__sota_calib_pop__slam_0.2/lastfm/weighted_neumf/seed_3/baseline,baseline__rwmode_dominance__fracs_0.1__0.2__0.3__0.4__norm_false__sota_calib_pop__slam_0.2,calib_pop,0.2,0.0,0.1582,0.1684,0.2877,0.4380923708959617,0.0009554140127388535,0.000978739600890738,0.20710219691353798,0.07700811659396098,0.07300324861899249,0.07300324861899249,0.11822571452312663,0.1602070977046829,0.2801054455325305,,
lastfm__weighted_neumf__seed4__baseline__rwmode_dominance__fracs_0.1__0.2__0.3__0.4__norm_false__sota_pop_inverse__slam_0.2,lastfm,weighted_neumf,4,/home/oqiw47aj/oqiw47aj/CIKM2026/experiments/cikm2026_SOTA/rwmode_dominance__fracs_0.1__0.2__0.3__0.4__norm_false__sota_pop_inverse__slam_0.2/lastfm/weighted_neumf/seed_4/baseline,baseline__rwmode_dominance__fracs_0.1__0.2__0.3__0.4__norm_false__sota_pop_inverse__slam_0.2,pop_inverse,0.2,0.0,0.1534,0.1658,0.2768,0.43838430295540964,0.0009023354564755839,0.0009238126290611128,0.16905977118705054,0.0625797963504066,0.08256812709157971,0.08256812709157971,0.12191226159425889,0.156223769688924,0.25162789827863025,,
lastfm__weighted_neumf__seed4__baseline__rwmode_dominance__fracs_0.1__0.2__0.3__0.4__norm_false__sota_head_penalty__slam_0.2,lastfm,weighted_neumf,4,/home/oqiw47aj/oqiw47aj/CIKM2026/experiments/cikm2026_SOTA/rwmode_dominance__fracs_0.1__0.2__0.3__0.4__norm_false__sota_head_penalty__slam_0.2/lastfm/weighted_neumf/seed_4/baseline,baseline__rwmode_dominance__fracs_0.1__0.2__0.3__0.4__norm_false__sota_head_penalty__slam_0.2,head_penalty,0.2,0.0,0.1534,0.1658,0.2768,0.43838430295540964,0.0009023354564755839,0.0009238126290611128,0.16905977118705054,0.0625797963504066,0.08256812709157971,0.08256812709157971,0.12191226159425889,0.156223769688924,0.25162789827863025,,
lastfm__weighted_neumf__seed4__baseline__rwmode_dominance__fracs_0.1__0.2__0.3__0.4__norm_false__sota_xquad_pop__slam_0.2,lastfm,weighted_neumf,4,/home/oqiw47aj/oqiw47aj/CIKM2026/experiments/cikm2026_SOTA/rwmode_dominance__fracs_0.1__0.2__0.3__0.4__norm_false__sota_xquad_pop__slam_0.2/lastfm/weighted_neumf/seed_4/baseline,baseline__rwmode_dominance__fracs_0.1__0.2__0.3__0.4__norm_false__sota_xquad_pop__slam_0.2,xquad_pop,0.2,0.0,0.1534,0.1658,0.2768,0.43838430295540964,0.0009023354564755839,0.0009238126290611128,0.16905977118705054,0.0625797963504066,0.08256812709157971,0.08256812709157971,0.12191226159425889,0.156223769688924,0.25162789827863025,,
lastfm__weighted_neumf__seed4__baseline__rwmode_dominance__fracs_0.1__0.2__0.3__0.4__norm_false__sota_mmr_pop__slam_0.2,lastfm,weighted_neumf,4,/home/oqiw47aj/oqiw47aj/CIKM2026/experiments/cikm2026_SOTA/rwmode_dominance__fracs_0.1__0.2__0.3__0.4__norm_false__sota_mmr_pop__slam_0.2/lastfm/weighted_neumf/seed_4/baseline,baseline__rwmode_dominance__fracs_0.1__0.2__0.3__0.4__norm_false__sota_mmr_pop__slam_0.2,mmr_pop,0.2,0.0,0.1534,0.1658,0.2768,0.43838430295540964,0.0009023354564755839,0.0009238126290611128,0.16905977118705054,0.0625797963504066,0.08256812709157971,0.08256812709157971,0.12191226159425889,0.156223769688924,0.25162789827863025,,
lastfm__weighted_neumf__seed4__baseline__rwmode_dominance__fracs_0.1__0.2__0.3__0.4__norm_false__sota_calib_pop__slam_0.2,lastfm,weighted_neumf,4,/home/oqiw47aj/oqiw47aj/CIKM2026/experiments/cikm2026_SOTA/rwmode_dominance__fracs_0.1__0.2__0.3__0.4__norm_false__sota_calib_pop__slam_0.2/lastfm/weighted_neumf/seed_4/baseline,baseline__rwmode_dominance__fracs_0.1__0.2__0.3__0.4__norm_false__sota_calib_pop__slam_0.2,calib_pop,0.2,0.0,0.1534,0.1658,0.2768,0.43838430295540964,0.0009023354564755839,0.0009238126290611128,0.16905977118705054,0.0625797963504066,0.08256812709157971,0.08256812709157971,0.12191226159425889,0.156223769688924,0.25162789827863025,,
lastfm__weighted_neumf__seed5__baseline__rwmode_dominance__fracs_0.1__0.2__0.3__0.4__norm_false__sota_pop_inverse__slam_0.2,lastfm,weighted_neumf,5,/home/oqiw47aj/oqiw47aj/CIKM2026/experiments/cikm2026_SOTA/rwmode_dominance__fracs_0.1__0.2__0.3__0.4__norm_false__sota_pop_inverse__slam_0.2/lastfm/weighted_neumf/seed_5/baseline,baseline__rwmode_dominance__fracs_0.1__0.2__0.3__0.4__norm_false__sota_pop_inverse__slam_0.2,pop_inverse,0.2,0.0,0.1575,0.1652,0.2922,0.44172825199999566,0.0018577494692144374,0.0018890328151966976,0.20962895852083796,0.07914046404400472,0.07817179616248206,0.07817179616248206,0.11692770567308594,0.1458430116211652,0.28780075468332,,
lastfm__weighted_neumf__seed5__baseline__rwmode_dominance__fracs_0.1__0.2__0.3__0.4__norm_false__sota_head_penalty__slam_0.2,lastfm,weighted_neumf,5,/home/oqiw47aj/oqiw47aj/CIKM2026/experiments/cikm2026_SOTA/rwmode_dominance__fracs_0.1__0.2__0.3__0.4__norm_false__sota_head_penalty__slam_0.2/lastfm/weighted_neumf/seed_5/baseline,baseline__rwmode_dominance__fracs_0.1__0.2__0.3__0.4__norm_false__sota_head_penalty__slam_0.2,head_penalty,0.2,0.0,0.1575,0.1652,0.2922,0.44172825199999566,0.0018577494692144374,0.0018890328151966976,0.20962895852083796,0.07914046404400472,0.07817179616248206,0.07817179616248206,0.11692770567308594,0.1458430116211652,0.28780075468332,,
lastfm__weighted_neumf__seed5__baseline__rwmode_dominance__fracs_0.1__0.2__0.3__0.4__norm_false__sota_xquad_pop__slam_0.2,lastfm,weighted_neumf,5,/home/oqiw47aj/oqiw47aj/CIKM2026/experiments/cikm2026_SOTA/rwmode_dominance__fracs_0.1__0.2__0.3__0.4__norm_false__sota_xquad_pop__slam_0.2/lastfm/weighted_neumf/seed_5/baseline,baseline__rwmode_dominance__fracs_0.1__0.2__0.3__0.4__norm_false__sota_xquad_pop__slam_0.2,xquad_pop,0.2,0.0,0.1575,0.1652,0.2922,0.44172825199999566,0.0018577494692144374,0.0018890328151966976,0.20962895852083796,0.07914046404400472,0.07817179616248206,0.07817179616248206,0.11692770567308594,0.1458430116211652,0.28780075468332,,
lastfm__weighted_neumf__seed5__baseline__rwmode_dominance__fracs_0.1__0.2__0.3__0.4__norm_false__sota_mmr_pop__slam_0.2,lastfm,weighted_neumf,5,/home/oqiw47aj/oqiw47aj/CIKM2026/experiments/cikm2026_SOTA/rwmode_dominance__fracs_0.1__0.2__0.3__0.4__norm_false__sota_mmr_pop__slam_0.2/lastfm/weighted_neumf/seed_5/baseline,baseline__rwmode_dominance__fracs_0.1__0.2__0.3__0.4__norm_false__sota_mmr_pop__slam_0.2,mmr_pop,0.2,0.0,0.1575,0.1652,0.2922,0.44172825199999566,0.0018577494692144374,0.0018890328151966976,0.20962895852083796,0.07914046404400472,0.07817179616248206,0.07817179616248206,0.11692770567308594,0.1458430116211652,0.28780075468332,,
lastfm__weighted_neumf__seed5__baseline__rwmode_dominance__fracs_0.1__0.2__0.3__0.4__norm_false__sota_calib_pop__slam_0.2,lastfm,weighted_neumf,5,/home/oqiw47aj/oqiw47aj/CIKM2026/experiments/cikm2026_SOTA/rwmode_dominance__fracs_0.1__0.2__0.3__0.4__norm_false__sota_calib_pop__slam_0.2/lastfm/weighted_neumf/seed_5/baseline,baseline__rwmode_dominance__fracs_0.1__0.2__0.3__0.4__norm_false__sota_calib_pop__slam_0.2,calib_pop,0.2,0.0,0.1575,0.1652,0.2922,0.44172825199999566,0.0018577494692144374,0.0018890328151966976,0.20962895852083796,0.07914046404400472,0.07817179616248206,0.07817179616248206,0.11692770567308594,0.1458430116211652,0.28780075468332,,
lastfm__weighted_neumf__seed6__baseline__rwmode_dominance__fracs_0.1__0.2__0.3__0.4__norm_false__sota_pop_inverse__slam_0.2,lastfm,weighted_neumf,6,/home/oqiw47aj/oqiw47aj/CIKM2026/experiments/cikm2026_SOTA/rwmode_dominance__fracs_0.1__0.2__0.3__0.4__norm_false__sota_pop_inverse__slam_0.2/lastfm/weighted_neumf/seed_6/baseline,baseline__rwmode_dominance__fracs_0.1__0.2__0.3__0.4__norm_false__sota_pop_inverse__slam_0.2,pop_inverse,0.2,0.0,0.1614,0.1672,0.298,0.4431613730191039,0.0013800424628450105,0.0013992035302967194,0.21139839919269476,0.07865269116102153,0.07551085802234413,0.07551085802234413,0.1212106878464219,0.1604871864904841,0.2869092572150389,,
lastfm__weighted_neumf__seed6__baseline__rwmode_dominance__fracs_0.1__0.2__0.3__0.4__norm_false__sota_head_penalty__slam_0.2,lastfm,weighted_neumf,6,/home/oqiw47aj/oqiw47aj/CIKM2026/experiments/cikm2026_SOTA/rwmode_dominance__fracs_0.1__0.2__0.3__0.4__norm_false__sota_head_penalty__slam_0.2/lastfm/weighted_neumf/seed_6/baseline,baseline__rwmode_dominance__fracs_0.1__0.2__0.3__0.4__norm_false__sota_head_penalty__slam_0.2,head_penalty,0.2,0.0,0.1614,0.1672,0.298,0.4431613730191039,0.0013800424628450105,0.0013992035302967194,0.21139839919269476,0.07865269116102153,0.07551085802234413,0.07551085802234413,0.1212106878464219,0.1604871864904841,0.2869092572150389,,
lastfm__weighted_neumf__seed6__baseline__rwmode_dominance__fracs_0.1__0.2__0.3__0.4__norm_false__sota_xquad_pop__slam_0.2,lastfm,weighted_neumf,6,/home/oqiw47aj/oqiw47aj/CIKM2026/experiments/cikm2026_SOTA/rwmode_dominance__fracs_0.1__0.2__0.3__0.4__norm_false__sota_xquad_pop__slam_0.2/lastfm/weighted_neumf/seed_6/baseline,baseline__rwmode_dominance__fracs_0.1__0.2__0.3__0.4__norm_false__sota_xquad_pop__slam_0.2,xquad_pop,0.2,0.0,0.1614,0.1672,0.298,0.4431613730191039,0.0013800424628450105,0.0013992035302967194,0.21139839919269476,0.07865269116102153,0.07551085802234413,0.07551085802234413,0.1212106878464219,0.1604871864904841,0.2869092572150389,,
lastfm__weighted_neumf__seed6__baseline__rwmode_dominance__fracs_0.1__0.2__0.3__0.4__norm_false__sota_mmr_pop__slam_0.2,lastfm,weighted_neumf,6,/home/oqiw47aj/oqiw47aj/CIKM2026/experiments/cikm2026_SOTA/rwmode_dominance__fracs_0.1__0.2__0.3__0.4__norm_false__sota_mmr_pop__slam_0.2/lastfm/weighted_neumf/seed_6/baseline,baseline__rwmode_dominance__fracs_0.1__0.2__0.3__0.4__norm_false__sota_mmr_pop__slam_0.2,mmr_pop,0.2,0.0,0.1614,0.1672,0.298,0.4431613730191039,0.0013800424628450105,0.0013992035302967194,0.21139839919269476,0.07865269116102153,0.07551085802234413,0.07551085802234413,0.1212106878464219,0.1604871864904841,0.2869092572150389,,
lastfm__weighted_neumf__seed6__baseline__rwmode_dominance__fracs_0.1__0.2__0.3__0.4__norm_false__sota_calib_pop__slam_0.2,lastfm,weighted_neumf,6,/home/oqiw47aj/oqiw47aj/CIKM2026/experiments/cikm2026_SOTA/rwmode_dominance__fracs_0.1__0.2__0.3__0.4__norm_false__sota_calib_pop__slam_0.2/lastfm/weighted_neumf/seed_6/baseline,baseline__rwmode_dominance__fracs_0.1__0.2__0.3__0.4__norm_false__sota_calib_pop__slam_0.2,calib_pop,0.2,0.0,0.1614,0.1672,0.298,0.4431613730191039,0.0013800424628450105,0.0013992035302967194,0.21139839919269476,0.07865269116102153,0.07551085802234413,0.07551085802234413,0.1212106878464219,0.1604871864904841,0.2869092572150389,,
lastfm__weighted_neumf__seed7__baseline__rwmode_dominance__fracs_0.1__0.2__0.3__0.4__norm_false__sota_pop_inverse__slam_0.2,lastfm,weighted_neumf,7,/home/oqiw47aj/oqiw47aj/CIKM2026/experiments/cikm2026_SOTA/rwmode_dominance__fracs_0.1__0.2__0.3__0.4__norm_false__sota_pop_inverse__slam_0.2/lastfm/weighted_neumf/seed_7/baseline,baseline__rwmode_dominance__fracs_0.1__0.2__0.3__0.4__norm_false__sota_pop_inverse__slam_0.2,pop_inverse,0.2,0.0,0.1512,0.1612,0.2716,0.4393662562462802,0.0019639065817409766,0.002006616410866218,0.19569134718721198,0.07329366427899246,0.07048163365079785,0.07048163365079785,0.10975477459724373,0.15721995078900164,0.26617298083800983,,
lastfm__weighted_neumf__seed7__baseline__rwmode_dominance__fracs_0.1__0.2__0.3__0.4__norm_false__sota_head_penalty__slam_0.2,lastfm,weighted_neumf,7,/home/oqiw47aj/oqiw47aj/CIKM2026/experiments/cikm2026_SOTA/rwmode_dominance__fracs_0.1__0.2__0.3__0.4__norm_false__sota_head_penalty__slam_0.2/lastfm/weighted_neumf/seed_7/baseline,baseline__rwmode_dominance__fracs_0.1__0.2__0.3__0.4__norm_false__sota_head_penalty__slam_0.2,head_penalty,0.2,0.0,0.1512,0.1612,0.2716,0.4393662562462802,0.0019639065817409766,0.002006616410866218,0.19569134718721198,0.07329366427899246,0.07048163365079785,0.07048163365079785,0.10975477459724373,0.15721995078900164,0.26617298083800983,,
lastfm__weighted_neumf__seed7__baseline__rwmode_dominance__fracs_0.1__0.2__0.3__0.4__norm_false__sota_xquad_pop__slam_0.2,lastfm,weighted_neumf,7,/home/oqiw47aj/oqiw47aj/CIKM2026/experiments/cikm2026_SOTA/rwmode_dominance__fracs_0.1__0.2__0.3__0.4__norm_false__sota_xquad_pop__slam_0.2/lastfm/weighted_neumf/seed_7/baseline,baseline__rwmode_dominance__fracs_0.1__0.2__0.3__0.4__norm_false__sota_xquad_pop__slam_0.2,xquad_pop,0.2,0.0,0.1512,0.1612,0.2716,0.4393662562462802,0.0019639065817409766,0.002006616410866218,0.19569134718721198,0.07329366427899246,0.07048163365079785,0.07048163365079785,0.10975477459724373,0.15721995078900164,0.26617298083800983,,
lastfm__weighted_neumf__seed7__baseline__rwmode_dominance__fracs_0.1__0.2__0.3__0.4__norm_false__sota_mmr_pop__slam_0.2,lastfm,weighted_neumf,7,/home/oqiw47aj/oqiw47aj/CIKM2026/experiments/cikm2026_SOTA/rwmode_dominance__fracs_0.1__0.2__0.3__0.4__norm_false__sota_mmr_pop__slam_0.2/lastfm/weighted_neumf/seed_7/baseline,baseline__rwmode_dominance__fracs_0.1__0.2__0.3__0.4__norm_false__sota_mmr_pop__slam_0.2,mmr_pop,0.2,0.0,0.1512,0.1612,0.2716,0.4393662562462802,0.0019639065817409766,0.002006616410866218,0.19569134718721198,0.07329366427899246,0.07048163365079785,0.07048163365079785,0.10975477459724373,0.15721995078900164,0.26617298083800983,,
lastfm__weighted_neumf__seed7__baseline__rwmode_dominance__fracs_0.1__0.2__0.3__0.4__norm_false__sota_calib_pop__slam_0.2,lastfm,weighted_neumf,7,/home/oqiw47aj/oqiw47aj/CIKM2026/experiments/cikm2026_SOTA/rwmode_dominance__fracs_0.1__0.2__0.3__0.4__norm_false__sota_calib_pop__slam_0.2/lastfm/weighted_neumf/seed_7/baseline,baseline__rwmode_dominance__fracs_0.1__0.2__0.3__0.4__norm_false__sota_calib_pop__slam_0.2,calib_pop,0.2,0.0,0.1512,0.1612,0.2716,0.4393662562462802,0.0019639065817409766,0.002006616410866218,0.19569134718721198,0.07329366427899246,0.07048163365079785,0.07048163365079785,0.10975477459724373,0.15721995078900164,0.26617298083800983,,
lastfm__weighted_neumf__seed8__baseline__rwmode_dominance__fracs_0.1__0.2__0.3__0.4__norm_false__sota_pop_inverse__slam_0.2,lastfm,weighted_neumf,8,/home/oqiw47aj/oqiw47aj/CIKM2026/experiments/cikm2026_SOTA/rwmode_dominance__fracs_0.1__0.2__0.3__0.4__norm_false__sota_pop_inverse__slam_0.2/lastfm/weighted_neumf/seed_8/baseline,baseline__rwmode_dominance__fracs_0.1__0.2__0.3__0.4__norm_false__sota_pop_inverse__slam_0.2,pop_inverse,0.2,0.0,0.1501,0.1583,0.2805,0.44034820953715065,0.0019639065817409766,0.0020025979649254313,0.18690000642197296,0.07115096538271763,0.07745533623360623,0.07745533623360623,0.1063132289413063,0.1512387317176667,0.2643553426555792,,
lastfm__weighted_neumf__seed8__baseline__rwmode_dominance__fracs_0.1__0.2__0.3__0.4__norm_false__sota_head_penalty__slam_0.2,lastfm,weighted_neumf,8,/home/oqiw47aj/oqiw47aj/CIKM2026/experiments/cikm2026_SOTA/rwmode_dominance__fracs_0.1__0.2__0.3__0.4__norm_false__sota_head_penalty__slam_0.2/lastfm/weighted_neumf/seed_8/baseline,baseline__rwmode_dominance__fracs_0.1__0.2__0.3__0.4__norm_false__sota_head_penalty__slam_0.2,head_penalty,0.2,0.0,0.1501,0.1583,0.2805,0.44034820953715065,0.0019639065817409766,0.0020025979649254313,0.18690000642197296,0.07115096538271763,0.07745533623360623,0.07745533623360623,0.1063132289413063,0.1512387317176667,0.2643553426555792,,
lastfm__weighted_neumf__seed8__baseline__rwmode_dominance__fracs_0.1__0.2__0.3__0.4__norm_false__sota_xquad_pop__slam_0.2,lastfm,weighted_neumf,8,/home/oqiw47aj/oqiw47aj/CIKM2026/experiments/cikm2026_SOTA/rwmode_dominance__fracs_0.1__0.2__0.3__0.4__norm_false__sota_xquad_pop__slam_0.2/lastfm/weighted_neumf/seed_8/baseline,baseline__rwmode_dominance__fracs_0.1__0.2__0.3__0.4__norm_false__sota_xquad_pop__slam_0.2,xquad_pop,0.2,0.0,0.1501,0.1583,0.2805,0.44034820953715065,0.0019639065817409766,0.0020025979649254313,0.18690000642197296,0.07115096538271763,0.07745533623360623,0.07745533623360623,0.1063132289413063,0.1512387317176667,0.2643553426555792,,
lastfm__weighted_neumf__seed8__baseline__rwmode_dominance__fracs_0.1__0.2__0.3__0.4__norm_false__sota_mmr_pop__slam_0.2,lastfm,weighted_neumf,8,/home/oqiw47aj/oqiw47aj/CIKM2026/experiments/cikm2026_SOTA/rwmode_dominance__fracs_0.1__0.2__0.3__0.4__norm_false__sota_mmr_pop__slam_0.2/lastfm/weighted_neumf/seed_8/baseline,baseline__rwmode_dominance__fracs_0.1__0.2__0.3__0.4__norm_false__sota_mmr_pop__slam_0.2,mmr_pop,0.2,0.0,0.1501,0.1583,0.2805,0.44034820953715065,0.0019639065817409766,0.0020025979649254313,0.18690000642197296,0.07115096538271763,0.07745533623360623,0.07745533623360623,0.1063132289413063,0.1512387317176667,0.2643553426555792,,
lastfm__weighted_neumf__seed8__baseline__rwmode_dominance__fracs_0.1__0.2__0.3__0.4__norm_false__sota_calib_pop__slam_0.2,lastfm,weighted_neumf,8,/home/oqiw47aj/oqiw47aj/CIKM2026/experiments/cikm2026_SOTA/rwmode_dominance__fracs_0.1__0.2__0.3__0.4__norm_false__sota_calib_pop__slam_0.2/lastfm/weighted_neumf/seed_8/baseline,baseline__rwmode_dominance__fracs_0.1__0.2__0.3__0.4__norm_false__sota_calib_pop__slam_0.2,calib_pop,0.2,0.0,0.1501,0.1583,0.2805,0.44034820953715065,0.0019639065817409766,0.0020025979649254313,0.18690000642197296,0.07115096538271763,0.07745533623360623,0.07745533623360623,0.1063132289413063,0.1512387317176667,0.2643553426555792,,
lastfm__weighted_neumf__seed9__baseline__rwmode_dominance__fracs_0.1__0.2__0.3__0.4__norm_false__sota_pop_inverse__slam_0.2,lastfm,weighted_neumf,9,/home/oqiw47aj/oqiw47aj/CIKM2026/experiments/cikm2026_SOTA/rwmode_dominance__fracs_0.1__0.2__0.3__0.4__norm_false__sota_pop_inverse__slam_0.2/lastfm/weighted_neumf/seed_9/baseline,baseline__rwmode_dominance__fracs_0.1__0.2__0.3__0.4__norm_false__sota_pop_inverse__slam_0.2,pop_inverse,0.2,0.0,0.159,0.1673,0.2901,0.4429755980721825,0.0,0.0,0.21372587349534558,0.08175281677302391,0.0799641824988788,0.0799641824988788,0.11150533383342418,0.14947403482168234,0.2936900559942244,,
lastfm__weighted_neumf__seed9__baseline__rwmode_dominance__fracs_0.1__0.2__0.3__0.4__norm_false__sota_head_penalty__slam_0.2,lastfm,weighted_neumf,9,/home/oqiw47aj/oqiw47aj/CIKM2026/experiments/cikm2026_SOTA/rwmode_dominance__fracs_0.1__0.2__0.3__0.4__norm_false__sota_head_penalty__slam_0.2/lastfm/weighted_neumf/seed_9/baseline,baseline__rwmode_dominance__fracs_0.1__0.2__0.3__0.4__norm_false__sota_head_penalty__slam_0.2,head_penalty,0.2,0.0,0.159,0.1673,0.2901,0.4429755980721825,0.0,0.0,0.21372587349534558,0.08175281677302391,0.0799641824988788,0.0799641824988788,0.11150533383342418,0.14947403482168234,0.2936900559942244,,
lastfm__weighted_neumf__seed9__baseline__rwmode_dominance__fracs_0.1__0.2__0.3__0.4__norm_false__sota_xquad_pop__slam_0.2,lastfm,weighted_neumf,9,/home/oqiw47aj/oqiw47aj/CIKM2026/experiments/cikm2026_SOTA/rwmode_dominance__fracs_0.1__0.2__0.3__0.4__norm_false__sota_xquad_pop__slam_0.2/lastfm/weighted_neumf/seed_9/baseline,baseline__rwmode_dominance__fracs_0.1__0.2__0.3__0.4__norm_false__sota_xquad_pop__slam_0.2,xquad_pop,0.2,0.0,0.159,0.1673,0.2901,0.4429755980721825,0.0,0.0,0.21372587349534558,0.08175281677302391,0.0799641824988788,0.0799641824988788,0.11150533383342418,0.14947403482168234,0.2936900559942244,,
lastfm__weighted_neumf__seed9__baseline__rwmode_dominance__fracs_0.1__0.2__0.3__0.4__norm_false__sota_mmr_pop__slam_0.2,lastfm,weighted_neumf,9,/home/oqiw47aj/oqiw47aj/CIKM2026/experiments/cikm2026_SOTA/rwmode_dominance__fracs_0.1__0.2__0.3__0.4__norm_false__sota_mmr_pop__slam_0.2/lastfm/weighted_neumf/seed_9/baseline,baseline__rwmode_dominance__fracs_0.1__0.2__0.3__0.4__norm_false__sota_mmr_pop__slam_0.2,mmr_pop,0.2,0.0,0.159,0.1673,0.2901,0.4429755980721825,0.0,0.0,0.21372587349534558,0.08175281677302391,0.0799641824988788,0.0799641824988788,0.11150533383342418,0.14947403482168234,0.2936900559942244,,
lastfm__weighted_neumf__seed9__baseline__rwmode_dominance__fracs_0.1__0.2__0.3__0.4__norm_false__sota_calib_pop__slam_0.2,lastfm,weighted_neumf,9,/home/oqiw47aj/oqiw47aj/CIKM2026/experiments/cikm2026_SOTA/rwmode_dominance__fracs_0.1__0.2__0.3__0.4__norm_false__sota_calib_pop__slam_0.2/lastfm/weighted_neumf/seed_9/baseline,baseline__rwmode_dominance__fracs_0.1__0.2__0.3__0.4__norm_false__sota_calib_pop__slam_0.2,calib_pop,0.2,0.0,0.159,0.1673,0.2901,0.4429755980721825,0.0,0.0,0.21372587349534558,0.08175281677302391,0.0799641824988788,0.0799641824988788,0.11150533383342418,0.14947403482168234,0.2936900559942244,,
lastfm__weighted_ngcf__seed0__baseline__rwmode_dominance__fracs_0.1__0.2__0.3__0.4__norm_false__sota_pop_inverse__slam_0.2,lastfm,weighted_ngcf,0,/home/oqiw47aj/oqiw47aj/CIKM2026/experiments/cikm2026_SOTA/rwmode_dominance__fracs_0.1__0.2__0.3__0.4__norm_false__sota_pop_inverse__slam_0.2/lastfm/weighted_ngcf/seed_0/baseline,baseline__rwmode_dominance__fracs_0.1__0.2__0.3__0.4__norm_false__sota_pop_inverse__slam_0.2,pop_inverse,0.2,0.0,0.1617,0.1681,0.2972,0.4225403539108237,0.009554140127388535,0.010109519797798908,0.21964566585234402,0.08376511192799786,0.0748559863064212,0.0748559863064212,0.1086696784087642,0.17045841238139406,0.2945016521587652,,
lastfm__weighted_ngcf__seed0__baseline__rwmode_dominance__fracs_0.1__0.2__0.3__0.4__norm_false__sota_head_penalty__slam_0.2,lastfm,weighted_ngcf,0,/home/oqiw47aj/oqiw47aj/CIKM2026/experiments/cikm2026_SOTA/rwmode_dominance__fracs_0.1__0.2__0.3__0.4__norm_false__sota_head_penalty__slam_0.2/lastfm/weighted_ngcf/seed_0/baseline,baseline__rwmode_dominance__fracs_0.1__0.2__0.3__0.4__norm_false__sota_head_penalty__slam_0.2,head_penalty,0.2,0.0,0.162,0.1685,0.2977,0.4229384430827982,0.008970276008492569,0.009483726150382791,0.22019357642939935,0.08408151094328019,0.07440303987770684,0.07440303987770684,0.10768274355770716,0.17057241672263804,0.2945966163071062,,
lastfm__weighted_ngcf__seed0__baseline__rwmode_dominance__fracs_0.1__0.2__0.3__0.4__norm_false__sota_xquad_pop__slam_0.2,lastfm,weighted_ngcf,0,/home/oqiw47aj/oqiw47aj/CIKM2026/experiments/cikm2026_SOTA/rwmode_dominance__fracs_0.1__0.2__0.3__0.4__norm_false__sota_xquad_pop__slam_0.2/lastfm/weighted_ngcf/seed_0/baseline,baseline__rwmode_dominance__fracs_0.1__0.2__0.3__0.4__norm_false__sota_xquad_pop__slam_0.2,xquad_pop,0.2,0.0,0.162,0.1689,0.2974,0.4226995895796135,0.009660297239915074,0.010218404356847312,0.22070845688624505,0.08413395707330966,0.07384117330006998,0.07384117330006998,0.1080837291413805,0.17013786462547528,0.294549630186315,,
lastfm__weighted_ngcf__seed0__baseline__rwmode_dominance__fracs_0.1__0.2__0.3__0.4__norm_false__sota_mmr_pop__slam_0.2,lastfm,weighted_ngcf,0,/home/oqiw47aj/oqiw47aj/CIKM2026/experiments/cikm2026_SOTA/rwmode_dominance__fracs_0.1__0.2__0.3__0.4__norm_false__sota_mmr_pop__slam_0.2/lastfm/weighted_ngcf/seed_0/baseline,baseline__rwmode_dominance__fracs_0.1__0.2__0.3__0.4__norm_false__sota_mmr_pop__slam_0.2,mmr_pop,0.2,0.0,0.1616,0.168,0.2972,0.4225403539108237,0.009925690021231422,0.01050266778993553,0.21925930614772648,0.08365825707052538,0.07465074059362174,0.07465074059362174,0.10799116736750299,0.16901356050066307,0.29391004674134824,,
lastfm__weighted_ngcf__seed0__baseline__rwmode_dominance__fracs_0.1__0.2__0.3__0.4__norm_false__sota_calib_pop__slam_0.2,lastfm,weighted_ngcf,0,/home/oqiw47aj/oqiw47aj/CIKM2026/experiments/cikm2026_SOTA/rwmode_dominance__fracs_0.1__0.2__0.3__0.4__norm_false__sota_calib_pop__slam_0.2/lastfm/weighted_ngcf/seed_0/baseline,baseline__rwmode_dominance__fracs_0.1__0.2__0.3__0.4__norm_false__sota_calib_pop__slam_0.2,calib_pop,0.2,0.0,0.1611,0.168,0.2955,0.42272612885774513,0.009394904458598726,0.009937121041983651,0.21906339460524374,0.08349919229245342,0.07441979750669422,0.07441979750669422,0.10856097512283606,0.17064905097188487,0.29348319211193796,,
lastfm__weighted_ngcf__seed1__baseline__rwmode_dominance__fracs_0.1__0.2__0.3__0.4__norm_false__sota_pop_inverse__slam_0.2,lastfm,weighted_ngcf,1,/home/oqiw47aj/oqiw47aj/CIKM2026/experiments/cikm2026_SOTA/rwmode_dominance__fracs_0.1__0.2__0.3__0.4__norm_false__sota_pop_inverse__slam_0.2/lastfm/weighted_ngcf/seed_1/baseline,baseline__rwmode_dominance__fracs_0.1__0.2__0.3__0.4__norm_false__sota_pop_inverse__slam_0.2,pop_inverse,0.2,0.0,0.156,0.1662,0.2844,0.4250350460551974,0.009023354564755838,0.00949773730374999,0.19040442651422193,0.07231556984337298,0.08377345598360922,0.08377345598360922,0.11512371995348537,0.14781267604190548,0.27417788249783115,,
lastfm__weighted_ngcf__seed1__baseline__rwmode_dominance__fracs_0.1__0.2__0.3__0.4__norm_false__sota_head_penalty__slam_0.2,lastfm,weighted_ngcf,1,/home/oqiw47aj/oqiw47aj/CIKM2026/experiments/cikm2026_SOTA/rwmode_dominance__fracs_0.1__0.2__0.3__0.4__norm_false__sota_head_penalty__slam_0.2/lastfm/weighted_ngcf/seed_1/baseline,baseline__rwmode_dominance__fracs_0.1__0.2__0.3__0.4__norm_false__sota_head_penalty__slam_0.2,head_penalty,0.2,0.0,0.1562,0.1656,0.2865,0.42463695688322284,0.009394904458598726,0.009897114739421469,0.19114127699165892,0.07246888601217881,0.0822649018942033,0.0822649018942033,0.11451581198186096,0.14730993831279057,0.2734061788858622,,
lastfm__weighted_ngcf__seed1__baseline__rwmode_dominance__fracs_0.1__0.2__0.3__0.4__norm_false__sota_xquad_pop__slam_0.2,lastfm,weighted_ngcf,1,/home/oqiw47aj/oqiw47aj/CIKM2026/experiments/cikm2026_SOTA/rwmode_dominance__fracs_0.1__0.2__0.3__0.4__norm_false__sota_xquad_pop__slam_0.2/lastfm/weighted_ngcf/seed_1/baseline,baseline__rwmode_dominance__fracs_0.1__0.2__0.3__0.4__norm_false__sota_xquad_pop__slam_0.2,xquad_pop,0.2,0.0,0.1556,0.1649,0.2853,0.4248227318301443,0.01024416135881104,0.010787546811234517,0.1903837689576172,0.0723021512882042,0.08316135912123038,0.08316135912123038,0.11447688852448688,0.14758914852441032,0.27354512807884757,,
lastfm__weighted_ngcf__seed1__baseline__rwmode_dominance__fracs_0.1__0.2__0.3__0.4__norm_false__sota_mmr_pop__slam_0.2,lastfm,weighted_ngcf,1,/home/oqiw47aj/oqiw47aj/CIKM2026/experiments/cikm2026_SOTA/rwmode_dominance__fracs_0.1__0.2__0.3__0.4__norm_false__sota_mmr_pop__slam_0.2/lastfm/weighted_ngcf/seed_1/baseline,baseline__rwmode_dominance__fracs_0.1__0.2__0.3__0.4__norm_false__sota_mmr_pop__slam_0.2,mmr_pop,0.2,0.0,0.1563,0.1657,0.2861,0.4244511819363014,0.009501061571125265,0.010012865693338443,0.18971912318668316,0.07206304679362796,0.0838193881383477,0.0838193881383477,0.11511601784248322,0.14702482204669795,0.2735385113250309,,
lastfm__weighted_ngcf__seed1__baseline__rwmode_dominance__fracs_0.1__0.2__0.3__0.4__norm_false__sota_calib_pop__slam_0.2,lastfm,weighted_ngcf,1,/home/oqiw47aj/oqiw47aj/CIKM2026/experiments/cikm2026_SOTA/rwmode_dominance__fracs_0.1__0.2__0.3__0.4__norm_false__sota_calib_pop__slam_0.2/lastfm/weighted_ngcf/seed_1/baseline,baseline__rwmode_dominance__fracs_0.1__0.2__0.3__0.4__norm_false__sota_calib_pop__slam_0.2,calib_pop,0.2,0.0,0.1561,0.1659,0.2854,0.4247431139957494,0.009076433121019108,0.009559481216447892,0.19005076467300197,0.0721041573658663,0.08354484404886699,0.08354484404886699,0.11540312163375312,0.14742584822917124,0.27359560872186894,,
lastfm__weighted_ngcf__seed2__baseline__rwmode_dominance__fracs_0.1__0.2__0.3__0.4__norm_false__sota_pop_inverse__slam_0.2,lastfm,weighted_ngcf,2,/home/oqiw47aj/oqiw47aj/CIKM2026/experiments/cikm2026_SOTA/rwmode_dominance__fracs_0.1__0.2__0.3__0.4__norm_false__sota_pop_inverse__slam_0.2/lastfm/weighted_ngcf/seed_2/baseline,baseline__rwmode_dominance__fracs_0.1__0.2__0.3__0.4__norm_false__sota_pop_inverse__slam_0.2,pop_inverse,0.2,0.0,0.1573,0.1628,0.2925,0.4242654069893799,0.011411889596602972,0.012031337437032642,0.19713123036990665,0.07582526329943452,0.08519753642161941,0.08519753642161941,0.11131184041069671,0.1500866407456468,0.2823287667915261,,
lastfm__weighted_ngcf__seed2__baseline__rwmode_dominance__fracs_0.1__0.2__0.3__0.4__norm_false__sota_head_penalty__slam_0.2,lastfm,weighted_ngcf,2,/home/oqiw47aj/oqiw47aj/CIKM2026/experiments/cikm2026_SOTA/rwmode_dominance__fracs_0.1__0.2__0.3__0.4__norm_false__sota_head_penalty__slam_0.2/lastfm/weighted_ngcf/seed_2/baseline,baseline__rwmode_dominance__fracs_0.1__0.2__0.3__0.4__norm_false__sota_head_penalty__slam_0.2,head_penalty,0.2,0.0,0.1574,0.1622,0.2936,0.4240265534861952,0.010987261146496815,0.011589496668707332,0.19738575295121752,0.07624012247141221,0.08566443643722703,0.08566443643722703,0.11004533543722549,0.14874574156181986,0.28305018938844456,,
lastfm__weighted_ngcf__seed2__baseline__rwmode_dominance__fracs_0.1__0.2__0.3__0.4__norm_false__sota_xquad_pop__slam_0.2,lastfm,weighted_ngcf,2,/home/oqiw47aj/oqiw47aj/CIKM2026/experiments/cikm2026_SOTA/rwmode_dominance__fracs_0.1__0.2__0.3__0.4__norm_false__sota_xquad_pop__slam_0.2/lastfm/weighted_ngcf/seed_2/baseline,baseline__rwmode_dominance__fracs_0.1__0.2__0.3__0.4__norm_false__sota_xquad_pop__slam_0.2,xquad_pop,0.2,0.0,0.1569,0.1618,0.2921,0.42405309276432684,0.010987261146496815,0.011588847833377094,0.19633095865694566,0.07576148208586352,0.08561998512142122,0.08561998512142122,0.11013234126354574,0.1495897838122377,0.2819509437783669,,
lastfm__weighted_ngcf__seed2__baseline__rwmode_dominance__fracs_0.1__0.2__0.3__0.4__norm_false__sota_mmr_pop__slam_0.2,lastfm,weighted_ngcf,2,/home/oqiw47aj/oqiw47aj/CIKM2026/experiments/cikm2026_SOTA/rwmode_dominance__fracs_0.1__0.2__0.3__0.4__norm_false__sota_mmr_pop__slam_0.2/lastfm/weighted_ngcf/seed_2/baseline,baseline__rwmode_dominance__fracs_0.1__0.2__0.3__0.4__norm_false__sota_mmr_pop__slam_0.2,mmr_pop,0.2,0.0,0.1572,0.1626,0.2919,0.42389385709553706,0.01167728237791932,0.01232078853045295,0.19366003101152374,0.07507247162676373,0.0874513808799424,0.0874513808799424,0.10940724092896284,0.15084010027078495,0.28111141189146616,,
lastfm__weighted_ngcf__seed2__baseline__rwmode_dominance__fracs_0.1__0.2__0.3__0.4__norm_false__sota_calib_pop__slam_0.2,lastfm,weighted_ngcf,2,/home/oqiw47aj/oqiw47aj/CIKM2026/experiments/cikm2026_SOTA/rwmode_dominance__fracs_0.1__0.2__0.3__0.4__norm_false__sota_calib_pop__slam_0.2/lastfm/weighted_ngcf/seed_2/baseline,baseline__rwmode_dominance__fracs_0.1__0.2__0.3__0.4__norm_false__sota_calib_pop__slam_0.2,calib_pop,0.2,0.0,0.1573,0.1619,0.2936,0.4239469356518003,0.011358811040339702,0.01198342479559717,0.19553001174855356,0.07560444657749035,0.08628945846869869,0.08628945846869869,0.10963759924739878,0.1505906353736998,0.28181947021725223,,
lastfm__weighted_ngcf__seed3__baseline__rwmode_dominance__fracs_0.1__0.2__0.3__0.4__norm_false__sota_pop_inverse__slam_0.2,lastfm,weighted_ngcf,3,/home/oqiw47aj/oqiw47aj/CIKM2026/experiments/cikm2026_SOTA/rwmode_dominance__fracs_0.1__0.2__0.3__0.4__norm_false__sota_pop_inverse__slam_0.2/lastfm/weighted_ngcf/seed_3/baseline,baseline__rwmode_dominance__fracs_0.1__0.2__0.3__0.4__norm_false__sota_pop_inverse__slam_0.2,pop_inverse,0.2,0.0,0.1654,0.1715,0.3052,0.4260700779023311,0.013906581740976646,0.014605864644872608,0.20799244432026703,0.07801822835278732,0.08348321386131002,0.08348321386131002,0.12390976316525812,0.1607664417497675,0.29147565818157706,,
lastfm__weighted_ngcf__seed3__baseline__rwmode_dominance__fracs_0.1__0.2__0.3__0.4__norm_false__sota_head_penalty__slam_0.2,lastfm,weighted_ngcf,3,/home/oqiw47aj/oqiw47aj/CIKM2026/experiments/cikm2026_SOTA/rwmode_dominance__fracs_0.1__0.2__0.3__0.4__norm_false__sota_head_penalty__slam_0.2/lastfm/weighted_ngcf/seed_3/baseline,baseline__rwmode_dominance__fracs_0.1__0.2__0.3__0.4__norm_false__sota_head_penalty__slam_0.2,head_penalty,0.2,0.0,0.1652,0.1701,0.3066,0.4263620099617791,0.014596602972399151,0.015321187809889763,0.2091907331702978,0.07839477068124656,0.08243398214464281,0.08243398214464281,0.1236544793080405,0.16013133502442065,0.2916247153149406,,
lastfm__weighted_ngcf__seed3__baseline__rwmode_dominance__fracs_0.1__0.2__0.3__0.4__norm_false__sota_xquad_pop__slam_0.2,lastfm,weighted_ngcf,3,/home/oqiw47aj/oqiw47aj/CIKM2026/experiments/cikm2026_SOTA/rwmode_dominance__fracs_0.1__0.2__0.3__0.4__norm_false__sota_xquad_pop__slam_0.2/lastfm/weighted_ngcf/seed_3/baseline,baseline__rwmode_dominance__fracs_0.1__0.2__0.3__0.4__norm_false__sota_xquad_pop__slam_0.2,xquad_pop,0.2,0.0,0.1654,0.1708,0.3062,0.4261231564585944,0.01342887473460722,0.014102564102549293,0.20789806841384942,0.07797572966272709,0.0831276862042771,0.0831276862042771,0.1236524954574372,0.15979263443138195,0.2910257546181265,,
lastfm__weighted_ngcf__seed3__baseline__rwmode_dominance__fracs_0.1__0.2__0.3__0.4__norm_false__sota_mmr_pop__slam_0.2,lastfm,weighted_ngcf,3,/home/oqiw47aj/oqiw47aj/CIKM2026/experiments/cikm2026_SOTA/rwmode_dominance__fracs_0.1__0.2__0.3__0.4__norm_false__sota_mmr_pop__slam_0.2/lastfm/weighted_ngcf/seed_3/baseline,baseline__rwmode_dominance__fracs_0.1__0.2__0.3__0.4__norm_false__sota_mmr_pop__slam_0.2,mmr_pop,0.2,0.0,0.1652,0.1703,0.3062,0.42625585284925255,0.014331210191082803,0.015045973808844612,0.20888462253916368,0.07840145971528115,0.08384142326462714,0.08384142326462714,0.12416978753571785,0.16054961283442726,0.2927260458037908,,
lastfm__weighted_ngcf__seed3__baseline__rwmode_dominance__fracs_0.1__0.2__0.3__0.4__norm_false__sota_calib_pop__slam_0.2,lastfm,weighted_ngcf,3,/home/oqiw47aj/oqiw47aj/CIKM2026/experiments/cikm2026_SOTA/rwmode_dominance__fracs_0.1__0.2__0.3__0.4__norm_false__sota_calib_pop__slam_0.2/lastfm/weighted_ngcf/seed_3/baseline,baseline__rwmode_dominance__fracs_0.1__0.2__0.3__0.4__norm_false__sota_calib_pop__slam_0.2,calib_pop,0.2,0.0,0.166,0.1712,0.3054,0.4265212456305689,0.014118895966029724,0.01481481481479927,0.20760469688269922,0.07766370218282133,0.08469071956877357,0.08469071956877357,0.12648770403334683,0.16356044400483963,0.2922954164514728,,
lastfm__weighted_ngcf__seed4__baseline__rwmode_dominance__fracs_0.1__0.2__0.3__0.4__norm_false__sota_pop_inverse__slam_0.2,lastfm,weighted_ngcf,4,/home/oqiw47aj/oqiw47aj/CIKM2026/experiments/cikm2026_SOTA/rwmode_dominance__fracs_0.1__0.2__0.3__0.4__norm_false__sota_pop_inverse__slam_0.2/lastfm/weighted_ngcf/seed_4/baseline,baseline__rwmode_dominance__fracs_0.1__0.2__0.3__0.4__norm_false__sota_pop_inverse__slam_0.2,pop_inverse,0.2,0.0,0.1562,0.1594,0.2992,0.4229119038046666,0.015498938428874735,0.01638700263761666,0.18655507838973318,0.06985455106666323,0.08118321936797235,0.08118321936797235,0.11843671769142793,0.16153324901895497,0.2677382977577055,,
lastfm__weighted_ngcf__seed4__baseline__rwmode_dominance__fracs_0.1__0.2__0.3__0.4__norm_false__sota_head_penalty__slam_0.2,lastfm,weighted_ngcf,4,/home/oqiw47aj/oqiw47aj/CIKM2026/experiments/cikm2026_SOTA/rwmode_dominance__fracs_0.1__0.2__0.3__0.4__norm_false__sota_head_penalty__slam_0.2/lastfm/weighted_ngcf/seed_4/baseline,baseline__rwmode_dominance__fracs_0.1__0.2__0.3__0.4__norm_false__sota_head_penalty__slam_0.2,head_penalty,0.2,0.0,0.1558,0.1589,0.2983,0.42307113947345637,0.014968152866242038,0.0158204768583283,0.18788261831796133,0.07027038987820182,0.07994712776673547,0.07994712776673547,0.11812586467471291,0.1614971839966513,0.2678297460846968,,
lastfm__weighted_ngcf__seed4__baseline__rwmode_dominance__fracs_0.1__0.2__0.3__0.4__norm_false__sota_xquad_pop__slam_0.2,lastfm,weighted_ngcf,4,/home/oqiw47aj/oqiw47aj/CIKM2026/experiments/cikm2026_SOTA/rwmode_dominance__fracs_0.1__0.2__0.3__0.4__norm_false__sota_xquad_pop__slam_0.2/lastfm/weighted_ngcf/seed_4/baseline,baseline__rwmode_dominance__fracs_0.1__0.2__0.3__0.4__norm_false__sota_xquad_pop__slam_0.2,xquad_pop,0.2,0.0,0.1555,0.1595,0.2962,0.4227792074140084,0.015233545647558386,0.01611092399234852,0.18506482524812018,0.06924713762357226,0.08183921866242483,0.08183921866242483,0.1190317443058176,0.1603220887249271,0.266904043910545,,
lastfm__weighted_ngcf__seed4__baseline__rwmode_dominance__fracs_0.1__0.2__0.3__0.4__norm_false__sota_mmr_pop__slam_0.2,lastfm,weighted_ngcf,4,/home/oqiw47aj/oqiw47aj/CIKM2026/experiments/cikm2026_SOTA/rwmode_dominance__fracs_0.1__0.2__0.3__0.4__norm_false__sota_mmr_pop__slam_0.2/lastfm/weighted_ngcf/seed_4/baseline,baseline__rwmode_dominance__fracs_0.1__0.2__0.3__0.4__norm_false__sota_mmr_pop__slam_0.2,mmr_pop,0.2,0.0,0.156,0.1602,0.297,0.423097678751588,0.01470276008492569,0.015539100190716216,0.18657282402601505,0.0696203894611228,0.08019612933953409,0.08019612933953409,0.11928272154633697,0.16117458478546373,0.2667689533655491,,
lastfm__weighted_ngcf__seed4__baseline__rwmode_dominance__fracs_0.1__0.2__0.3__0.4__norm_false__sota_calib_pop__slam_0.2,lastfm,weighted_ngcf,4,/home/oqiw47aj/oqiw47aj/CIKM2026/experiments/cikm2026_SOTA/rwmode_dominance__fracs_0.1__0.2__0.3__0.4__norm_false__sota_calib_pop__slam_0.2/lastfm/weighted_ngcf/seed_4/baseline,baseline__rwmode_dominance__fracs_0.1__0.2__0.3__0.4__norm_false__sota_calib_pop__slam_0.2,calib_pop,0.2,0.0,0.1556,0.1592,0.297,0.42299152163906145,0.01464968152866242,0.015486477387482227,0.1871112401270211,0.06996170027413567,0.0792042232820355,0.0792042232820355,0.11742895451720263,0.16087315316778497,0.2663154634090566,,
lastfm__weighted_ngcf__seed5__baseline__rwmode_dominance__fracs_0.1__0.2__0.3__0.4__norm_false__sota_pop_inverse__slam_0.2,lastfm,weighted_ngcf,5,/home/oqiw47aj/oqiw47aj/CIKM2026/experiments/cikm2026_SOTA/rwmode_dominance__fracs_0.1__0.2__0.3__0.4__norm_false__sota_pop_inverse__slam_0.2/lastfm/weighted_ngcf/seed_5/baseline,baseline__rwmode_dominance__fracs_0.1__0.2__0.3__0.4__norm_false__sota_pop_inverse__slam_0.2,pop_inverse,0.2,0.0,0.1626,0.1703,0.3035,0.42418578915498506,0.012473460721868366,0.013152739687678525,0.2058763177717958,0.07704849329026021,0.08125845353822322,0.08125845353822322,0.12231008404290833,0.1632915245509525,0.287134771310019,,
lastfm__weighted_ngcf__seed5__baseline__rwmode_dominance__fracs_0.1__0.2__0.3__0.4__norm_false__sota_head_penalty__slam_0.2,lastfm,weighted_ngcf,5,/home/oqiw47aj/oqiw47aj/CIKM2026/experiments/cikm2026_SOTA/rwmode_dominance__fracs_0.1__0.2__0.3__0.4__norm_false__sota_head_penalty__slam_0.2/lastfm/weighted_ngcf/seed_5/baseline,baseline__rwmode_dominance__fracs_0.1__0.2__0.3__0.4__norm_false__sota_head_penalty__slam_0.2,head_penalty,0.2,0.0,0.1629,0.1707,0.3037,0.42439810338003814,0.012632696390658175,0.013314685314671282,0.2067737028670175,0.07724014209726661,0.07949472827540496,0.07949472827540496,0.12182742167149704,0.16389773669176058,0.28626843114242245,,
lastfm__weighted_ngcf__seed5__baseline__rwmode_dominance__fracs_0.1__0.2__0.3__0.4__norm_false__sota_xquad_pop__slam_0.2,lastfm,weighted_ngcf,5,/home/oqiw47aj/oqiw47aj/CIKM2026/experiments/cikm2026_SOTA/rwmode_dominance__fracs_0.1__0.2__0.3__0.4__norm_false__sota_xquad_pop__slam_0.2/lastfm/weighted_ngcf/seed_5/baseline,baseline__rwmode_dominance__fracs_0.1__0.2__0.3__0.4__norm_false__sota_xquad_pop__slam_0.2,xquad_pop,0.2,0.0,0.163,0.1707,0.304,0.42434502482377484,0.012738853503184714,0.013428075868614504,0.20661734602721388,0.07710437375562917,0.07869978010881783,0.07869978010881783,0.12160859507401361,0.16383432831484182,0.2853171261360317,,
lastfm__weighted_ngcf__seed5__baseline__rwmode_dominance__fracs_0.1__0.2__0.3__0.4__norm_false__sota_mmr_pop__slam_0.2,lastfm,weighted_ngcf,5,/home/oqiw47aj/oqiw47aj/CIKM2026/experiments/cikm2026_SOTA/rwmode_dominance__fracs_0.1__0.2__0.3__0.4__norm_false__sota_mmr_pop__slam_0.2/lastfm/weighted_ngcf/seed_5/baseline,baseline__rwmode_dominance__fracs_0.1__0.2__0.3__0.4__norm_false__sota_mmr_pop__slam_0.2,mmr_pop,0.2,0.0,0.1623,0.1702,0.3019,0.42458387832695954,0.013004246284501062,0.013700928307781116,0.20524976896177527,0.07673943471667082,0.08038735886174543,0.08038735886174543,0.12187776126478052,0.16337609237216036,0.2856371278235207,,
lastfm__weighted_ngcf__seed5__baseline__rwmode_dominance__fracs_0.1__0.2__0.3__0.4__norm_false__sota_calib_pop__slam_0.2,lastfm,weighted_ngcf,5,/home/oqiw47aj/oqiw47aj/CIKM2026/experiments/cikm2026_SOTA/rwmode_dominance__fracs_0.1__0.2__0.3__0.4__norm_false__sota_calib_pop__slam_0.2/lastfm/weighted_ngcf/seed_5/baseline,baseline__rwmode_dominance__fracs_0.1__0.2__0.3__0.4__norm_false__sota_calib_pop__slam_0.2,calib_pop,0.2,0.0,0.1624,0.17,0.3024,0.42434502482377484,0.012579617834394905,0.013260224920256823,0.20576068961159086,0.07666508971126716,0.07951757864865575,0.07951757864865575,0.12314820863084029,0.16383727929674397,0.2852782682602466,,
lastfm__weighted_ngcf__seed6__baseline__rwmode_dominance__fracs_0.1__0.2__0.3__0.4__norm_false__sota_pop_inverse__slam_0.2,lastfm,weighted_ngcf,6,/home/oqiw47aj/oqiw47aj/CIKM2026/experiments/cikm2026_SOTA/rwmode_dominance__fracs_0.1__0.2__0.3__0.4__norm_false__sota_pop_inverse__slam_0.2/lastfm/weighted_ngcf/seed_6/baseline,baseline__rwmode_dominance__fracs_0.1__0.2__0.3__0.4__norm_false__sota_pop_inverse__slam_0.2,pop_inverse,0.2,0.0,0.1592,0.1649,0.2964,0.42437156410190646,0.01157112526539278,0.012196486516715352,0.211529555871237,0.07863841962327271,0.0721491175891782,0.0721491175891782,0.11838370850368284,0.1592624442922538,0.2836786734604152,,
lastfm__weighted_ngcf__seed6__baseline__rwmode_dominance__fracs_0.1__0.2__0.3__0.4__norm_false__sota_head_penalty__slam_0.2,lastfm,weighted_ngcf,6,/home/oqiw47aj/oqiw47aj/CIKM2026/experiments/cikm2026_SOTA/rwmode_dominance__fracs_0.1__0.2__0.3__0.4__norm_false__sota_head_penalty__slam_0.2/lastfm/weighted_ngcf/seed_6/baseline,baseline__rwmode_dominance__fracs_0.1__0.2__0.3__0.4__norm_false__sota_head_penalty__slam_0.2,head_penalty,0.2,0.0,0.1587,0.1645,0.2958,0.42458387832695954,0.012314225053078557,0.012973940275123342,0.21178440034363655,0.0785132065277892,0.07147947934203296,0.07147947934203296,0.11953415683022023,0.1591626636488584,0.2832638796856695,,
lastfm__weighted_ngcf__seed6__baseline__rwmode_dominance__fracs_0.1__0.2__0.3__0.4__norm_false__sota_xquad_pop__slam_0.2,lastfm,weighted_ngcf,6,/home/oqiw47aj/oqiw47aj/CIKM2026/experiments/cikm2026_SOTA/rwmode_dominance__fracs_0.1__0.2__0.3__0.4__norm_false__sota_xquad_pop__slam_0.2/lastfm/weighted_ngcf/seed_6/baseline,baseline__rwmode_dominance__fracs_0.1__0.2__0.3__0.4__norm_false__sota_xquad_pop__slam_0.2,xquad_pop,0.2,0.0,0.1595,0.1656,0.2964,0.424769653273881,0.01194267515923567,0.012577561630038743,0.20866168821152783,0.07749373347261844,0.07323883413061585,0.07323883413061585,0.1194662091960396,0.15731533635508482,0.2819005223421437,,
lastfm__weighted_ngcf__seed6__baseline__rwmode_dominance__fracs_0.1__0.2__0.3__0.4__norm_false__sota_mmr_pop__slam_0.2,lastfm,weighted_ngcf,6,/home/oqiw47aj/oqiw47aj/CIKM2026/experiments/cikm2026_SOTA/rwmode_dominance__fracs_0.1__0.2__0.3__0.4__norm_false__sota_mmr_pop__slam_0.2/lastfm/weighted_ngcf/seed_6/baseline,baseline__rwmode_dominance__fracs_0.1__0.2__0.3__0.4__norm_false__sota_mmr_pop__slam_0.2,mmr_pop,0.2,0.0,0.1594,0.1651,0.297,0.4245042604925647,0.01183651804670913,0.012472733374336653,0.21014519997858566,0.07806879526063756,0.07228002136829743,0.07228002136829743,0.11863966688925158,0.15841824752926414,0.2824252213468831,,
lastfm__weighted_ngcf__seed6__baseline__rwmode_dominance__fracs_0.1__0.2__0.3__0.4__norm_false__sota_calib_pop__slam_0.2,lastfm,weighted_ngcf,6,/home/oqiw47aj/oqiw47aj/CIKM2026/experiments/cikm2026_SOTA/rwmode_dominance__fracs_0.1__0.2__0.3__0.4__norm_false__sota_calib_pop__slam_0.2/lastfm/weighted_ngcf/seed_6/baseline,baseline__rwmode_dominance__fracs_0.1__0.2__0.3__0.4__norm_false__sota_calib_pop__slam_0.2,calib_pop,0.2,0.0,0.1588,0.1643,0.2958,0.4248227318301443,0.01151804670912951,0.012129003409522747,0.21067020441659812,0.07819757881089394,0.07188337539476525,0.07188337539476525,0.11889306778561913,0.1586526698883844,0.28255357981136336,,
lastfm__weighted_ngcf__seed7__baseline__rwmode_dominance__fracs_0.1__0.2__0.3__0.4__norm_false__sota_pop_inverse__slam_0.2,lastfm,weighted_ngcf,7,/home/oqiw47aj/oqiw47aj/CIKM2026/experiments/cikm2026_SOTA/rwmode_dominance__fracs_0.1__0.2__0.3__0.4__norm_false__sota_pop_inverse__slam_0.2/lastfm/weighted_ngcf/seed_7/baseline,baseline__rwmode_dominance__fracs_0.1__0.2__0.3__0.4__norm_false__sota_pop_inverse__slam_0.2,pop_inverse,0.2,0.0,0.1608,0.1687,0.2943,0.4193291012568959,0.013588110403397028,0.0144763628138276,0.20706896506874015,0.08014744643048492,0.08504968197443177,0.08504968197443177,0.10873264511803193,0.15942898761865826,0.2921186470431719,,
lastfm__weighted_ngcf__seed7__baseline__rwmode_dominance__fracs_0.1__0.2__0.3__0.4__norm_false__sota_head_penalty__slam_0.2,lastfm,weighted_ngcf,7,/home/oqiw47aj/oqiw47aj/CIKM2026/experiments/cikm2026_SOTA/rwmode_dominance__fracs_0.1__0.2__0.3__0.4__norm_false__sota_head_penalty__slam_0.2/lastfm/weighted_ngcf/seed_7/baseline,baseline__rwmode_dominance__fracs_0.1__0.2__0.3__0.4__norm_false__sota_head_penalty__slam_0.2,head_penalty,0.2,0.0,0.1612,0.1683,0.2944,0.42086837938853067,0.015021231422505308,0.01595085108779729,0.21047349880704896,0.08148828315708503,0.08433588987815792,0.08433588987815792,0.10826457757644713,0.16491409752556682,0.2948093886852069,,
lastfm__weighted_ngcf__seed7__baseline__rwmode_dominance__fracs_0.1__0.2__0.3__0.4__norm_false__sota_xquad_pop__slam_0.2,lastfm,weighted_ngcf,7,/home/oqiw47aj/oqiw47aj/CIKM2026/experiments/cikm2026_SOTA/rwmode_dominance__fracs_0.1__0.2__0.3__0.4__norm_false__sota_xquad_pop__slam_0.2/lastfm/weighted_ngcf/seed_7/baseline,baseline__rwmode_dominance__fracs_0.1__0.2__0.3__0.4__norm_false__sota_xquad_pop__slam_0.2,xquad_pop,0.2,0.0,0.1606,0.1684,0.294,0.41951487620381733,0.013800424628450107,0.014696738454565775,0.20535467507044328,0.07979702095092045,0.08588510147684894,0.08588510147684894,0.10747137720323996,0.1602955736387327,0.2912397765472922,,
lastfm__weighted_ngcf__seed7__baseline__rwmode_dominance__fracs_0.1__0.2__0.3__0.4__norm_false__sota_mmr_pop__slam_0.2,lastfm,weighted_ngcf,7,/home/oqiw47aj/oqiw47aj/CIKM2026/experiments/cikm2026_SOTA/rwmode_dominance__fracs_0.1__0.2__0.3__0.4__norm_false__sota_mmr_pop__slam_0.2/lastfm/weighted_ngcf/seed_7/baseline,baseline__rwmode_dominance__fracs_0.1__0.2__0.3__0.4__norm_false__sota_mmr_pop__slam_0.2,mmr_pop,0.2,0.0,0.1614,0.1682,0.2957,0.42060298660721435,0.014968152866242038,0.015903451387305458,0.21040094632598977,0.08145466565000122,0.08436957552225871,0.08436957552225871,0.10829916548566154,0.1640574374602229,0.2947705218482485,,
lastfm__weighted_ngcf__seed7__baseline__rwmode_dominance__fracs_0.1__0.2__0.3__0.4__norm_false__sota_calib_pop__slam_0.2,lastfm,weighted_ngcf,7,/home/oqiw47aj/oqiw47aj/CIKM2026/experiments/cikm2026_SOTA/rwmode_dominance__fracs_0.1__0.2__0.3__0.4__norm_false__sota_calib_pop__slam_0.2/lastfm/weighted_ngcf/seed_7/baseline,baseline__rwmode_dominance__fracs_0.1__0.2__0.3__0.4__norm_false__sota_calib_pop__slam_0.2,calib_pop,0.2,0.0,0.1606,0.1668,0.2943,0.4206560651634776,0.014331210191082803,0.015224991541655193,0.21168082898395807,0.08203168485759729,0.08396447619449682,0.08396447619449682,0.10754198665779825,0.16350682555141138,0.2956453051784549,,
lastfm__weighted_ngcf__seed8__baseline__rwmode_dominance__fracs_0.1__0.2__0.3__0.4__norm_false__sota_pop_inverse__slam_0.2,lastfm,weighted_ngcf,8,/home/oqiw47aj/oqiw47aj/CIKM2026/experiments/cikm2026_SOTA/rwmode_dominance__fracs_0.1__0.2__0.3__0.4__norm_false__sota_pop_inverse__slam_0.2/lastfm/weighted_ngcf/seed_8/baseline,baseline__rwmode_dominance__fracs_0.1__0.2__0.3__0.4__norm_false__sota_pop_inverse__slam_0.2,pop_inverse,0.2,0.0,0.1528,0.1586,0.2866,0.4187983156942632,0.010987261146496815,0.0117187499999875,0.1850786637946035,0.07130631960144686,0.08575644000985441,0.08575644000985441,0.11003129018644217,0.1437304415436616,0.2708351038044579,,
lastfm__weighted_ngcf__seed8__baseline__rwmode_dominance__fracs_0.1__0.2__0.3__0.4__norm_false__sota_head_penalty__slam_0.2,lastfm,weighted_ngcf,8,/home/oqiw47aj/oqiw47aj/CIKM2026/experiments/cikm2026_SOTA/rwmode_dominance__fracs_0.1__0.2__0.3__0.4__norm_false__sota_head_penalty__slam_0.2/lastfm/weighted_ngcf/seed_8/baseline,baseline__rwmode_dominance__fracs_0.1__0.2__0.3__0.4__norm_false__sota_head_penalty__slam_0.2,head_penalty,0.2,0.0,0.153,0.1587,0.2872,0.4193821798131591,0.012208067940552018,0.013004636435584927,0.18355166171375442,0.07073543941757783,0.0863709746374157,0.0863709746374157,0.11049739899070898,0.1430834462732232,0.26992263635117014,,
lastfm__weighted_ngcf__seed8__baseline__rwmode_dominance__fracs_0.1__0.2__0.3__0.4__norm_false__sota_xquad_pop__slam_0.2,lastfm,weighted_ngcf,8,/home/oqiw47aj/oqiw47aj/CIKM2026/experiments/cikm2026_SOTA/rwmode_dominance__fracs_0.1__0.2__0.3__0.4__norm_false__sota_xquad_pop__slam_0.2/lastfm/weighted_ngcf/seed_8/baseline,baseline__rwmode_dominance__fracs_0.1__0.2__0.3__0.4__norm_false__sota_xquad_pop__slam_0.2,xquad_pop,0.2,0.0,0.1534,0.1579,0.2898,0.4190637084755795,0.010881104033970275,0.011598958922698964,0.18327265746024574,0.07083370393679624,0.08688019567712783,0.08688019567712783,0.1098649930994907,0.14230605898963486,0.2701528531373736,,
lastfm__weighted_ngcf__seed8__baseline__rwmode_dominance__fracs_0.1__0.2__0.3__0.4__norm_false__sota_mmr_pop__slam_0.2,lastfm,weighted_ngcf,8,/home/oqiw47aj/oqiw47aj/CIKM2026/experiments/cikm2026_SOTA/rwmode_dominance__fracs_0.1__0.2__0.3__0.4__norm_false__sota_mmr_pop__slam_0.2/lastfm/weighted_ngcf/seed_8/baseline,baseline__rwmode_dominance__fracs_0.1__0.2__0.3__0.4__norm_false__sota_mmr_pop__slam_0.2,mmr_pop,0.2,0.0,0.1533,0.1585,0.2886,0.4191964048662377,0.011305732484076432,0.012048192771071498,0.1833714987172101,0.07086552217172538,0.08749538303916966,0.08749538303916966,0.11052872685845085,0.14297864886043324,0.27086688175637974,,
lastfm__weighted_ngcf__seed8__baseline__rwmode_dominance__fracs_0.1__0.2__0.3__0.4__norm_false__sota_calib_pop__slam_0.2,lastfm,weighted_ngcf,8,/home/oqiw47aj/oqiw47aj/CIKM2026/experiments/cikm2026_SOTA/rwmode_dominance__fracs_0.1__0.2__0.3__0.4__norm_false__sota_calib_pop__slam_0.2/lastfm/weighted_ngcf/seed_8/baseline,baseline__rwmode_dominance__fracs_0.1__0.2__0.3__0.4__norm_false__sota_calib_pop__slam_0.2,calib_pop,0.2,0.0,0.1553,0.1613,0.2901,0.4246104176050912,0.010774946921443736,0.011351562936855457,0.18343811642720145,0.07019329153783967,0.08633469406876951,0.08633469406876951,0.11275441883822702,0.14889787423509354,0.26977281049597096,,
lastfm__weighted_ngcf__seed9__baseline__rwmode_dominance__fracs_0.1__0.2__0.3__0.4__norm_false__sota_pop_inverse__slam_0.2,lastfm,weighted_ngcf,9,/home/oqiw47aj/oqiw47aj/CIKM2026/experiments/cikm2026_SOTA/rwmode_dominance__fracs_0.1__0.2__0.3__0.4__norm_false__sota_pop_inverse__slam_0.2/lastfm/weighted_ngcf/seed_9/baseline,baseline__rwmode_dominance__fracs_0.1__0.2__0.3__0.4__norm_false__sota_pop_inverse__slam_0.2,pop_inverse,0.2,0.0,0.165,0.1688,0.3067,0.4262293135711209,0.010881104033970275,0.011424431564856485,0.22204608383585622,0.08636704324366205,0.08629573015116808,0.08629573015116808,0.11051495531233359,0.1537069933301962,0.3083418139870243,,
lastfm__weighted_ngcf__seed9__baseline__rwmode_dominance__fracs_0.1__0.2__0.3__0.4__norm_false__sota_head_penalty__slam_0.2,lastfm,weighted_ngcf,9,/home/oqiw47aj/oqiw47aj/CIKM2026/experiments/cikm2026_SOTA/rwmode_dominance__fracs_0.1__0.2__0.3__0.4__norm_false__sota_head_penalty__slam_0.2/lastfm/weighted_ngcf/seed_9/baseline,baseline__rwmode_dominance__fracs_0.1__0.2__0.3__0.4__norm_false__sota_head_penalty__slam_0.2,head_penalty,0.2,0.0,0.1639,0.1687,0.303,0.4265212456305689,0.010350318471337579,0.010860484544683675,0.22208785927537383,0.08612399237594062,0.08705984380475691,0.08705984380475691,0.11311639936903678,0.15374867825631847,0.30914770308013073,,
lastfm__weighted_ngcf__seed9__baseline__rwmode_dominance__fracs_0.1__0.2__0.3__0.4__norm_false__sota_xquad_pop__slam_0.2,lastfm,weighted_ngcf,9,/home/oqiw47aj/oqiw47aj/CIKM2026/experiments/cikm2026_SOTA/rwmode_dominance__fracs_0.1__0.2__0.3__0.4__norm_false__sota_xquad_pop__slam_0.2/lastfm/weighted_ngcf/seed_9/baseline,baseline__rwmode_dominance__fracs_0.1__0.2__0.3__0.4__norm_false__sota_xquad_pop__slam_0.2,xquad_pop,0.2,0.0,0.164,0.1684,0.3041,0.42628239212738417,0.011093418259023354,0.011646049258875548,0.22027252038321016,0.08561515157162812,0.0875006677209182,0.0875006677209182,0.11227460444484465,0.15277113381956478,0.30777318810412835,,
lastfm__weighted_ngcf__seed9__baseline__rwmode_dominance__fracs_0.1__0.2__0.3__0.4__norm_false__sota_mmr_pop__slam_0.2,lastfm,weighted_ngcf,9,/home/oqiw47aj/oqiw47aj/CIKM2026/experiments/cikm2026_SOTA/rwmode_dominance__fracs_0.1__0.2__0.3__0.4__norm_false__sota_mmr_pop__slam_0.2/lastfm/weighted_ngcf/seed_9/baseline,baseline__rwmode_dominance__fracs_0.1__0.2__0.3__0.4__norm_false__sota_mmr_pop__slam_0.2,mmr_pop,0.2,0.0,0.1636,0.1684,0.3022,0.42625585284925255,0.010987261146496815,0.011535246586780868,0.21971411883643321,0.08536030735597462,0.08809321521197543,0.08809321521197543,0.11290101006868619,0.1538470152792477,0.30780733404840865,,
lastfm__weighted_ngcf__seed9__baseline__rwmode_dominance__fracs_0.1__0.2__0.3__0.4__norm_false__sota_calib_pop__slam_0.2,lastfm,weighted_ngcf,9,/home/oqiw47aj/oqiw47aj/CIKM2026/experiments/cikm2026_SOTA/rwmode_dominance__fracs_0.1__0.2__0.3__0.4__norm_false__sota_calib_pop__slam_0.2/lastfm/weighted_ngcf/seed_9/baseline,baseline__rwmode_dominance__fracs_0.1__0.2__0.3__0.4__norm_false__sota_calib_pop__slam_0.2,calib_pop,0.2,0.0,0.1645,0.169,0.3042,0.42630893140551585,0.010881104033970275,0.011422521869938418,0.22251801690679224,0.0861624833874065,0.0867445059648294,0.0867445059648294,0.11362950989219696,0.15384644197170733,0.30926252287162165,,
ml1m__weighted_bpr__seed0__baseline__rwmode_dominance__fracs_0.1__0.2__0.3__0.4__norm_false__sota_pop_inverse__slam_0.2,ml1m,weighted_bpr,0,/home/oqiw47aj/oqiw47aj/CIKM2026/experiments/cikm2026_SOTA/rwmode_dominance__fracs_0.1__0.2__0.3__0.4__norm_false__sota_pop_inverse__slam_0.2/ml1m/weighted_bpr/seed_0/baseline,baseline__rwmode_dominance__fracs_0.1__0.2__0.3__0.4__norm_false__sota_pop_inverse__slam_0.2,pop_inverse,0.2,0.0,0.2599,0.1681,0.4467,0.3339330459467233,0.0020364238410596025,0.0026517764746429766,0.13980167265447216,0.05306677391676684,0.19724349469043898,0.33704516734491113,0.2781452077401431,0.22743085483492903,0.19724349469043898,,
ml1m__weighted_bpr__seed0__baseline__rwmode_dominance__fracs_0.1__0.2__0.3__0.4__norm_false__sota_head_penalty__slam_0.2,ml1m,weighted_bpr,0,/home/oqiw47aj/oqiw47aj/CIKM2026/experiments/cikm2026_SOTA/rwmode_dominance__fracs_0.1__0.2__0.3__0.4__norm_false__sota_head_penalty__slam_0.2/ml1m/weighted_bpr/seed_0/baseline,baseline__rwmode_dominance__fracs_0.1__0.2__0.3__0.4__norm_false__sota_head_penalty__slam_0.2,head_penalty,0.2,0.0,0.2599,0.1681,0.4467,0.3339330459467233,0.0020364238410596025,0.0026517764746429766,0.13980167265447216,0.05306677391676684,0.19724349469043898,0.33704516734491113,0.2781452077401431,0.22743085483492903,0.19724349469043898,,
ml1m__weighted_bpr__seed0__baseline__rwmode_dominance__fracs_0.1__0.2__0.3__0.4__norm_false__sota_xquad_pop__slam_0.2,ml1m,weighted_bpr,0,/home/oqiw47aj/oqiw47aj/CIKM2026/experiments/cikm2026_SOTA/rwmode_dominance__fracs_0.1__0.2__0.3__0.4__norm_false__sota_xquad_pop__slam_0.2/ml1m/weighted_bpr/seed_0/baseline,baseline__rwmode_dominance__fracs_0.1__0.2__0.3__0.4__norm_false__sota_xquad_pop__slam_0.2,xquad_pop,0.2,0.0,0.2599,0.1681,0.4467,0.3339330459467233,0.0020364238410596025,0.0026517764746429766,0.13980167265447216,0.05306677391676684,0.19724349469043898,0.33704516734491113,0.2781452077401431,0.22743085483492903,0.19724349469043898,,
ml1m__weighted_bpr__seed0__baseline__rwmode_dominance__fracs_0.1__0.2__0.3__0.4__norm_false__sota_mmr_pop__slam_0.2,ml1m,weighted_bpr,0,/home/oqiw47aj/oqiw47aj/CIKM2026/experiments/cikm2026_SOTA/rwmode_dominance__fracs_0.1__0.2__0.3__0.4__norm_false__sota_mmr_pop__slam_0.2/ml1m/weighted_bpr/seed_0/baseline,baseline__rwmode_dominance__fracs_0.1__0.2__0.3__0.4__norm_false__sota_mmr_pop__slam_0.2,mmr_pop,0.2,0.0,0.2599,0.1681,0.4467,0.3339330459467233,0.0020364238410596025,0.0026517764746429766,0.13980167265447216,0.05306677391676684,0.19724349469043898,0.33704516734491113,0.2781452077401431,0.22743085483492903,0.19724349469043898,,
ml1m__weighted_bpr__seed0__baseline__rwmode_dominance__fracs_0.1__0.2__0.3__0.4__norm_false__sota_calib_pop__slam_0.2,ml1m,weighted_bpr,0,/home/oqiw47aj/oqiw47aj/CIKM2026/experiments/cikm2026_SOTA/rwmode_dominance__fracs_0.1__0.2__0.3__0.4__norm_false__sota_calib_pop__slam_0.2/ml1m/weighted_bpr/seed_0/baseline,baseline__rwmode_dominance__fracs_0.1__0.2__0.3__0.4__norm_false__sota_calib_pop__slam_0.2,calib_pop,0.2,0.0,0.2599,0.1681,0.4467,0.3339330459467233,0.0020364238410596025,0.0026517764746429766,0.13980167265447216,0.05306677391676684,0.19724349469043898,0.33704516734491113,0.2781452077401431,0.22743085483492903,0.19724349469043898,,
ml1m__weighted_bpr__seed1__baseline__rwmode_dominance__fracs_0.1__0.2__0.3__0.4__norm_false__sota_pop_inverse__slam_0.2,ml1m,weighted_bpr,1,/home/oqiw47aj/oqiw47aj/CIKM2026/experiments/cikm2026_SOTA/rwmode_dominance__fracs_0.1__0.2__0.3__0.4__norm_false__sota_pop_inverse__slam_0.2/ml1m/weighted_bpr/seed_1/baseline,baseline__rwmode_dominance__fracs_0.1__0.2__0.3__0.4__norm_false__sota_pop_inverse__slam_0.2,pop_inverse,0.2,0.0,0.2562,0.1641,0.4467,0.3388171519069882,0.002185430463576159,0.002810065142415598,0.1340539153376486,0.049926699764378954,0.1943459037463161,0.3283998190839647,0.2719558714369714,0.23005212534329486,0.1943459037463161,,
ml1m__weighted_bpr__seed1__baseline__rwmode_dominance__fracs_0.1__0.2__0.3__0.4__norm_false__sota_head_penalty__slam_0.2,ml1m,weighted_bpr,1,/home/oqiw47aj/oqiw47aj/CIKM2026/experiments/cikm2026_SOTA/rwmode_dominance__fracs_0.1__0.2__0.3__0.4__norm_false__sota_head_penalty__slam_0.2/ml1m/weighted_bpr/seed_1/baseline,baseline__rwmode_dominance__fracs_0.1__0.2__0.3__0.4__norm_false__sota_head_penalty__slam_0.2,head_penalty,0.2,0.0,0.2562,0.1641,0.4467,0.3388171519069882,0.002185430463576159,0.002810065142415598,0.1340539153376486,0.049926699764378954,0.1943459037463161,0.3283998190839647,0.2719558714369714,0.23005212534329486,0.1943459037463161,,
ml1m__weighted_bpr__seed1__baseline__rwmode_dominance__fracs_0.1__0.2__0.3__0.4__norm_false__sota_xquad_pop__slam_0.2,ml1m,weighted_bpr,1,/home/oqiw47aj/oqiw47aj/CIKM2026/experiments/cikm2026_SOTA/rwmode_dominance__fracs_0.1__0.2__0.3__0.4__norm_false__sota_xquad_pop__slam_0.2/ml1m/weighted_bpr/seed_1/baseline,baseline__rwmode_dominance__fracs_0.1__0.2__0.3__0.4__norm_false__sota_xquad_pop__slam_0.2,xquad_pop,0.2,0.0,0.2562,0.1641,0.4467,0.3388171519069882,0.002185430463576159,0.002810065142415598,0.1340539153376486,0.049926699764378954,0.1943459037463161,0.3283998190839647,0.2719558714369714,0.23005212534329486,0.1943459037463161,,
ml1m__weighted_bpr__seed1__baseline__rwmode_dominance__fracs_0.1__0.2__0.3__0.4__norm_false__sota_mmr_pop__slam_0.2,ml1m,weighted_bpr,1,/home/oqiw47aj/oqiw47aj/CIKM2026/experiments/cikm2026_SOTA/rwmode_dominance__fracs_0.1__0.2__0.3__0.4__norm_false__sota_mmr_pop__slam_0.2/ml1m/weighted_bpr/seed_1/baseline,baseline__rwmode_dominance__fracs_0.1__0.2__0.3__0.4__norm_false__sota_mmr_pop__slam_0.2,mmr_pop,0.2,0.0,0.2562,0.1641,0.4467,0.3388171519069882,0.002185430463576159,0.002810065142415598,0.1340539153376486,0.049926699764378954,0.1943459037463161,0.3283998190839647,0.2719558714369714,0.23005212534329486,0.1943459037463161,,
ml1m__weighted_bpr__seed1__baseline__rwmode_dominance__fracs_0.1__0.2__0.3__0.4__norm_false__sota_calib_pop__slam_0.2,ml1m,weighted_bpr,1,/home/oqiw47aj/oqiw47aj/CIKM2026/experiments/cikm2026_SOTA/rwmode_dominance__fracs_0.1__0.2__0.3__0.4__norm_false__sota_calib_pop__slam_0.2/ml1m/weighted_bpr/seed_1/baseline,baseline__rwmode_dominance__fracs_0.1__0.2__0.3__0.4__norm_false__sota_calib_pop__slam_0.2,calib_pop,0.2,0.0,0.2562,0.1641,0.4467,0.3388171519069882,0.002185430463576159,0.002810065142415598,0.1340539153376486,0.049926699764378954,0.1943459037463161,0.3283998190839647,0.2719558714369714,0.23005212534329486,0.1943459037463161,,
ml1m__weighted_bpr__seed2__baseline__rwmode_dominance__fracs_0.1__0.2__0.3__0.4__norm_false__sota_pop_inverse__slam_0.2,ml1m,weighted_bpr,2,/home/oqiw47aj/oqiw47aj/CIKM2026/experiments/cikm2026_SOTA/rwmode_dominance__fracs_0.1__0.2__0.3__0.4__norm_false__sota_pop_inverse__slam_0.2/ml1m/weighted_bpr/seed_2/baseline,baseline__rwmode_dominance__fracs_0.1__0.2__0.3__0.4__norm_false__sota_pop_inverse__slam_0.2,pop_inverse,0.2,0.0,0.2562,0.1626,0.4471,0.33908205256923984,0.0020033112582781456,0.002574139471553515,0.14216311476410548,0.05390493557822831,0.19414986494948827,0.33631297971359375,0.27172544641142016,0.22282887708477853,0.19414986494948827,,
ml1m__weighted_bpr__seed2__baseline__rwmode_dominance__fracs_0.1__0.2__0.3__0.4__norm_false__sota_head_penalty__slam_0.2,ml1m,weighted_bpr,2,/home/oqiw47aj/oqiw47aj/CIKM2026/experiments/cikm2026_SOTA/rwmode_dominance__fracs_0.1__0.2__0.3__0.4__norm_false__sota_head_penalty__slam_0.2/ml1m/weighted_bpr/seed_2/baseline,baseline__rwmode_dominance__fracs_0.1__0.2__0.3__0.4__norm_false__sota_head_penalty__slam_0.2,head_penalty,0.2,0.0,0.2562,0.1626,0.4471,0.33908205256923984,0.0020033112582781456,0.002574139471553515,0.14216311476410548,0.05390493557822831,0.19414986494948827,0.33631297971359375,0.27172544641142016,0.22282887708477853,0.19414986494948827,,
ml1m__weighted_bpr__seed2__baseline__rwmode_dominance__fracs_0.1__0.2__0.3__0.4__norm_false__sota_xquad_pop__slam_0.2,ml1m,weighted_bpr,2,/home/oqiw47aj/oqiw47aj/CIKM2026/experiments/cikm2026_SOTA/rwmode_dominance__fracs_0.1__0.2__0.3__0.4__norm_false__sota_xquad_pop__slam_0.2/ml1m/weighted_bpr/seed_2/baseline,baseline__rwmode_dominance__fracs_0.1__0.2__0.3__0.4__norm_false__sota_xquad_pop__slam_0.2,xquad_pop,0.2,0.0,0.2562,0.1626,0.4471,0.33908205256923984,0.0020033112582781456,0.002574139471553515,0.14216311476410548,0.05390493557822831,0.19414986494948827,0.33631297971359375,0.27172544641142016,0.22282887708477853,0.19414986494948827,,
ml1m__weighted_bpr__seed2__baseline__rwmode_dominance__fracs_0.1__0.2__0.3__0.4__norm_false__sota_mmr_pop__slam_0.2,ml1m,weighted_bpr,2,/home/oqiw47aj/oqiw47aj/CIKM2026/experiments/cikm2026_SOTA/rwmode_dominance__fracs_0.1__0.2__0.3__0.4__norm_false__sota_mmr_pop__slam_0.2/ml1m/weighted_bpr/seed_2/baseline,baseline__rwmode_dominance__fracs_0.1__0.2__0.3__0.4__norm_false__sota_mmr_pop__slam_0.2,mmr_pop,0.2,0.0,0.2562,0.1626,0.4471,0.33908205256923984,0.0020033112582781456,0.002574139471553515,0.14216311476410548,0.05390493557822831,0.19414986494948827,0.33631297971359375,0.27172544641142016,0.22282887708477853,0.19414986494948827,,
ml1m__weighted_bpr__seed2__baseline__rwmode_dominance__fracs_0.1__0.2__0.3__0.4__norm_false__sota_calib_pop__slam_0.2,ml1m,weighted_bpr,2,/home/oqiw47aj/oqiw47aj/CIKM2026/experiments/cikm2026_SOTA/rwmode_dominance__fracs_0.1__0.2__0.3__0.4__norm_false__sota_calib_pop__slam_0.2/ml1m/weighted_bpr/seed_2/baseline,baseline__rwmode_dominance__fracs_0.1__0.2__0.3__0.4__norm_false__sota_calib_pop__slam_0.2,calib_pop,0.2,0.0,0.2562,0.1626,0.4471,0.33908205256923984,0.0020033112582781456,0.002574139471553515,0.14216311476410548,0.05390493557822831,0.19414986494948827,0.33631297971359375,0.27172544641142016,0.22282887708477853,0.19414986494948827,,
ml1m__weighted_bpr__seed3__baseline__rwmode_dominance__fracs_0.1__0.2__0.3__0.4__norm_false__sota_pop_inverse__slam_0.2,ml1m,weighted_bpr,3,/home/oqiw47aj/oqiw47aj/CIKM2026/experiments/cikm2026_SOTA/rwmode_dominance__fracs_0.1__0.2__0.3__0.4__norm_false__sota_pop_inverse__slam_0.2/ml1m/weighted_bpr/seed_3/baseline,baseline__rwmode_dominance__fracs_0.1__0.2__0.3__0.4__norm_false__sota_pop_inverse__slam_0.2,pop_inverse,0.2,0.0,0.2579,0.1636,0.4488,0.3347939730990412,0.0023841059602649007,0.0030975735673682008,0.1488765612370179,0.05614456029776247,0.18898192258999544,0.33785848382701333,0.2789838589982196,0.22594277953173994,0.18898192258999544,,
ml1m__weighted_bpr__seed3__baseline__rwmode_dominance__fracs_0.1__0.2__0.3__0.4__norm_false__sota_head_penalty__slam_0.2,ml1m,weighted_bpr,3,/home/oqiw47aj/oqiw47aj/CIKM2026/experiments/cikm2026_SOTA/rwmode_dominance__fracs_0.1__0.2__0.3__0.4__norm_false__sota_head_penalty__slam_0.2/ml1m/weighted_bpr/seed_3/baseline,baseline__rwmode_dominance__fracs_0.1__0.2__0.3__0.4__norm_false__sota_head_penalty__slam_0.2,head_penalty,0.2,0.0,0.2579,0.1636,0.4488,0.3347939730990412,0.0023841059602649007,0.0030975735673682008,0.1488765612370179,0.05614456029776247,0.18898192258999544,0.33785848382701333,0.2789838589982196,0.22594277953173994,0.18898192258999544,,
ml1m__weighted_bpr__seed3__baseline__rwmode_dominance__fracs_0.1__0.2__0.3__0.4__norm_false__sota_xquad_pop__slam_0.2,ml1m,weighted_bpr,3,/home/oqiw47aj/oqiw47aj/CIKM2026/experiments/cikm2026_SOTA/rwmode_dominance__fracs_0.1__0.2__0.3__0.4__norm_false__sota_xquad_pop__slam_0.2/ml1m/weighted_bpr/seed_3/baseline,baseline__rwmode_dominance__fracs_0.1__0.2__0.3__0.4__norm_false__sota_xquad_pop__slam_0.2,xquad_pop,0.2,0.0,0.2579,0.1636,0.4488,0.3347939730990412,0.0023841059602649007,0.0030975735673682008,0.1488765612370179,0.05614456029776247,0.18898192258999544,0.33785848382701333,0.2789838589982196,0.22594277953173994,0.18898192258999544,,
ml1m__weighted_bpr__seed3__baseline__rwmode_dominance__fracs_0.1__0.2__0.3__0.4__norm_false__sota_mmr_pop__slam_0.2,ml1m,weighted_bpr,3,/home/oqiw47aj/oqiw47aj/CIKM2026/experiments/cikm2026_SOTA/rwmode_dominance__fracs_0.1__0.2__0.3__0.4__norm_false__sota_mmr_pop__slam_0.2/ml1m/weighted_bpr/seed_3/baseline,baseline__rwmode_dominance__fracs_0.1__0.2__0.3__0.4__norm_false__sota_mmr_pop__slam_0.2,mmr_pop,0.2,0.0,0.2579,0.1636,0.4488,0.3347939730990412,0.0023841059602649007,0.0030975735673682008,0.1488765612370179,0.05614456029776247,0.18898192258999544,0.33785848382701333,0.2789838589982196,0.22594277953173994,0.18898192258999544,,
ml1m__weighted_bpr__seed3__baseline__rwmode_dominance__fracs_0.1__0.2__0.3__0.4__norm_false__sota_calib_pop__slam_0.2,ml1m,weighted_bpr,3,/home/oqiw47aj/oqiw47aj/CIKM2026/experiments/cikm2026_SOTA/rwmode_dominance__fracs_0.1__0.2__0.3__0.4__norm_false__sota_calib_pop__slam_0.2/ml1m/weighted_bpr/seed_3/baseline,baseline__rwmode_dominance__fracs_0.1__0.2__0.3__0.4__norm_false__sota_calib_pop__slam_0.2,calib_pop,0.2,0.0,0.2579,0.1636,0.4488,0.3347939730990412,0.0023841059602649007,0.0030975735673682008,0.1488765612370179,0.05614456029776247,0.18898192258999544,0.33785848382701333,0.2789838589982196,0.22594277953173994,0.18898192258999544,,
ml1m__weighted_bpr__seed4__baseline__rwmode_dominance__fracs_0.1__0.2__0.3__0.4__norm_false__sota_pop_inverse__slam_0.2,ml1m,weighted_bpr,4,/home/oqiw47aj/oqiw47aj/CIKM2026/experiments/cikm2026_SOTA/rwmode_dominance__fracs_0.1__0.2__0.3__0.4__norm_false__sota_pop_inverse__slam_0.2/ml1m/weighted_bpr/seed_4/baseline,baseline__rwmode_dominance__fracs_0.1__0.2__0.3__0.4__norm_false__sota_pop_inverse__slam_0.2,pop_inverse,0.2,0.0,0.257,0.1635,0.4453,0.3391896684632796,0.001837748344370861,0.0023607477828081714,0.1411262457236515,0.052365214946733823,0.1943374394896793,0.3354636852133308,0.2686172449357902,0.22960736696848283,0.1943374394896793,,
ml1m__weighted_bpr__seed4__baseline__rwmode_dominance__fracs_0.1__0.2__0.3__0.4__norm_false__sota_head_penalty__slam_0.2,ml1m,weighted_bpr,4,/home/oqiw47aj/oqiw47aj/CIKM2026/experiments/cikm2026_SOTA/rwmode_dominance__fracs_0.1__0.2__0.3__0.4__norm_false__sota_head_penalty__slam_0.2/ml1m/weighted_bpr/seed_4/baseline,baseline__rwmode_dominance__fracs_0.1__0.2__0.3__0.4__norm_false__sota_head_penalty__slam_0.2,head_penalty,0.2,0.0,0.257,0.1635,0.4453,0.3391896684632796,0.001837748344370861,0.0023607477828081714,0.1411262457236515,0.052365214946733823,0.1943374394896793,0.3354636852133308,0.2686172449357902,0.22960736696848283,0.1943374394896793,,
ml1m__weighted_bpr__seed4__baseline__rwmode_dominance__fracs_0.1__0.2__0.3__0.4__norm_false__sota_xquad_pop__slam_0.2,ml1m,weighted_bpr,4,/home/oqiw47aj/oqiw47aj/CIKM2026/experiments/cikm2026_SOTA/rwmode_dominance__fracs_0.1__0.2__0.3__0.4__norm_false__sota_xquad_pop__slam_0.2/ml1m/weighted_bpr/seed_4/baseline,baseline__rwmode_dominance__fracs_0.1__0.2__0.3__0.4__norm_false__sota_xquad_pop__slam_0.2,xquad_pop,0.2,0.0,0.257,0.1635,0.4453,0.3391896684632796,0.001837748344370861,0.0023607477828081714,0.1411262457236515,0.052365214946733823,0.1943374394896793,0.3354636852133308,0.2686172449357902,0.22960736696848283,0.1943374394896793,,
ml1m__weighted_bpr__seed4__baseline__rwmode_dominance__fracs_0.1__0.2__0.3__0.4__norm_false__sota_mmr_pop__slam_0.2,ml1m,weighted_bpr,4,/home/oqiw47aj/oqiw47aj/CIKM2026/experiments/cikm2026_SOTA/rwmode_dominance__fracs_0.1__0.2__0.3__0.4__norm_false__sota_mmr_pop__slam_0.2/ml1m/weighted_bpr/seed_4/baseline,baseline__rwmode_dominance__fracs_0.1__0.2__0.3__0.4__norm_false__sota_mmr_pop__slam_0.2,mmr_pop,0.2,0.0,0.257,0.1635,0.4453,0.3391896684632796,0.001837748344370861,0.0023607477828081714,0.1411262457236515,0.052365214946733823,0.1943374394896793,0.3354636852133308,0.2686172449357902,0.22960736696848283,0.1943374394896793,,
ml1m__weighted_bpr__seed4__baseline__rwmode_dominance__fracs_0.1__0.2__0.3__0.4__norm_false__sota_calib_pop__slam_0.2,ml1m,weighted_bpr,4,/home/oqiw47aj/oqiw47aj/CIKM2026/experiments/cikm2026_SOTA/rwmode_dominance__fracs_0.1__0.2__0.3__0.4__norm_false__sota_calib_pop__slam_0.2/ml1m/weighted_bpr/seed_4/baseline,baseline__rwmode_dominance__fracs_0.1__0.2__0.3__0.4__norm_false__sota_calib_pop__slam_0.2,calib_pop,0.2,0.0,0.257,0.1635,0.4453,0.3391896684632796,0.001837748344370861,0.0023607477828081714,0.1411262457236515,0.052365214946733823,0.1943374394896793,0.3354636852133308,0.2686172449357902,0.22960736696848283,0.1943374394896793,,
ml1m__weighted_bpr__seed5__baseline__rwmode_dominance__fracs_0.1__0.2__0.3__0.4__norm_false__sota_pop_inverse__slam_0.2,ml1m,weighted_bpr,5,/home/oqiw47aj/oqiw47aj/CIKM2026/experiments/cikm2026_SOTA/rwmode_dominance__fracs_0.1__0.2__0.3__0.4__norm_false__sota_pop_inverse__slam_0.2/ml1m/weighted_bpr/seed_5/baseline,baseline__rwmode_dominance__fracs_0.1__0.2__0.3__0.4__norm_false__sota_pop_inverse__slam_0.2,pop_inverse,0.2,0.0,0.2564,0.1654,0.4463,0.33061350952288227,0.0027649006622516557,0.003631776961046053,0.13434227453817252,0.049603444055407724,0.19618465644753283,0.33052693098570535,0.2670698964584547,0.23175306240638988,0.19618465644753283,,
ml1m__weighted_bpr__seed5__baseline__rwmode_dominance__fracs_0.1__0.2__0.3__0.4__norm_false__sota_head_penalty__slam_0.2,ml1m,weighted_bpr,5,/home/oqiw47aj/oqiw47aj/CIKM2026/experiments/cikm2026_SOTA/rwmode_dominance__fracs_0.1__0.2__0.3__0.4__norm_false__sota_head_penalty__slam_0.2/ml1m/weighted_bpr/seed_5/baseline,baseline__rwmode_dominance__fracs_0.1__0.2__0.3__0.4__norm_false__sota_head_penalty__slam_0.2,head_penalty,0.2,0.0,0.2564,0.1654,0.4463,0.33061350952288227,0.0027649006622516557,0.003631776961046053,0.13434227453817252,0.049603444055407724,0.19618465644753283,0.33052693098570535,0.2670698964584547,0.23175306240638988,0.19618465644753283,,
ml1m__weighted_bpr__seed5__baseline__rwmode_dominance__fracs_0.1__0.2__0.3__0.4__norm_false__sota_xquad_pop__slam_0.2,ml1m,weighted_bpr,5,/home/oqiw47aj/oqiw47aj/CIKM2026/experiments/cikm2026_SOTA/rwmode_dominance__fracs_0.1__0.2__0.3__0.4__norm_false__sota_xquad_pop__slam_0.2/ml1m/weighted_bpr/seed_5/baseline,baseline__rwmode_dominance__fracs_0.1__0.2__0.3__0.4__norm_false__sota_xquad_pop__slam_0.2,xquad_pop,0.2,0.0,0.2564,0.1654,0.4463,0.33061350952288227,0.0027649006622516557,0.003631776961046053,0.13434227453817252,0.049603444055407724,0.19618465644753283,0.33052693098570535,0.2670698964584547,0.23175306240638988,0.19618465644753283,,
ml1m__weighted_bpr__seed5__baseline__rwmode_dominance__fracs_0.1__0.2__0.3__0.4__norm_false__sota_mmr_pop__slam_0.2,ml1m,weighted_bpr,5,/home/oqiw47aj/oqiw47aj/CIKM2026/experiments/cikm2026_SOTA/rwmode_dominance__fracs_0.1__0.2__0.3__0.4__norm_false__sota_mmr_pop__slam_0.2/ml1m/weighted_bpr/seed_5/baseline,baseline__rwmode_dominance__fracs_0.1__0.2__0.3__0.4__norm_false__sota_mmr_pop__slam_0.2,mmr_pop,0.2,0.0,0.2564,0.1654,0.4463,0.33061350952288227,0.0027649006622516557,0.003631776961046053,0.13434227453817252,0.049603444055407724,0.19618465644753283,0.33052693098570535,0.2670698964584547,0.23175306240638988,0.19618465644753283,,
ml1m__weighted_bpr__seed5__baseline__rwmode_dominance__fracs_0.1__0.2__0.3__0.4__norm_false__sota_calib_pop__slam_0.2,ml1m,weighted_bpr,5,/home/oqiw47aj/oqiw47aj/CIKM2026/experiments/cikm2026_SOTA/rwmode_dominance__fracs_0.1__0.2__0.3__0.4__norm_false__sota_calib_pop__slam_0.2/ml1m/weighted_bpr/seed_5/baseline,baseline__rwmode_dominance__fracs_0.1__0.2__0.3__0.4__norm_false__sota_calib_pop__slam_0.2,calib_pop,0.2,0.0,0.2564,0.1654,0.4463,0.33061350952288227,0.0027649006622516557,0.003631776961046053,0.13434227453817252,0.049603444055407724,0.19618465644753283,0.33052693098570535,0.2670698964584547,0.23175306240638988,0.19618465644753283,,
ml1m__weighted_bpr__seed6__baseline__rwmode_dominance__fracs_0.1__0.2__0.3__0.4__norm_false__sota_pop_inverse__slam_0.2,ml1m,weighted_bpr,6,/home/oqiw47aj/oqiw47aj/CIKM2026/experiments/cikm2026_SOTA/rwmode_dominance__fracs_0.1__0.2__0.3__0.4__norm_false__sota_pop_inverse__slam_0.2/ml1m/weighted_bpr/seed_6/baseline,baseline__rwmode_dominance__fracs_0.1__0.2__0.3__0.4__norm_false__sota_pop_inverse__slam_0.2,pop_inverse,0.2,0.0,0.2601,0.1657,0.4487,0.3430058936288425,0.0017549668874172186,0.002232518955346781,0.1425031244537753,0.05419809675727433,0.19263763943462894,0.33514076388840425,0.2841365662916371,0.22864053470349358,0.19263763943462894,,
ml1m__weighted_bpr__seed6__baseline__rwmode_dominance__fracs_0.1__0.2__0.3__0.4__norm_false__sota_head_penalty__slam_0.2,ml1m,weighted_bpr,6,/home/oqiw47aj/oqiw47aj/CIKM2026/experiments/cikm2026_SOTA/rwmode_dominance__fracs_0.1__0.2__0.3__0.4__norm_false__sota_head_penalty__slam_0.2/ml1m/weighted_bpr/seed_6/baseline,baseline__rwmode_dominance__fracs_0.1__0.2__0.3__0.4__norm_false__sota_head_penalty__slam_0.2,head_penalty,0.2,0.0,0.2601,0.1657,0.4487,0.3430058936288425,0.0017549668874172186,0.002232518955346781,0.1425031244537753,0.05419809675727433,0.19263763943462894,0.33514076388840425,0.2841365662916371,0.22864053470349358,0.19263763943462894,,
ml1m__weighted_bpr__seed6__baseline__rwmode_dominance__fracs_0.1__0.2__0.3__0.4__norm_false__sota_xquad_pop__slam_0.2,ml1m,weighted_bpr,6,/home/oqiw47aj/oqiw47aj/CIKM2026/experiments/cikm2026_SOTA/rwmode_dominance__fracs_0.1__0.2__0.3__0.4__norm_false__sota_xquad_pop__slam_0.2/ml1m/weighted_bpr/seed_6/baseline,baseline__rwmode_dominance__fracs_0.1__0.2__0.3__0.4__norm_false__sota_xquad_pop__slam_0.2,xquad_pop,0.2,0.0,0.2601,0.1657,0.4487,0.3430058936288425,0.0017549668874172186,0.002232518955346781,0.1425031244537753,0.05419809675727433,0.19263763943462894,0.33514076388840425,0.2841365662916371,0.22864053470349358,0.19263763943462894,,
ml1m__weighted_bpr__seed6__baseline__rwmode_dominance__fracs_0.1__0.2__0.3__0.4__norm_false__sota_mmr_pop__slam_0.2,ml1m,weighted_bpr,6,/home/oqiw47aj/oqiw47aj/CIKM2026/experiments/cikm2026_SOTA/rwmode_dominance__fracs_0.1__0.2__0.3__0.4__norm_false__sota_mmr_pop__slam_0.2/ml1m/weighted_bpr/seed_6/baseline,baseline__rwmode_dominance__fracs_0.1__0.2__0.3__0.4__norm_false__sota_mmr_pop__slam_0.2,mmr_pop,0.2,0.0,0.2601,0.1657,0.4487,0.3430058936288425,0.0017549668874172186,0.002232518955346781,0.1425031244537753,0.05419809675727433,0.19263763943462894,0.33514076388840425,0.2841365662916371,0.22864053470349358,0.19263763943462894,,
ml1m__weighted_bpr__seed6__baseline__rwmode_dominance__fracs_0.1__0.2__0.3__0.4__norm_false__sota_calib_pop__slam_0.2,ml1m,weighted_bpr,6,/home/oqiw47aj/oqiw47aj/CIKM2026/experiments/cikm2026_SOTA/rwmode_dominance__fracs_0.1__0.2__0.3__0.4__norm_false__sota_calib_pop__slam_0.2/ml1m/weighted_bpr/seed_6/baseline,baseline__rwmode_dominance__fracs_0.1__0.2__0.3__0.4__norm_false__sota_calib_pop__slam_0.2,calib_pop,0.2,0.0,0.2601,0.1657,0.4487,0.3430058936288425,0.0017549668874172186,0.002232518955346781,0.1425031244537753,0.05419809675727433,0.19263763943462894,0.33514076388840425,0.2841365662916371,0.22864053470349358,0.19263763943462894,,
ml1m__weighted_bpr__seed7__baseline__rwmode_dominance__fracs_0.1__0.2__0.3__0.4__norm_false__sota_pop_inverse__slam_0.2,ml1m,weighted_bpr,7,/home/oqiw47aj/oqiw47aj/CIKM2026/experiments/cikm2026_SOTA/rwmode_dominance__fracs_0.1__0.2__0.3__0.4__norm_false__sota_pop_inverse__slam_0.2/ml1m/weighted_bpr/seed_7/baseline,baseline__rwmode_dominance__fracs_0.1__0.2__0.3__0.4__norm_false__sota_pop_inverse__slam_0.2,pop_inverse,0.2,0.0,0.253,0.164,0.4411,0.3216608389890613,0.002963576158940397,0.004002683363143074,0.12360998304053536,0.04659930423388303,0.19531299013556838,0.31892297317610374,0.27108299248926143,0.22682059259792436,0.19531299013556838,,
ml1m__weighted_bpr__seed7__baseline__rwmode_dominance__fracs_0.1__0.2__0.3__0.4__norm_false__sota_head_penalty__slam_0.2,ml1m,weighted_bpr,7,/home/oqiw47aj/oqiw47aj/CIKM2026/experiments/cikm2026_SOTA/rwmode_dominance__fracs_0.1__0.2__0.3__0.4__norm_false__sota_head_penalty__slam_0.2/ml1m/weighted_bpr/seed_7/baseline,baseline__rwmode_dominance__fracs_0.1__0.2__0.3__0.4__norm_false__sota_head_penalty__slam_0.2,head_penalty,0.2,0.0,0.253,0.164,0.4411,0.3216608389890613,0.002963576158940397,0.004002683363143074,0.12360998304053536,0.04659930423388303,0.19531299013556838,0.31892297317610374,0.27108299248926143,0.22682059259792436,0.19531299013556838,,
ml1m__weighted_bpr__seed7__baseline__rwmode_dominance__fracs_0.1__0.2__0.3__0.4__norm_false__sota_xquad_pop__slam_0.2,ml1m,weighted_bpr,7,/home/oqiw47aj/oqiw47aj/CIKM2026/experiments/cikm2026_SOTA/rwmode_dominance__fracs_0.1__0.2__0.3__0.4__norm_false__sota_xquad_pop__slam_0.2/ml1m/weighted_bpr/seed_7/baseline,baseline__rwmode_dominance__fracs_0.1__0.2__0.3__0.4__norm_false__sota_xquad_pop__slam_0.2,xquad_pop,0.2,0.0,0.253,0.164,0.4411,0.3216608389890613,0.002963576158940397,0.004002683363143074,0.12360998304053536,0.04659930423388303,0.19531299013556838,0.31892297317610374,0.27108299248926143,0.22682059259792436,0.19531299013556838,,
ml1m__weighted_bpr__seed7__baseline__rwmode_dominance__fracs_0.1__0.2__0.3__0.4__norm_false__sota_mmr_pop__slam_0.2,ml1m,weighted_bpr,7,/home/oqiw47aj/oqiw47aj/CIKM2026/experiments/cikm2026_SOTA/rwmode_dominance__fracs_0.1__0.2__0.3__0.4__norm_false__sota_mmr_pop__slam_0.2/ml1m/weighted_bpr/seed_7/baseline,baseline__rwmode_dominance__fracs_0.1__0.2__0.3__0.4__norm_false__sota_mmr_pop__slam_0.2,mmr_pop,0.2,0.0,0.253,0.164,0.4411,0.3216608389890613,0.002963576158940397,0.004002683363143074,0.12360998304053536,0.04659930423388303,0.19531299013556838,0.31892297317610374,0.27108299248926143,0.22682059259792436,0.19531299013556838,,
ml1m__weighted_bpr__seed7__baseline__rwmode_dominance__fracs_0.1__0.2__0.3__0.4__norm_false__sota_calib_pop__slam_0.2,ml1m,weighted_bpr,7,/home/oqiw47aj/oqiw47aj/CIKM2026/experiments/cikm2026_SOTA/rwmode_dominance__fracs_0.1__0.2__0.3__0.4__norm_false__sota_calib_pop__slam_0.2/ml1m/weighted_bpr/seed_7/baseline,baseline__rwmode_dominance__fracs_0.1__0.2__0.3__0.4__norm_false__sota_calib_pop__slam_0.2,calib_pop,0.2,0.0,0.253,0.164,0.4411,0.3216608389890613,0.002963576158940397,0.004002683363143074,0.12360998304053536,0.04659930423388303,0.19531299013556838,0.31892297317610374,0.27108299248926143,0.22682059259792436,0.19531299013556838,,
ml1m__weighted_bpr__seed8__baseline__rwmode_dominance__fracs_0.1__0.2__0.3__0.4__norm_false__sota_pop_inverse__slam_0.2,ml1m,weighted_bpr,8,/home/oqiw47aj/oqiw47aj/CIKM2026/experiments/cikm2026_SOTA/rwmode_dominance__fracs_0.1__0.2__0.3__0.4__norm_false__sota_pop_inverse__slam_0.2/ml1m/weighted_bpr/seed_8/baseline,baseline__rwmode_dominance__fracs_0.1__0.2__0.3__0.4__norm_false__sota_pop_inverse__slam_0.2,pop_inverse,0.2,0.0,0.2591,0.1647,0.4518,0.3381466221056637,0.002119205298013245,0.0027296184931617754,0.1325346202855816,0.04969400089378888,0.1978349807935848,0.3303696010791664,0.27650227600254695,0.23185328488901757,0.1978349807935848,,
ml1m__weighted_bpr__seed8__baseline__rwmode_dominance__fracs_0.1__0.2__0.3__0.4__norm_false__sota_head_penalty__slam_0.2,ml1m,weighted_bpr,8,/home/oqiw47aj/oqiw47aj/CIKM2026/experiments/cikm2026_SOTA/rwmode_dominance__fracs_0.1__0.2__0.3__0.4__norm_false__sota_head_penalty__slam_0.2/ml1m/weighted_bpr/seed_8/baseline,baseline__rwmode_dominance__fracs_0.1__0.2__0.3__0.4__norm_false__sota_head_penalty__slam_0.2,head_penalty,0.2,0.0,0.2591,0.1647,0.4518,0.3381466221056637,0.002119205298013245,0.0027296184931617754,0.1325346202855816,0.04969400089378888,0.1978349807935848,0.3303696010791664,0.27650227600254695,0.23185328488901757,0.1978349807935848,,
ml1m__weighted_bpr__seed8__baseline__rwmode_dominance__fracs_0.1__0.2__0.3__0.4__norm_false__sota_xquad_pop__slam_0.2,ml1m,weighted_bpr,8,/home/oqiw47aj/oqiw47aj/CIKM2026/experiments/cikm2026_SOTA/rwmode_dominance__fracs_0.1__0.2__0.3__0.4__norm_false__sota_xquad_pop__slam_0.2/ml1m/weighted_bpr/seed_8/baseline,baseline__rwmode_dominance__fracs_0.1__0.2__0.3__0.4__norm_false__sota_xquad_pop__slam_0.2,xquad_pop,0.2,0.0,0.2591,0.1647,0.4518,0.3381466221056637,0.002119205298013245,0.0027296184931617754,0.1325346202855816,0.04969400089378888,0.1978349807935848,0.3303696010791664,0.27650227600254695,0.23185328488901757,0.1978349807935848,,
ml1m__weighted_bpr__seed8__baseline__rwmode_dominance__fracs_0.1__0.2__0.3__0.4__norm_false__sota_mmr_pop__slam_0.2,ml1m,weighted_bpr,8,/home/oqiw47aj/oqiw47aj/CIKM2026/experiments/cikm2026_SOTA/rwmode_dominance__fracs_0.1__0.2__0.3__0.4__norm_false__sota_mmr_pop__slam_0.2/ml1m/weighted_bpr/seed_8/baseline,baseline__rwmode_dominance__fracs_0.1__0.2__0.3__0.4__norm_false__sota_mmr_pop__slam_0.2,mmr_pop,0.2,0.0,0.2591,0.1647,0.4518,0.3381466221056637,0.002119205298013245,0.0027296184931617754,0.1325346202855816,0.04969400089378888,0.1978349807935848,0.3303696010791664,0.27650227600254695,0.23185328488901757,0.1978349807935848,,
ml1m__weighted_bpr__seed8__baseline__rwmode_dominance__fracs_0.1__0.2__0.3__0.4__norm_false__sota_calib_pop__slam_0.2,ml1m,weighted_bpr,8,/home/oqiw47aj/oqiw47aj/CIKM2026/experiments/cikm2026_SOTA/rwmode_dominance__fracs_0.1__0.2__0.3__0.4__norm_false__sota_calib_pop__slam_0.2/ml1m/weighted_bpr/seed_8/baseline,baseline__rwmode_dominance__fracs_0.1__0.2__0.3__0.4__norm_false__sota_calib_pop__slam_0.2,calib_pop,0.2,0.0,0.2591,0.1647,0.4518,0.3381466221056637,0.002119205298013245,0.0027296184931617754,0.1325346202855816,0.04969400089378888,0.1978349807935848,0.3303696010791664,0.27650227600254695,0.23185328488901757,0.1978349807935848,,
ml1m__weighted_bpr__seed9__baseline__rwmode_dominance__fracs_0.1__0.2__0.3__0.4__norm_false__sota_pop_inverse__slam_0.2,ml1m,weighted_bpr,9,/home/oqiw47aj/oqiw47aj/CIKM2026/experiments/cikm2026_SOTA/rwmode_dominance__fracs_0.1__0.2__0.3__0.4__norm_false__sota_pop_inverse__slam_0.2/ml1m/weighted_bpr/seed_9/baseline,baseline__rwmode_dominance__fracs_0.1__0.2__0.3__0.4__norm_false__sota_pop_inverse__slam_0.2,pop_inverse,0.2,0.0,0.2576,0.1683,0.4446,0.3295042379997034,0.0027483443708609273,0.0036205806015350683,0.14267250003867057,0.05249896309715778,0.19354601363783328,0.33621851367650385,0.26815387028708515,0.23251222010930206,0.19354601363783328,,
ml1m__weighted_bpr__seed9__baseline__rwmode_dominance__fracs_0.1__0.2__0.3__0.4__norm_false__sota_head_penalty__slam_0.2,ml1m,weighted_bpr,9,/home/oqiw47aj/oqiw47aj/CIKM2026/experiments/cikm2026_SOTA/rwmode_dominance__fracs_0.1__0.2__0.3__0.4__norm_false__sota_head_penalty__slam_0.2/ml1m/weighted_bpr/seed_9/baseline,baseline__rwmode_dominance__fracs_0.1__0.2__0.3__0.4__norm_false__sota_head_penalty__slam_0.2,head_penalty,0.2,0.0,0.2576,0.1683,0.4446,0.3295042379997034,0.0027483443708609273,0.0036205806015350683,0.14267250003867057,0.05249896309715778,0.19354601363783328,0.33621851367650385,0.26815387028708515,0.23251222010930206,0.19354601363783328,,
ml1m__weighted_bpr__seed9__baseline__rwmode_dominance__fracs_0.1__0.2__0.3__0.4__norm_false__sota_xquad_pop__slam_0.2,ml1m,weighted_bpr,9,/home/oqiw47aj/oqiw47aj/CIKM2026/experiments/cikm2026_SOTA/rwmode_dominance__fracs_0.1__0.2__0.3__0.4__norm_false__sota_xquad_pop__slam_0.2/ml1m/weighted_bpr/seed_9/baseline,baseline__rwmode_dominance__fracs_0.1__0.2__0.3__0.4__norm_false__sota_xquad_pop__slam_0.2,xquad_pop,0.2,0.0,0.2576,0.1683,0.4446,0.3295042379997034,0.0027483443708609273,0.0036205806015350683,0.14267250003867057,0.05249896309715778,0.19354601363783328,0.33621851367650385,0.26815387028708515,0.23251222010930206,0.19354601363783328,,
ml1m__weighted_bpr__seed9__baseline__rwmode_dominance__fracs_0.1__0.2__0.3__0.4__norm_false__sota_mmr_pop__slam_0.2,ml1m,weighted_bpr,9,/home/oqiw47aj/oqiw47aj/CIKM2026/experiments/cikm2026_SOTA/rwmode_dominance__fracs_0.1__0.2__0.3__0.4__norm_false__sota_mmr_pop__slam_0.2/ml1m/weighted_bpr/seed_9/baseline,baseline__rwmode_dominance__fracs_0.1__0.2__0.3__0.4__norm_false__sota_mmr_pop__slam_0.2,mmr_pop,0.2,0.0,0.2576,0.1683,0.4446,0.3295042379997034,0.0027483443708609273,0.0036205806015350683,0.14267250003867057,0.05249896309715778,0.19354601363783328,0.33621851367650385,0.26815387028708515,0.23251222010930206,0.19354601363783328,,
ml1m__weighted_bpr__seed9__baseline__rwmode_dominance__fracs_0.1__0.2__0.3__0.4__norm_false__sota_calib_pop__slam_0.2,ml1m,weighted_bpr,9,/home/oqiw47aj/oqiw47aj/CIKM2026/experiments/cikm2026_SOTA/rwmode_dominance__fracs_0.1__0.2__0.3__0.4__norm_false__sota_calib_pop__slam_0.2/ml1m/weighted_bpr/seed_9/baseline,baseline__rwmode_dominance__fracs_0.1__0.2__0.3__0.4__norm_false__sota_calib_pop__slam_0.2,calib_pop,0.2,0.0,0.2576,0.1683,0.4446,0.3295042379997034,0.0027483443708609273,0.0036205806015350683,0.14267250003867057,0.05249896309715778,0.19354601363783328,0.33621851367650385,0.26815387028708515,0.23251222010930206,0.19354601363783328,,
ml1m__weighted_itemknn__seed0__baseline__rwmode_dominance__fracs_0.1__0.2__0.3__0.4__norm_false__sota_pop_inverse__slam_0.2,ml1m,weighted_itemknn,0,/home/oqiw47aj/oqiw47aj/CIKM2026/experiments/cikm2026_SOTA/rwmode_dominance__fracs_0.1__0.2__0.3__0.4__norm_false__sota_pop_inverse__slam_0.2/ml1m/weighted_itemknn/seed_0/baseline,baseline__rwmode_dominance__fracs_0.1__0.2__0.3__0.4__norm_false__sota_pop_inverse__slam_0.2,pop_inverse,0.2,0.0,0.2582,0.1668,0.4481,0.3719214565427498,0.0008940397350993377,0.001059384379964609,0.1333397294883809,0.05157379766513457,0.20328263404038432,0.33662236352876523,0.270981081852923,0.22200485873569747,0.20328263404038432,,
ml1m__weighted_itemknn__seed0__baseline__rwmode_dominance__fracs_0.1__0.2__0.3__0.4__norm_false__sota_head_penalty__slam_0.2,ml1m,weighted_itemknn,0,/home/oqiw47aj/oqiw47aj/CIKM2026/experiments/cikm2026_SOTA/rwmode_dominance__fracs_0.1__0.2__0.3__0.4__norm_false__sota_head_penalty__slam_0.2/ml1m/weighted_itemknn/seed_0/baseline,baseline__rwmode_dominance__fracs_0.1__0.2__0.3__0.4__norm_false__sota_head_penalty__slam_0.2,head_penalty,0.2,0.0,0.2582,0.1668,0.4481,0.3719214565427498,0.0008940397350993377,0.001059384379964609,0.1333397294883809,0.05157379766513457,0.20328263404038432,0.33662236352876523,0.270981081852923,0.22200485873569747,0.20328263404038432,,
ml1m__weighted_itemknn__seed0__baseline__rwmode_dominance__fracs_0.1__0.2__0.3__0.4__norm_false__sota_xquad_pop__slam_0.2,ml1m,weighted_itemknn,0,/home/oqiw47aj/oqiw47aj/CIKM2026/experiments/cikm2026_SOTA/rwmode_dominance__fracs_0.1__0.2__0.3__0.4__norm_false__sota_xquad_pop__slam_0.2/ml1m/weighted_itemknn/seed_0/baseline,baseline__rwmode_dominance__fracs_0.1__0.2__0.3__0.4__norm_false__sota_xquad_pop__slam_0.2,xquad_pop,0.2,0.0,0.2582,0.1668,0.4481,0.3719214565427498,0.0008940397350993377,0.001059384379964609,0.1333397294883809,0.05157379766513457,0.20328263404038432,0.33662236352876523,0.270981081852923,0.22200485873569747,0.20328263404038432,,
ml1m__weighted_itemknn__seed0__baseline__rwmode_dominance__fracs_0.1__0.2__0.3__0.4__norm_false__sota_mmr_pop__slam_0.2,ml1m,weighted_itemknn,0,/home/oqiw47aj/oqiw47aj/CIKM2026/experiments/cikm2026_SOTA/rwmode_dominance__fracs_0.1__0.2__0.3__0.4__norm_false__sota_mmr_pop__slam_0.2/ml1m/weighted_itemknn/seed_0/baseline,baseline__rwmode_dominance__fracs_0.1__0.2__0.3__0.4__norm_false__sota_mmr_pop__slam_0.2,mmr_pop,0.2,0.0,0.2582,0.1668,0.4481,0.3719214565427498,0.0008940397350993377,0.001059384379964609,0.1333397294883809,0.05157379766513457,0.20328263404038432,0.33662236352876523,0.270981081852923,0.22200485873569747,0.20328263404038432,,
ml1m__weighted_itemknn__seed0__baseline__rwmode_dominance__fracs_0.1__0.2__0.3__0.4__norm_false__sota_calib_pop__slam_0.2,ml1m,weighted_itemknn,0,/home/oqiw47aj/oqiw47aj/CIKM2026/experiments/cikm2026_SOTA/rwmode_dominance__fracs_0.1__0.2__0.3__0.4__norm_false__sota_calib_pop__slam_0.2/ml1m/weighted_itemknn/seed_0/baseline,baseline__rwmode_dominance__fracs_0.1__0.2__0.3__0.4__norm_false__sota_calib_pop__slam_0.2,calib_pop,0.2,0.0,0.2582,0.1668,0.4481,0.3719214565427498,0.0008940397350993377,0.001059384379964609,0.1333397294883809,0.05157379766513457,0.20328263404038432,0.33662236352876523,0.270981081852923,0.22200485873569747,0.20328263404038432,,
ml1m__weighted_itemknn__seed1__baseline__rwmode_dominance__fracs_0.1__0.2__0.3__0.4__norm_false__sota_pop_inverse__slam_0.2,ml1m,weighted_itemknn,1,/home/oqiw47aj/oqiw47aj/CIKM2026/experiments/cikm2026_SOTA/rwmode_dominance__fracs_0.1__0.2__0.3__0.4__norm_false__sota_pop_inverse__slam_0.2/ml1m/weighted_itemknn/seed_1/baseline,baseline__rwmode_dominance__fracs_0.1__0.2__0.3__0.4__norm_false__sota_pop_inverse__slam_0.2,pop_inverse,0.2,0.0,0.2558,0.1629,0.4492,0.370812185019571,0.0009105960264900663,0.0010818466138188135,0.12743340904752104,0.049558980139906075,0.2007759550904077,0.3282093641379287,0.2735465717111652,0.22060527459261134,0.2007759550904077,,
ml1m__weighted_itemknn__seed1__baseline__rwmode_dominance__fracs_0.1__0.2__0.3__0.4__norm_false__sota_head_penalty__slam_0.2,ml1m,weighted_itemknn,1,/home/oqiw47aj/oqiw47aj/CIKM2026/experiments/cikm2026_SOTA/rwmode_dominance__fracs_0.1__0.2__0.3__0.4__norm_false__sota_head_penalty__slam_0.2/ml1m/weighted_itemknn/seed_1/baseline,baseline__rwmode_dominance__fracs_0.1__0.2__0.3__0.4__norm_false__sota_head_penalty__slam_0.2,head_penalty,0.2,0.0,0.2558,0.1629,0.4492,0.370812185019571,0.0009105960264900663,0.0010818466138188135,0.12743340904752104,0.049558980139906075,0.2007759550904077,0.3282093641379287,0.2735465717111652,0.22060527459261134,0.2007759550904077,,
ml1m__weighted_itemknn__seed1__baseline__rwmode_dominance__fracs_0.1__0.2__0.3__0.4__norm_false__sota_xquad_pop__slam_0.2,ml1m,weighted_itemknn,1,/home/oqiw47aj/oqiw47aj/CIKM2026/experiments/cikm2026_SOTA/rwmode_dominance__fracs_0.1__0.2__0.3__0.4__norm_false__sota_xquad_pop__slam_0.2/ml1m/weighted_itemknn/seed_1/baseline,baseline__rwmode_dominance__fracs_0.1__0.2__0.3__0.4__norm_false__sota_xquad_pop__slam_0.2,xquad_pop,0.2,0.0,0.2558,0.1629,0.4492,0.370812185019571,0.0009105960264900663,0.0010818466138188135,0.12743340904752104,0.049558980139906075,0.2007759550904077,0.3282093641379287,0.2735465717111652,0.22060527459261134,0.2007759550904077,,
ml1m__weighted_itemknn__seed1__baseline__rwmode_dominance__fracs_0.1__0.2__0.3__0.4__norm_false__sota_mmr_pop__slam_0.2,ml1m,weighted_itemknn,1,/home/oqiw47aj/oqiw47aj/CIKM2026/experiments/cikm2026_SOTA/rwmode_dominance__fracs_0.1__0.2__0.3__0.4__norm_false__sota_mmr_pop__slam_0.2/ml1m/weighted_itemknn/seed_1/baseline,baseline__rwmode_dominance__fracs_0.1__0.2__0.3__0.4__norm_false__sota_mmr_pop__slam_0.2,mmr_pop,0.2,0.0,0.2558,0.1629,0.4492,0.370812185019571,0.0009105960264900663,0.0010818466138188135,0.12743340904752104,0.049558980139906075,0.2007759550904077,0.3282093641379287,0.2735465717111652,0.22060527459261134,0.2007759550904077,,
ml1m__weighted_itemknn__seed1__baseline__rwmode_dominance__fracs_0.1__0.2__0.3__0.4__norm_false__sota_calib_pop__slam_0.2,ml1m,weighted_itemknn,1,/home/oqiw47aj/oqiw47aj/CIKM2026/experiments/cikm2026_SOTA/rwmode_dominance__fracs_0.1__0.2__0.3__0.4__norm_false__sota_calib_pop__slam_0.2/ml1m/weighted_itemknn/seed_1/baseline,baseline__rwmode_dominance__fracs_0.1__0.2__0.3__0.4__norm_false__sota_calib_pop__slam_0.2,calib_pop,0.2,0.0,0.2558,0.1629,0.4492,0.370812185019571,0.0009105960264900663,0.0010818466138188135,0.12743340904752104,0.049558980139906075,0.2007759550904077,0.3282093641379287,0.2735465717111652,0.22060527459261134,0.2007759550904077,,
ml1m__weighted_itemknn__seed2__baseline__rwmode_dominance__fracs_0.1__0.2__0.3__0.4__norm_false__sota_pop_inverse__slam_0.2,ml1m,weighted_itemknn,2,/home/oqiw47aj/oqiw47aj/CIKM2026/experiments/cikm2026_SOTA/rwmode_dominance__fracs_0.1__0.2__0.3__0.4__norm_false__sota_pop_inverse__slam_0.2/ml1m/weighted_itemknn/seed_2/baseline,baseline__rwmode_dominance__fracs_0.1__0.2__0.3__0.4__norm_false__sota_pop_inverse__slam_0.2,pop_inverse,0.2,0.0,0.2562,0.1623,0.4488,0.37258370819837894,0.0009105960264900663,0.0010773118132124445,0.13891972586836668,0.05252102664264447,0.1971481642465394,0.33606789011490606,0.26778525166332606,0.22404986009157993,0.1971481642465394,,
ml1m__weighted_itemknn__seed2__baseline__rwmode_dominance__fracs_0.1__0.2__0.3__0.4__norm_false__sota_head_penalty__slam_0.2,ml1m,weighted_itemknn,2,/home/oqiw47aj/oqiw47aj/CIKM2026/experiments/cikm2026_SOTA/rwmode_dominance__fracs_0.1__0.2__0.3__0.4__norm_false__sota_head_penalty__slam_0.2/ml1m/weighted_itemknn/seed_2/baseline,baseline__rwmode_dominance__fracs_0.1__0.2__0.3__0.4__norm_false__sota_head_penalty__slam_0.2,head_penalty,0.2,0.0,0.2562,0.1623,0.4488,0.37258370819837894,0.0009105960264900663,0.0010773118132124445,0.13891972586836668,0.05252102664264447,0.1971481642465394,0.33606789011490606,0.26778525166332606,0.22404986009157993,0.1971481642465394,,
ml1m__weighted_itemknn__seed2__baseline__rwmode_dominance__fracs_0.1__0.2__0.3__0.4__norm_false__sota_xquad_pop__slam_0.2,ml1m,weighted_itemknn,2,/home/oqiw47aj/oqiw47aj/CIKM2026/experiments/cikm2026_SOTA/rwmode_dominance__fracs_0.1__0.2__0.3__0.4__norm_false__sota_xquad_pop__slam_0.2/ml1m/weighted_itemknn/seed_2/baseline,baseline__rwmode_dominance__fracs_0.1__0.2__0.3__0.4__norm_false__sota_xquad_pop__slam_0.2,xquad_pop,0.2,0.0,0.2562,0.1623,0.4488,0.37258370819837894,0.0009105960264900663,0.0010773118132124445,0.13891972586836668,0.05252102664264447,0.1971481642465394,0.33606789011490606,0.26778525166332606,0.22404986009157993,0.1971481642465394,,
ml1m__weighted_itemknn__seed2__baseline__rwmode_dominance__fracs_0.1__0.2__0.3__0.4__norm_false__sota_mmr_pop__slam_0.2,ml1m,weighted_itemknn,2,/home/oqiw47aj/oqiw47aj/CIKM2026/experiments/cikm2026_SOTA/rwmode_dominance__fracs_0.1__0.2__0.3__0.4__norm_false__sota_mmr_pop__slam_0.2/ml1m/weighted_itemknn/seed_2/baseline,baseline__rwmode_dominance__fracs_0.1__0.2__0.3__0.4__norm_false__sota_mmr_pop__slam_0.2,mmr_pop,0.2,0.0,0.2562,0.1623,0.4488,0.37258370819837894,0.0009105960264900663,0.0010773118132124445,0.13891972586836668,0.05252102664264447,0.1971481642465394,0.33606789011490606,0.26778525166332606,0.22404986009157993,0.1971481642465394,,
ml1m__weighted_itemknn__seed2__baseline__rwmode_dominance__fracs_0.1__0.2__0.3__0.4__norm_false__sota_calib_pop__slam_0.2,ml1m,weighted_itemknn,2,/home/oqiw47aj/oqiw47aj/CIKM2026/experiments/cikm2026_SOTA/rwmode_dominance__fracs_0.1__0.2__0.3__0.4__norm_false__sota_calib_pop__slam_0.2/ml1m/weighted_itemknn/seed_2/baseline,baseline__rwmode_dominance__fracs_0.1__0.2__0.3__0.4__norm_false__sota_calib_pop__slam_0.2,calib_pop,0.2,0.0,0.2562,0.1623,0.4488,0.37258370819837894,0.0009105960264900663,0.0010773118132124445,0.13891972586836668,0.05252102664264447,0.1971481642465394,0.33606789011490606,0.26778525166332606,0.22404986009157993,0.1971481642465394,,
ml1m__weighted_itemknn__seed3__baseline__rwmode_dominance__fracs_0.1__0.2__0.3__0.4__norm_false__sota_pop_inverse__slam_0.2,ml1m,weighted_itemknn,3,/home/oqiw47aj/oqiw47aj/CIKM2026/experiments/cikm2026_SOTA/rwmode_dominance__fracs_0.1__0.2__0.3__0.4__norm_false__sota_pop_inverse__slam_0.2/ml1m/weighted_itemknn/seed_3/baseline,baseline__rwmode_dominance__fracs_0.1__0.2__0.3__0.4__norm_false__sota_pop_inverse__slam_0.2,pop_inverse,0.2,0.0,0.2589,0.1647,0.4451,0.3727575492579816,0.0008940397350993377,0.001057289423188631,0.15302934966898712,0.057629086917652866,0.1943559112433627,0.34738526091234984,0.26948298480388555,0.2245943414037468,0.1943559112433627,,
ml1m__weighted_itemknn__seed3__baseline__rwmode_dominance__fracs_0.1__0.2__0.3__0.4__norm_false__sota_head_penalty__slam_0.2,ml1m,weighted_itemknn,3,/home/oqiw47aj/oqiw47aj/CIKM2026/experiments/cikm2026_SOTA/rwmode_dominance__fracs_0.1__0.2__0.3__0.4__norm_false__sota_head_penalty__slam_0.2/ml1m/weighted_itemknn/seed_3/baseline,baseline__rwmode_dominance__fracs_0.1__0.2__0.3__0.4__norm_false__sota_head_penalty__slam_0.2,head_penalty,0.2,0.0,0.2589,0.1647,0.4451,0.3727575492579816,0.0008940397350993377,0.001057289423188631,0.15302934966898712,0.057629086917652866,0.1943559112433627,0.34738526091234984,0.26948298480388555,0.2245943414037468,0.1943559112433627,,
ml1m__weighted_itemknn__seed3__baseline__rwmode_dominance__fracs_0.1__0.2__0.3__0.4__norm_false__sota_xquad_pop__slam_0.2,ml1m,weighted_itemknn,3,/home/oqiw47aj/oqiw47aj/CIKM2026/experiments/cikm2026_SOTA/rwmode_dominance__fracs_0.1__0.2__0.3__0.4__norm_false__sota_xquad_pop__slam_0.2/ml1m/weighted_itemknn/seed_3/baseline,baseline__rwmode_dominance__fracs_0.1__0.2__0.3__0.4__norm_false__sota_xquad_pop__slam_0.2,xquad_pop,0.2,0.0,0.2589,0.1647,0.4451,0.3727575492579816,0.0008940397350993377,0.001057289423188631,0.15302934966898712,0.057629086917652866,0.1943559112433627,0.34738526091234984,0.26948298480388555,0.2245943414037468,0.1943559112433627,,
ml1m__weighted_itemknn__seed3__baseline__rwmode_dominance__fracs_0.1__0.2__0.3__0.4__norm_false__sota_mmr_pop__slam_0.2,ml1m,weighted_itemknn,3,/home/oqiw47aj/oqiw47aj/CIKM2026/experiments/cikm2026_SOTA/rwmode_dominance__fracs_0.1__0.2__0.3__0.4__norm_false__sota_mmr_pop__slam_0.2/ml1m/weighted_itemknn/seed_3/baseline,baseline__rwmode_dominance__fracs_0.1__0.2__0.3__0.4__norm_false__sota_mmr_pop__slam_0.2,mmr_pop,0.2,0.0,0.2589,0.1647,0.4451,0.3727575492579816,0.0008940397350993377,0.001057289423188631,0.15302934966898712,0.057629086917652866,0.1943559112433627,0.34738526091234984,0.26948298480388555,0.2245943414037468,0.1943559112433627,,
ml1m__weighted_itemknn__seed3__baseline__rwmode_dominance__fracs_0.1__0.2__0.3__0.4__norm_false__sota_calib_pop__slam_0.2,ml1m,weighted_itemknn,3,/home/oqiw47aj/oqiw47aj/CIKM2026/experiments/cikm2026_SOTA/rwmode_dominance__fracs_0.1__0.2__0.3__0.4__norm_false__sota_calib_pop__slam_0.2/ml1m/weighted_itemknn/seed_3/baseline,baseline__rwmode_dominance__fracs_0.1__0.2__0.3__0.4__norm_false__sota_calib_pop__slam_0.2,calib_pop,0.2,0.0,0.2589,0.1647,0.4451,0.3727575492579816,0.0008940397350993377,0.001057289423188631,0.15302934966898712,0.057629086917652866,0.1943559112433627,0.34738526091234984,0.26948298480388555,0.2245943414037468,0.1943559112433627,,
ml1m__weighted_itemknn__seed4__baseline__rwmode_dominance__fracs_0.1__0.2__0.3__0.4__norm_false__sota_pop_inverse__slam_0.2,ml1m,weighted_itemknn,4,/home/oqiw47aj/oqiw47aj/CIKM2026/experiments/cikm2026_SOTA/rwmode_dominance__fracs_0.1__0.2__0.3__0.4__norm_false__sota_pop_inverse__slam_0.2/ml1m/weighted_itemknn/seed_4/baseline,baseline__rwmode_dominance__fracs_0.1__0.2__0.3__0.4__norm_false__sota_pop_inverse__slam_0.2,pop_inverse,0.2,0.0,0.2572,0.1643,0.4479,0.37267476780102793,0.0005629139072847682,0.0006658311138954995,0.1398272147292202,0.052388676631302596,0.19837359586904543,0.3382008105982656,0.2651320020916952,0.22730499820731181,0.19837359586904543,,
ml1m__weighted_itemknn__seed4__baseline__rwmode_dominance__fracs_0.1__0.2__0.3__0.4__norm_false__sota_head_penalty__slam_0.2,ml1m,weighted_itemknn,4,/home/oqiw47aj/oqiw47aj/CIKM2026/experiments/cikm2026_SOTA/rwmode_dominance__fracs_0.1__0.2__0.3__0.4__norm_false__sota_head_penalty__slam_0.2/ml1m/weighted_itemknn/seed_4/baseline,baseline__rwmode_dominance__fracs_0.1__0.2__0.3__0.4__norm_false__sota_head_penalty__slam_0.2,head_penalty,0.2,0.0,0.2572,0.1643,0.4479,0.37267476780102793,0.0005629139072847682,0.0006658311138954995,0.1398272147292202,0.052388676631302596,0.19837359586904543,0.3382008105982656,0.2651320020916952,0.22730499820731181,0.19837359586904543,,
ml1m__weighted_itemknn__seed4__baseline__rwmode_dominance__fracs_0.1__0.2__0.3__0.4__norm_false__sota_xquad_pop__slam_0.2,ml1m,weighted_itemknn,4,/home/oqiw47aj/oqiw47aj/CIKM2026/experiments/cikm2026_SOTA/rwmode_dominance__fracs_0.1__0.2__0.3__0.4__norm_false__sota_xquad_pop__slam_0.2/ml1m/weighted_itemknn/seed_4/baseline,baseline__rwmode_dominance__fracs_0.1__0.2__0.3__0.4__norm_false__sota_xquad_pop__slam_0.2,xquad_pop,0.2,0.0,0.2572,0.1643,0.4479,0.37267476780102793,0.0005629139072847682,0.0006658311138954995,0.1398272147292202,0.052388676631302596,0.19837359586904543,0.3382008105982656,0.2651320020916952,0.22730499820731181,0.19837359586904543,,
ml1m__weighted_itemknn__seed4__baseline__rwmode_dominance__fracs_0.1__0.2__0.3__0.4__norm_false__sota_mmr_pop__slam_0.2,ml1m,weighted_itemknn,4,/home/oqiw47aj/oqiw47aj/CIKM2026/experiments/cikm2026_SOTA/rwmode_dominance__fracs_0.1__0.2__0.3__0.4__norm_false__sota_mmr_pop__slam_0.2/ml1m/weighted_itemknn/seed_4/baseline,baseline__rwmode_dominance__fracs_0.1__0.2__0.3__0.4__norm_false__sota_mmr_pop__slam_0.2,mmr_pop,0.2,0.0,0.2572,0.1643,0.4479,0.37267476780102793,0.0005629139072847682,0.0006658311138954995,0.1398272147292202,0.052388676631302596,0.19837359586904543,0.3382008105982656,0.2651320020916952,0.22730499820731181,0.19837359586904543,,
ml1m__weighted_itemknn__seed4__baseline__rwmode_dominance__fracs_0.1__0.2__0.3__0.4__norm_false__sota_calib_pop__slam_0.2,ml1m,weighted_itemknn,4,/home/oqiw47aj/oqiw47aj/CIKM2026/experiments/cikm2026_SOTA/rwmode_dominance__fracs_0.1__0.2__0.3__0.4__norm_false__sota_calib_pop__slam_0.2/ml1m/weighted_itemknn/seed_4/baseline,baseline__rwmode_dominance__fracs_0.1__0.2__0.3__0.4__norm_false__sota_calib_pop__slam_0.2,calib_pop,0.2,0.0,0.2572,0.1643,0.4479,0.37267476780102793,0.0005629139072847682,0.0006658311138954995,0.1398272147292202,0.052388676631302596,0.19837359586904543,0.3382008105982656,0.2651320020916952,0.22730499820731181,0.19837359586904543,,
ml1m__weighted_itemknn__seed5__baseline__rwmode_dominance__fracs_0.1__0.2__0.3__0.4__norm_false__sota_pop_inverse__slam_0.2,ml1m,weighted_itemknn,5,/home/oqiw47aj/oqiw47aj/CIKM2026/experiments/cikm2026_SOTA/rwmode_dominance__fracs_0.1__0.2__0.3__0.4__norm_false__sota_pop_inverse__slam_0.2/ml1m/weighted_itemknn/seed_5/baseline,baseline__rwmode_dominance__fracs_0.1__0.2__0.3__0.4__norm_false__sota_pop_inverse__slam_0.2,pop_inverse,0.2,0.0,0.2558,0.1632,0.444,0.3701747678010279,0.0007450331125827815,0.0008864898940141536,0.14498304514783886,0.05347193736715462,0.19343007671467657,0.33841312186251543,0.26175853724049064,0.229597844693664,0.19343007671467657,,
ml1m__weighted_itemknn__seed5__baseline__rwmode_dominance__fracs_0.1__0.2__0.3__0.4__norm_false__sota_head_penalty__slam_0.2,ml1m,weighted_itemknn,5,/home/oqiw47aj/oqiw47aj/CIKM2026/experiments/cikm2026_SOTA/rwmode_dominance__fracs_0.1__0.2__0.3__0.4__norm_false__sota_head_penalty__slam_0.2/ml1m/weighted_itemknn/seed_5/baseline,baseline__rwmode_dominance__fracs_0.1__0.2__0.3__0.4__norm_false__sota_head_penalty__slam_0.2,head_penalty,0.2,0.0,0.2558,0.1632,0.444,0.3701747678010279,0.0007450331125827815,0.0008864898940141536,0.14498304514783886,0.05347193736715462,0.19343007671467657,0.33841312186251543,0.26175853724049064,0.229597844693664,0.19343007671467657,,
ml1m__weighted_itemknn__seed5__baseline__rwmode_dominance__fracs_0.1__0.2__0.3__0.4__norm_false__sota_xquad_pop__slam_0.2,ml1m,weighted_itemknn,5,/home/oqiw47aj/oqiw47aj/CIKM2026/experiments/cikm2026_SOTA/rwmode_dominance__fracs_0.1__0.2__0.3__0.4__norm_false__sota_xquad_pop__slam_0.2/ml1m/weighted_itemknn/seed_5/baseline,baseline__rwmode_dominance__fracs_0.1__0.2__0.3__0.4__norm_false__sota_xquad_pop__slam_0.2,xquad_pop,0.2,0.0,0.2558,0.1632,0.444,0.3701747678010279,0.0007450331125827815,0.0008864898940141536,0.14498304514783886,0.05347193736715462,0.19343007671467657,0.33841312186251543,0.26175853724049064,0.229597844693664,0.19343007671467657,,
ml1m__weighted_itemknn__seed5__baseline__rwmode_dominance__fracs_0.1__0.2__0.3__0.4__norm_false__sota_mmr_pop__slam_0.2,ml1m,weighted_itemknn,5,/home/oqiw47aj/oqiw47aj/CIKM2026/experiments/cikm2026_SOTA/rwmode_dominance__fracs_0.1__0.2__0.3__0.4__norm_false__sota_mmr_pop__slam_0.2/ml1m/weighted_itemknn/seed_5/baseline,baseline__rwmode_dominance__fracs_0.1__0.2__0.3__0.4__norm_false__sota_mmr_pop__slam_0.2,mmr_pop,0.2,0.0,0.2558,0.1632,0.444,0.3701747678010279,0.0007450331125827815,0.0008864898940141536,0.14498304514783886,0.05347193736715462,0.19343007671467657,0.33841312186251543,0.26175853724049064,0.229597844693664,0.19343007671467657,,
ml1m__weighted_itemknn__seed5__baseline__rwmode_dominance__fracs_0.1__0.2__0.3__0.4__norm_false__sota_calib_pop__slam_0.2,ml1m,weighted_itemknn,5,/home/oqiw47aj/oqiw47aj/CIKM2026/experiments/cikm2026_SOTA/rwmode_dominance__fracs_0.1__0.2__0.3__0.4__norm_false__sota_calib_pop__slam_0.2/ml1m/weighted_itemknn/seed_5/baseline,baseline__rwmode_dominance__fracs_0.1__0.2__0.3__0.4__norm_false__sota_calib_pop__slam_0.2,calib_pop,0.2,0.0,0.2558,0.1632,0.444,0.3701747678010279,0.0007450331125827815,0.0008864898940141536,0.14498304514783886,0.05347193736715462,0.19343007671467657,0.33841312186251543,0.26175853724049064,0.229597844693664,0.19343007671467657,,
ml1m__weighted_itemknn__seed6__baseline__rwmode_dominance__fracs_0.1__0.2__0.3__0.4__norm_false__sota_pop_inverse__slam_0.2,ml1m,weighted_itemknn,6,/home/oqiw47aj/oqiw47aj/CIKM2026/experiments/cikm2026_SOTA/rwmode_dominance__fracs_0.1__0.2__0.3__0.4__norm_false__sota_pop_inverse__slam_0.2/ml1m/weighted_itemknn/seed_6/baseline,baseline__rwmode_dominance__fracs_0.1__0.2__0.3__0.4__norm_false__sota_pop_inverse__slam_0.2,pop_inverse,0.2,0.0,0.2587,0.1651,0.4453,0.3731797346884451,0.0007615894039735099,0.0008997555012214309,0.15110197207083095,0.057583962245779524,0.1939450818555046,0.34504705392633556,0.27428189484623394,0.22166154924255224,0.1939450818555046,,
ml1m__weighted_itemknn__seed6__baseline__rwmode_dominance__fracs_0.1__0.2__0.3__0.4__norm_false__sota_head_penalty__slam_0.2,ml1m,weighted_itemknn,6,/home/oqiw47aj/oqiw47aj/CIKM2026/experiments/cikm2026_SOTA/rwmode_dominance__fracs_0.1__0.2__0.3__0.4__norm_false__sota_head_penalty__slam_0.2/ml1m/weighted_itemknn/seed_6/baseline,baseline__rwmode_dominance__fracs_0.1__0.2__0.3__0.4__norm_false__sota_head_penalty__slam_0.2,head_penalty,0.2,0.0,0.2587,0.1651,0.4453,0.3731797346884451,0.0007615894039735099,0.0008997555012214309,0.15110197207083095,0.057583962245779524,0.1939450818555046,0.34504705392633556,0.27428189484623394,0.22166154924255224,0.1939450818555046,,
ml1m__weighted_itemknn__seed6__baseline__rwmode_dominance__fracs_0.1__0.2__0.3__0.4__norm_false__sota_xquad_pop__slam_0.2,ml1m,weighted_itemknn,6,/home/oqiw47aj/oqiw47aj/CIKM2026/experiments/cikm2026_SOTA/rwmode_dominance__fracs_0.1__0.2__0.3__0.4__norm_false__sota_xquad_pop__slam_0.2/ml1m/weighted_itemknn/seed_6/baseline,baseline__rwmode_dominance__fracs_0.1__0.2__0.3__0.4__norm_false__sota_xquad_pop__slam_0.2,xquad_pop,0.2,0.0,0.2587,0.1651,0.4453,0.3731797346884451,0.0007615894039735099,0.0008997555012214309,0.15110197207083095,0.057583962245779524,0.1939450818555046,0.34504705392633556,0.27428189484623394,0.22166154924255224,0.1939450818555046,,
ml1m__weighted_itemknn__seed6__baseline__rwmode_dominance__fracs_0.1__0.2__0.3__0.4__norm_false__sota_mmr_pop__slam_0.2,ml1m,weighted_itemknn,6,/home/oqiw47aj/oqiw47aj/CIKM2026/experiments/cikm2026_SOTA/rwmode_dominance__fracs_0.1__0.2__0.3__0.4__norm_false__sota_mmr_pop__slam_0.2/ml1m/weighted_itemknn/seed_6/baseline,baseline__rwmode_dominance__fracs_0.1__0.2__0.3__0.4__norm_false__sota_mmr_pop__slam_0.2,mmr_pop,0.2,0.0,0.2587,0.1651,0.4453,0.3731797346884451,0.0007615894039735099,0.0008997555012214309,0.15110197207083095,0.057583962245779524,0.1939450818555046,0.34504705392633556,0.27428189484623394,0.22166154924255224,0.1939450818555046,,
ml1m__weighted_itemknn__seed6__baseline__rwmode_dominance__fracs_0.1__0.2__0.3__0.4__norm_false__sota_calib_pop__slam_0.2,ml1m,weighted_itemknn,6,/home/oqiw47aj/oqiw47aj/CIKM2026/experiments/cikm2026_SOTA/rwmode_dominance__fracs_0.1__0.2__0.3__0.4__norm_false__sota_calib_pop__slam_0.2/ml1m/weighted_itemknn/seed_6/baseline,baseline__rwmode_dominance__fracs_0.1__0.2__0.3__0.4__norm_false__sota_calib_pop__slam_0.2,calib_pop,0.2,0.0,0.2587,0.1651,0.4453,0.3731797346884451,0.0007615894039735099,0.0008997555012214309,0.15110197207083095,0.057583962245779524,0.1939450818555046,0.34504705392633556,0.27428189484623394,0.22166154924255224,0.1939450818555046,,
ml1m__weighted_itemknn__seed7__baseline__rwmode_dominance__fracs_0.1__0.2__0.3__0.4__norm_false__sota_pop_inverse__slam_0.2,ml1m,weighted_itemknn,7,/home/oqiw47aj/oqiw47aj/CIKM2026/experiments/cikm2026_SOTA/rwmode_dominance__fracs_0.1__0.2__0.3__0.4__norm_false__sota_pop_inverse__slam_0.2/ml1m/weighted_itemknn/seed_7/baseline,baseline__rwmode_dominance__fracs_0.1__0.2__0.3__0.4__norm_false__sota_pop_inverse__slam_0.2,pop_inverse,0.2,0.0,0.2536,0.1619,0.4399,0.3727658274036769,0.0008774834437086093,0.0010376896720496786,0.14529946159150484,0.05412775211112423,0.18980287460417575,0.3351023361956806,0.2655000763863669,0.2241900034529744,0.18980287460417575,,
ml1m__weighted_itemknn__seed7__baseline__rwmode_dominance__fracs_0.1__0.2__0.3__0.4__norm_false__sota_head_penalty__slam_0.2,ml1m,weighted_itemknn,7,/home/oqiw47aj/oqiw47aj/CIKM2026/experiments/cikm2026_SOTA/rwmode_dominance__fracs_0.1__0.2__0.3__0.4__norm_false__sota_head_penalty__slam_0.2/ml1m/weighted_itemknn/seed_7/baseline,baseline__rwmode_dominance__fracs_0.1__0.2__0.3__0.4__norm_false__sota_head_penalty__slam_0.2,head_penalty,0.2,0.0,0.2536,0.1619,0.4399,0.3727658274036769,0.0008774834437086093,0.0010376896720496786,0.14529946159150484,0.05412775211112423,0.18980287460417575,0.3351023361956806,0.2655000763863669,0.2241900034529744,0.18980287460417575,,
ml1m__weighted_itemknn__seed7__baseline__rwmode_dominance__fracs_0.1__0.2__0.3__0.4__norm_false__sota_xquad_pop__slam_0.2,ml1m,weighted_itemknn,7,/home/oqiw47aj/oqiw47aj/CIKM2026/experiments/cikm2026_SOTA/rwmode_dominance__fracs_0.1__0.2__0.3__0.4__norm_false__sota_xquad_pop__slam_0.2/ml1m/weighted_itemknn/seed_7/baseline,baseline__rwmode_dominance__fracs_0.1__0.2__0.3__0.4__norm_false__sota_xquad_pop__slam_0.2,xquad_pop,0.2,0.0,0.2536,0.1619,0.4399,0.3727658274036769,0.0008774834437086093,0.0010376896720496786,0.14529946159150484,0.05412775211112423,0.18980287460417575,0.3351023361956806,0.2655000763863669,0.2241900034529744,0.18980287460417575,,
ml1m__weighted_itemknn__seed7__baseline__rwmode_dominance__fracs_0.1__0.2__0.3__0.4__norm_false__sota_mmr_pop__slam_0.2,ml1m,weighted_itemknn,7,/home/oqiw47aj/oqiw47aj/CIKM2026/experiments/cikm2026_SOTA/rwmode_dominance__fracs_0.1__0.2__0.3__0.4__norm_false__sota_mmr_pop__slam_0.2/ml1m/weighted_itemknn/seed_7/baseline,baseline__rwmode_dominance__fracs_0.1__0.2__0.3__0.4__norm_false__sota_mmr_pop__slam_0.2,mmr_pop,0.2,0.0,0.2536,0.1619,0.4399,0.3727658274036769,0.0008774834437086093,0.0010376896720496786,0.14529946159150484,0.05412775211112423,0.18980287460417575,0.3351023361956806,0.2655000763863669,0.2241900034529744,0.18980287460417575,,
ml1m__weighted_itemknn__seed7__baseline__rwmode_dominance__fracs_0.1__0.2__0.3__0.4__norm_false__sota_calib_pop__slam_0.2,ml1m,weighted_itemknn,7,/home/oqiw47aj/oqiw47aj/CIKM2026/experiments/cikm2026_SOTA/rwmode_dominance__fracs_0.1__0.2__0.3__0.4__norm_false__sota_calib_pop__slam_0.2/ml1m/weighted_itemknn/seed_7/baseline,baseline__rwmode_dominance__fracs_0.1__0.2__0.3__0.4__norm_false__sota_calib_pop__slam_0.2,calib_pop,0.2,0.0,0.2536,0.1619,0.4399,0.3727658274036769,0.0008774834437086093,0.0010376896720496786,0.14529946159150484,0.05412775211112423,0.18980287460417575,0.3351023361956806,0.2655000763863669,0.2241900034529744,0.18980287460417575,,
ml1m__weighted_itemknn__seed8__baseline__rwmode_dominance__fracs_0.1__0.2__0.3__0.4__norm_false__sota_pop_inverse__slam_0.2,ml1m,weighted_itemknn,8,/home/oqiw47aj/oqiw47aj/CIKM2026/experiments/cikm2026_SOTA/rwmode_dominance__fracs_0.1__0.2__0.3__0.4__norm_false__sota_pop_inverse__slam_0.2/ml1m/weighted_itemknn/seed_8/baseline,baseline__rwmode_dominance__fracs_0.1__0.2__0.3__0.4__norm_false__sota_pop_inverse__slam_0.2,pop_inverse,0.2,0.0,0.2586,0.1682,0.448,0.37250092674142526,0.0006291390728476821,0.0007444703485287901,0.13081861598896208,0.05003025483705246,0.2050046008810882,0.3358232168700503,0.2681392131214566,0.22565717762314233,0.2050046008810882,,
ml1m__weighted_itemknn__seed8__baseline__rwmode_dominance__fracs_0.1__0.2__0.3__0.4__norm_false__sota_head_penalty__slam_0.2,ml1m,weighted_itemknn,8,/home/oqiw47aj/oqiw47aj/CIKM2026/experiments/cikm2026_SOTA/rwmode_dominance__fracs_0.1__0.2__0.3__0.4__norm_false__sota_head_penalty__slam_0.2/ml1m/weighted_itemknn/seed_8/baseline,baseline__rwmode_dominance__fracs_0.1__0.2__0.3__0.4__norm_false__sota_head_penalty__slam_0.2,head_penalty,0.2,0.0,0.2586,0.1682,0.448,0.37250092674142526,0.0006291390728476821,0.0007444703485287901,0.13081861598896208,0.05003025483705246,0.2050046008810882,0.3358232168700503,0.2681392131214566,0.22565717762314233,0.2050046008810882,,
ml1m__weighted_itemknn__seed8__baseline__rwmode_dominance__fracs_0.1__0.2__0.3__0.4__norm_false__sota_xquad_pop__slam_0.2,ml1m,weighted_itemknn,8,/home/oqiw47aj/oqiw47aj/CIKM2026/experiments/cikm2026_SOTA/rwmode_dominance__fracs_0.1__0.2__0.3__0.4__norm_false__sota_xquad_pop__slam_0.2/ml1m/weighted_itemknn/seed_8/baseline,baseline__rwmode_dominance__fracs_0.1__0.2__0.3__0.4__norm_false__sota_xquad_pop__slam_0.2,xquad_pop,0.2,0.0,0.2586,0.1682,0.448,0.37250092674142526,0.0006291390728476821,0.0007444703485287901,0.13081861598896208,0.05003025483705246,0.2050046008810882,0.3358232168700503,0.2681392131214566,0.22565717762314233,0.2050046008810882,,
ml1m__weighted_itemknn__seed8__baseline__rwmode_dominance__fracs_0.1__0.2__0.3__0.4__norm_false__sota_mmr_pop__slam_0.2,ml1m,weighted_itemknn,8,/home/oqiw47aj/oqiw47aj/CIKM2026/experiments/cikm2026_SOTA/rwmode_dominance__fracs_0.1__0.2__0.3__0.4__norm_false__sota_mmr_pop__slam_0.2/ml1m/weighted_itemknn/seed_8/baseline,baseline__rwmode_dominance__fracs_0.1__0.2__0.3__0.4__norm_false__sota_mmr_pop__slam_0.2,mmr_pop,0.2,0.0,0.2586,0.1682,0.448,0.37250092674142526,0.0006291390728476821,0.0007444703485287901,0.13081861598896208,0.05003025483705246,0.2050046008810882,0.3358232168700503,0.2681392131214566,0.22565717762314233,0.2050046008810882,,
ml1m__weighted_itemknn__seed8__baseline__rwmode_dominance__fracs_0.1__0.2__0.3__0.4__norm_false__sota_calib_pop__slam_0.2,ml1m,weighted_itemknn,8,/home/oqiw47aj/oqiw47aj/CIKM2026/experiments/cikm2026_SOTA/rwmode_dominance__fracs_0.1__0.2__0.3__0.4__norm_false__sota_calib_pop__slam_0.2/ml1m/weighted_itemknn/seed_8/baseline,baseline__rwmode_dominance__fracs_0.1__0.2__0.3__0.4__norm_false__sota_calib_pop__slam_0.2,calib_pop,0.2,0.0,0.2586,0.1682,0.448,0.37250092674142526,0.0006291390728476821,0.0007444703485287901,0.13081861598896208,0.05003025483705246,0.2050046008810882,0.3358232168700503,0.2681392131214566,0.22565717762314233,0.2050046008810882,,
ml1m__weighted_itemknn__seed9__baseline__rwmode_dominance__fracs_0.1__0.2__0.3__0.4__norm_false__sota_pop_inverse__slam_0.2,ml1m,weighted_itemknn,9,/home/oqiw47aj/oqiw47aj/CIKM2026/experiments/cikm2026_SOTA/rwmode_dominance__fracs_0.1__0.2__0.3__0.4__norm_false__sota_pop_inverse__slam_0.2/ml1m/weighted_itemknn/seed_9/baseline,baseline__rwmode_dominance__fracs_0.1__0.2__0.3__0.4__norm_false__sota_pop_inverse__slam_0.2,pop_inverse,0.2,0.0,0.2566,0.1649,0.4476,0.37232708568182266,0.0008443708609271524,0.000999568813451837,0.14673767199286314,0.055268060860463875,0.1929687683990352,0.33970644039189835,0.26995349458447826,0.22367118551516238,0.1929687683990352,,
ml1m__weighted_itemknn__seed9__baseline__rwmode_dominance__fracs_0.1__0.2__0.3__0.4__norm_false__sota_head_penalty__slam_0.2,ml1m,weighted_itemknn,9,/home/oqiw47aj/oqiw47aj/CIKM2026/experiments/cikm2026_SOTA/rwmode_dominance__fracs_0.1__0.2__0.3__0.4__norm_false__sota_head_penalty__slam_0.2/ml1m/weighted_itemknn/seed_9/baseline,baseline__rwmode_dominance__fracs_0.1__0.2__0.3__0.4__norm_false__sota_head_penalty__slam_0.2,head_penalty,0.2,0.0,0.2566,0.1649,0.4476,0.37232708568182266,0.0008443708609271524,0.000999568813451837,0.14673767199286314,0.055268060860463875,0.1929687683990352,0.33970644039189835,0.26995349458447826,0.22367118551516238,0.1929687683990352,,
ml1m__weighted_itemknn__seed9__baseline__rwmode_dominance__fracs_0.1__0.2__0.3__0.4__norm_false__sota_xquad_pop__slam_0.2,ml1m,weighted_itemknn,9,/home/oqiw47aj/oqiw47aj/CIKM2026/experiments/cikm2026_SOTA/rwmode_dominance__fracs_0.1__0.2__0.3__0.4__norm_false__sota_xquad_pop__slam_0.2/ml1m/weighted_itemknn/seed_9/baseline,baseline__rwmode_dominance__fracs_0.1__0.2__0.3__0.4__norm_false__sota_xquad_pop__slam_0.2,xquad_pop,0.2,0.0,0.2566,0.1649,0.4476,0.37232708568182266,0.0008443708609271524,0.000999568813451837,0.14673767199286314,0.055268060860463875,0.1929687683990352,0.33970644039189835,0.26995349458447826,0.22367118551516238,0.1929687683990352,,
ml1m__weighted_itemknn__seed9__baseline__rwmode_dominance__fracs_0.1__0.2__0.3__0.4__norm_false__sota_mmr_pop__slam_0.2,ml1m,weighted_itemknn,9,/home/oqiw47aj/oqiw47aj/CIKM2026/experiments/cikm2026_SOTA/rwmode_dominance__fracs_0.1__0.2__0.3__0.4__norm_false__sota_mmr_pop__slam_0.2/ml1m/weighted_itemknn/seed_9/baseline,baseline__rwmode_dominance__fracs_0.1__0.2__0.3__0.4__norm_false__sota_mmr_pop__slam_0.2,mmr_pop,0.2,0.0,0.2566,0.1649,0.4476,0.37232708568182266,0.0008443708609271524,0.000999568813451837,0.14673767199286314,0.055268060860463875,0.1929687683990352,0.33970644039189835,0.26995349458447826,0.22367118551516238,0.1929687683990352,,
ml1m__weighted_itemknn__seed9__baseline__rwmode_dominance__fracs_0.1__0.2__0.3__0.4__norm_false__sota_calib_pop__slam_0.2,ml1m,weighted_itemknn,9,/home/oqiw47aj/oqiw47aj/CIKM2026/experiments/cikm2026_SOTA/rwmode_dominance__fracs_0.1__0.2__0.3__0.4__norm_false__sota_calib_pop__slam_0.2/ml1m/weighted_itemknn/seed_9/baseline,baseline__rwmode_dominance__fracs_0.1__0.2__0.3__0.4__norm_false__sota_calib_pop__slam_0.2,calib_pop,0.2,0.0,0.2566,0.1649,0.4476,0.37232708568182266,0.0008443708609271524,0.000999568813451837,0.14673767199286314,0.055268060860463875,0.1929687683990352,0.33970644039189835,0.26995349458447826,0.22367118551516238,0.1929687683990352,,
ml1m__weighted_lightgcn__seed0__baseline__rwmode_dominance__fracs_0.1__0.2__0.3__0.4__norm_false__sota_pop_inverse__slam_0.2,ml1m,weighted_lightgcn,0,/home/oqiw47aj/oqiw47aj/CIKM2026/experiments/cikm2026_SOTA/rwmode_dominance__fracs_0.1__0.2__0.3__0.4__norm_false__sota_pop_inverse__slam_0.2/ml1m/weighted_lightgcn/seed_0/baseline,baseline__rwmode_dominance__fracs_0.1__0.2__0.3__0.4__norm_false__sota_pop_inverse__slam_0.2,pop_inverse,0.2,0.0,0.26,0.1643,0.4524,0.35441317839705444,0.0009437086092715232,0.0011666461991880457,0.14204268164031292,0.054051700623987925,0.19861297748607032,0.34065565912638324,0.2751525816931569,0.22560460911779043,0.19861297748607032,,
ml1m__weighted_lightgcn__seed0__baseline__rwmode_dominance__fracs_0.1__0.2__0.3__0.4__norm_false__sota_head_penalty__slam_0.2,ml1m,weighted_lightgcn,0,/home/oqiw47aj/oqiw47aj/CIKM2026/experiments/cikm2026_SOTA/rwmode_dominance__fracs_0.1__0.2__0.3__0.4__norm_false__sota_head_penalty__slam_0.2/ml1m/weighted_lightgcn/seed_0/baseline,baseline__rwmode_dominance__fracs_0.1__0.2__0.3__0.4__norm_false__sota_head_penalty__slam_0.2,head_penalty,0.2,0.0,0.26,0.1643,0.4524,0.35441317839705444,0.0009437086092715232,0.0011666461991880457,0.14204268164031292,0.054051700623987925,0.19861297748607032,0.34065565912638324,0.2751525816931569,0.22560460911779043,0.19861297748607032,,
ml1m__weighted_lightgcn__seed0__baseline__rwmode_dominance__fracs_0.1__0.2__0.3__0.4__norm_false__sota_xquad_pop__slam_0.2,ml1m,weighted_lightgcn,0,/home/oqiw47aj/oqiw47aj/CIKM2026/experiments/cikm2026_SOTA/rwmode_dominance__fracs_0.1__0.2__0.3__0.4__norm_false__sota_xquad_pop__slam_0.2/ml1m/weighted_lightgcn/seed_0/baseline,baseline__rwmode_dominance__fracs_0.1__0.2__0.3__0.4__norm_false__sota_xquad_pop__slam_0.2,xquad_pop,0.2,0.0,0.26,0.1643,0.4524,0.35441317839705444,0.0009437086092715232,0.0011666461991880457,0.14204268164031292,0.054051700623987925,0.19861297748607032,0.34065565912638324,0.2751525816931569,0.22560460911779043,0.19861297748607032,,
ml1m__weighted_lightgcn__seed0__baseline__rwmode_dominance__fracs_0.1__0.2__0.3__0.4__norm_false__sota_mmr_pop__slam_0.2,ml1m,weighted_lightgcn,0,/home/oqiw47aj/oqiw47aj/CIKM2026/experiments/cikm2026_SOTA/rwmode_dominance__fracs_0.1__0.2__0.3__0.4__norm_false__sota_mmr_pop__slam_0.2/ml1m/weighted_lightgcn/seed_0/baseline,baseline__rwmode_dominance__fracs_0.1__0.2__0.3__0.4__norm_false__sota_mmr_pop__slam_0.2,mmr_pop,0.2,0.0,0.26,0.1643,0.4524,0.35441317839705444,0.0009437086092715232,0.0011666461991880457,0.14204268164031292,0.054051700623987925,0.19861297748607032,0.34065565912638324,0.2751525816931569,0.22560460911779043,0.19861297748607032,,
ml1m__weighted_lightgcn__seed0__baseline__rwmode_dominance__fracs_0.1__0.2__0.3__0.4__norm_false__sota_calib_pop__slam_0.2,ml1m,weighted_lightgcn,0,/home/oqiw47aj/oqiw47aj/CIKM2026/experiments/cikm2026_SOTA/rwmode_dominance__fracs_0.1__0.2__0.3__0.4__norm_false__sota_calib_pop__slam_0.2/ml1m/weighted_lightgcn/seed_0/baseline,baseline__rwmode_dominance__fracs_0.1__0.2__0.3__0.4__norm_false__sota_calib_pop__slam_0.2,calib_pop,0.2,0.0,0.26,0.1643,0.4524,0.35441317839705444,0.0009437086092715232,0.0011666461991880457,0.14204268164031292,0.054051700623987925,0.19861297748607032,0.34065565912638324,0.2751525816931569,0.22560460911779043,0.19861297748607032,,
ml1m__weighted_lightgcn__seed1__baseline__rwmode_dominance__fracs_0.1__0.2__0.3__0.4__norm_false__sota_pop_inverse__slam_0.2,ml1m,weighted_lightgcn,1,/home/oqiw47aj/oqiw47aj/CIKM2026/experiments/cikm2026_SOTA/rwmode_dominance__fracs_0.1__0.2__0.3__0.4__norm_false__sota_pop_inverse__slam_0.2/ml1m/weighted_lightgcn/seed_1/baseline,baseline__rwmode_dominance__fracs_0.1__0.2__0.3__0.4__norm_false__sota_pop_inverse__slam_0.2,pop_inverse,0.2,0.0,0.2598,0.1651,0.4543,0.3525505956155975,0.0011258278145695364,0.0013982275409683866,0.13804851586737327,0.051392771036182505,0.19836728148188804,0.3364157973492613,0.2723521862279649,0.2321711418508225,0.19836728148188804,,
ml1m__weighted_lightgcn__seed1__baseline__rwmode_dominance__fracs_0.1__0.2__0.3__0.4__norm_false__sota_head_penalty__slam_0.2,ml1m,weighted_lightgcn,1,/home/oqiw47aj/oqiw47aj/CIKM2026/experiments/cikm2026_SOTA/rwmode_dominance__fracs_0.1__0.2__0.3__0.4__norm_false__sota_head_penalty__slam_0.2/ml1m/weighted_lightgcn/seed_1/baseline,baseline__rwmode_dominance__fracs_0.1__0.2__0.3__0.4__norm_false__sota_head_penalty__slam_0.2,head_penalty,0.2,0.0,0.2598,0.1651,0.4543,0.3525505956155975,0.0011258278145695364,0.0013982275409683866,0.13804851586737327,0.051392771036182505,0.19836728148188804,0.3364157973492613,0.2723521862279649,0.2321711418508225,0.19836728148188804,,
ml1m__weighted_lightgcn__seed1__baseline__rwmode_dominance__fracs_0.1__0.2__0.3__0.4__norm_false__sota_xquad_pop__slam_0.2,ml1m,weighted_lightgcn,1,/home/oqiw47aj/oqiw47aj/CIKM2026/experiments/cikm2026_SOTA/rwmode_dominance__fracs_0.1__0.2__0.3__0.4__norm_false__sota_xquad_pop__slam_0.2/ml1m/weighted_lightgcn/seed_1/baseline,baseline__rwmode_dominance__fracs_0.1__0.2__0.3__0.4__norm_false__sota_xquad_pop__slam_0.2,xquad_pop,0.2,0.0,0.2598,0.1651,0.4543,0.3525505956155975,0.0011258278145695364,0.0013982275409683866,0.13804851586737327,0.051392771036182505,0.19836728148188804,0.3364157973492613,0.2723521862279649,0.2321711418508225,0.19836728148188804,,
ml1m__weighted_lightgcn__seed1__baseline__rwmode_dominance__fracs_0.1__0.2__0.3__0.4__norm_false__sota_mmr_pop__slam_0.2,ml1m,weighted_lightgcn,1,/home/oqiw47aj/oqiw47aj/CIKM2026/experiments/cikm2026_SOTA/rwmode_dominance__fracs_0.1__0.2__0.3__0.4__norm_false__sota_mmr_pop__slam_0.2/ml1m/weighted_lightgcn/seed_1/baseline,baseline__rwmode_dominance__fracs_0.1__0.2__0.3__0.4__norm_false__sota_mmr_pop__slam_0.2,mmr_pop,0.2,0.0,0.2598,0.1651,0.4543,0.3525505956155975,0.0011258278145695364,0.0013982275409683866,0.13804851586737327,0.051392771036182505,0.19836728148188804,0.3364157973492613,0.2723521862279649,0.2321711418508225,0.19836728148188804,,
ml1m__weighted_lightgcn__seed1__baseline__rwmode_dominance__fracs_0.1__0.2__0.3__0.4__norm_false__sota_calib_pop__slam_0.2,ml1m,weighted_lightgcn,1,/home/oqiw47aj/oqiw47aj/CIKM2026/experiments/cikm2026_SOTA/rwmode_dominance__fracs_0.1__0.2__0.3__0.4__norm_false__sota_calib_pop__slam_0.2/ml1m/weighted_lightgcn/seed_1/baseline,baseline__rwmode_dominance__fracs_0.1__0.2__0.3__0.4__norm_false__sota_calib_pop__slam_0.2,calib_pop,0.2,0.0,0.2598,0.1651,0.4543,0.3525505956155975,0.0011258278145695364,0.0013982275409683866,0.13804851586737327,0.051392771036182505,0.19836728148188804,0.3364157973492613,0.2723521862279649,0.2321711418508225,0.19836728148188804,,
ml1m__weighted_lightgcn__seed2__baseline__rwmode_dominance__fracs_0.1__0.2__0.3__0.4__norm_false__sota_pop_inverse__slam_0.2,ml1m,weighted_lightgcn,2,/home/oqiw47aj/oqiw47aj/CIKM2026/experiments/cikm2026_SOTA/rwmode_dominance__fracs_0.1__0.2__0.3__0.4__norm_false__sota_pop_inverse__slam_0.2/ml1m/weighted_lightgcn/seed_2/baseline,baseline__rwmode_dominance__fracs_0.1__0.2__0.3__0.4__norm_false__sota_pop_inverse__slam_0.2,pop_inverse,0.2,0.0,0.2594,0.1633,0.4523,0.3537260923043392,0.0006456953642384106,0.0007995899538688203,0.14130397486929022,0.054183922742943,0.197443220205567,0.33874719507485723,0.2777933413149585,0.2237536856831456,0.197443220205567,,
ml1m__weighted_lightgcn__seed2__baseline__rwmode_dominance__fracs_0.1__0.2__0.3__0.4__norm_false__sota_head_penalty__slam_0.2,ml1m,weighted_lightgcn,2,/home/oqiw47aj/oqiw47aj/CIKM2026/experiments/cikm2026_SOTA/rwmode_dominance__fracs_0.1__0.2__0.3__0.4__norm_false__sota_head_penalty__slam_0.2/ml1m/weighted_lightgcn/seed_2/baseline,baseline__rwmode_dominance__fracs_0.1__0.2__0.3__0.4__norm_false__sota_head_penalty__slam_0.2,head_penalty,0.2,0.0,0.2594,0.1633,0.4523,0.3537260923043392,0.0006456953642384106,0.0007995899538688203,0.14130397486929022,0.054183922742943,0.197443220205567,0.33874719507485723,0.2777933413149585,0.2237536856831456,0.197443220205567,,
ml1m__weighted_lightgcn__seed2__baseline__rwmode_dominance__fracs_0.1__0.2__0.3__0.4__norm_false__sota_xquad_pop__slam_0.2,ml1m,weighted_lightgcn,2,/home/oqiw47aj/oqiw47aj/CIKM2026/experiments/cikm2026_SOTA/rwmode_dominance__fracs_0.1__0.2__0.3__0.4__norm_false__sota_xquad_pop__slam_0.2/ml1m/weighted_lightgcn/seed_2/baseline,baseline__rwmode_dominance__fracs_0.1__0.2__0.3__0.4__norm_false__sota_xquad_pop__slam_0.2,xquad_pop,0.2,0.0,0.2594,0.1633,0.4523,0.3537260923043392,0.0006456953642384106,0.0007995899538688203,0.14130397486929022,0.054183922742943,0.197443220205567,0.33874719507485723,0.2777933413149585,0.2237536856831456,0.197443220205567,,
ml1m__weighted_lightgcn__seed2__baseline__rwmode_dominance__fracs_0.1__0.2__0.3__0.4__norm_false__sota_mmr_pop__slam_0.2,ml1m,weighted_lightgcn,2,/home/oqiw47aj/oqiw47aj/CIKM2026/experiments/cikm2026_SOTA/rwmode_dominance__fracs_0.1__0.2__0.3__0.4__norm_false__sota_mmr_pop__slam_0.2/ml1m/weighted_lightgcn/seed_2/baseline,baseline__rwmode_dominance__fracs_0.1__0.2__0.3__0.4__norm_false__sota_mmr_pop__slam_0.2,mmr_pop,0.2,0.0,0.2594,0.1633,0.4523,0.3537260923043392,0.0006456953642384106,0.0007995899538688203,0.14130397486929022,0.054183922742943,0.197443220205567,0.33874719507485723,0.2777933413149585,0.2237536856831456,0.197443220205567,,
ml1m__weighted_lightgcn__seed2__baseline__rwmode_dominance__fracs_0.1__0.2__0.3__0.4__norm_false__sota_calib_pop__slam_0.2,ml1m,weighted_lightgcn,2,/home/oqiw47aj/oqiw47aj/CIKM2026/experiments/cikm2026_SOTA/rwmode_dominance__fracs_0.1__0.2__0.3__0.4__norm_false__sota_calib_pop__slam_0.2/ml1m/weighted_lightgcn/seed_2/baseline,baseline__rwmode_dominance__fracs_0.1__0.2__0.3__0.4__norm_false__sota_calib_pop__slam_0.2,calib_pop,0.2,0.0,0.2594,0.1633,0.4523,0.3537260923043392,0.0006456953642384106,0.0007995899538688203,0.14130397486929022,0.054183922742943,0.197443220205567,0.33874719507485723,0.2777933413149585,0.2237536856831456,0.197443220205567,,
ml1m__weighted_lightgcn__seed3__baseline__rwmode_dominance__fracs_0.1__0.2__0.3__0.4__norm_false__sota_pop_inverse__slam_0.2,ml1m,weighted_lightgcn,3,/home/oqiw47aj/oqiw47aj/CIKM2026/experiments/cikm2026_SOTA/rwmode_dominance__fracs_0.1__0.2__0.3__0.4__norm_false__sota_pop_inverse__slam_0.2/ml1m/weighted_lightgcn/seed_3/baseline,baseline__rwmode_dominance__fracs_0.1__0.2__0.3__0.4__norm_false__sota_pop_inverse__slam_0.2,pop_inverse,0.2,0.0,0.2616,0.1631,0.4537,0.35182211879440545,0.0008774834437086093,0.0010917705221945423,0.15427959214154272,0.0583858876764755,0.19314313728058105,0.34742272942212377,0.2797368689275229,0.22617655948857546,0.19314313728058105,,
ml1m__weighted_lightgcn__seed3__baseline__rwmode_dominance__fracs_0.1__0.2__0.3__0.4__norm_false__sota_head_penalty__slam_0.2,ml1m,weighted_lightgcn,3,/home/oqiw47aj/oqiw47aj/CIKM2026/experiments/cikm2026_SOTA/rwmode_dominance__fracs_0.1__0.2__0.3__0.4__norm_false__sota_head_penalty__slam_0.2/ml1m/weighted_lightgcn/seed_3/baseline,baseline__rwmode_dominance__fracs_0.1__0.2__0.3__0.4__norm_false__sota_head_penalty__slam_0.2,head_penalty,0.2,0.0,0.2616,0.1631,0.4537,0.35182211879440545,0.0008774834437086093,0.0010917705221945423,0.15427625592757369,0.05838466197068161,0.19314313728058105,0.34741939320815474,0.2797368689275229,0.22617655948857546,0.19314313728058105,,
ml1m__weighted_lightgcn__seed3__baseline__rwmode_dominance__fracs_0.1__0.2__0.3__0.4__norm_false__sota_xquad_pop__slam_0.2,ml1m,weighted_lightgcn,3,/home/oqiw47aj/oqiw47aj/CIKM2026/experiments/cikm2026_SOTA/rwmode_dominance__fracs_0.1__0.2__0.3__0.4__norm_false__sota_xquad_pop__slam_0.2/ml1m/weighted_lightgcn/seed_3/baseline,baseline__rwmode_dominance__fracs_0.1__0.2__0.3__0.4__norm_false__sota_xquad_pop__slam_0.2,xquad_pop,0.2,0.0,0.2616,0.1631,0.4537,0.35182211879440545,0.0008774834437086093,0.0010917705221945423,0.15427625592757369,0.05838466197068161,0.19314313728058105,0.34741939320815474,0.2797368689275229,0.22617655948857546,0.19314313728058105,,
ml1m__weighted_lightgcn__seed3__baseline__rwmode_dominance__fracs_0.1__0.2__0.3__0.4__norm_false__sota_mmr_pop__slam_0.2,ml1m,weighted_lightgcn,3,/home/oqiw47aj/oqiw47aj/CIKM2026/experiments/cikm2026_SOTA/rwmode_dominance__fracs_0.1__0.2__0.3__0.4__norm_false__sota_mmr_pop__slam_0.2/ml1m/weighted_lightgcn/seed_3/baseline,baseline__rwmode_dominance__fracs_0.1__0.2__0.3__0.4__norm_false__sota_mmr_pop__slam_0.2,mmr_pop,0.2,0.0,0.2616,0.1631,0.4537,0.35182211879440545,0.0008774834437086093,0.0010917705221945423,0.15427625592757369,0.05838466197068161,0.19314313728058105,0.34741939320815474,0.2797368689275229,0.22617655948857546,0.19314313728058105,,
ml1m__weighted_lightgcn__seed3__baseline__rwmode_dominance__fracs_0.1__0.2__0.3__0.4__norm_false__sota_calib_pop__slam_0.2,ml1m,weighted_lightgcn,3,/home/oqiw47aj/oqiw47aj/CIKM2026/experiments/cikm2026_SOTA/rwmode_dominance__fracs_0.1__0.2__0.3__0.4__norm_false__sota_calib_pop__slam_0.2/ml1m/weighted_lightgcn/seed_3/baseline,baseline__rwmode_dominance__fracs_0.1__0.2__0.3__0.4__norm_false__sota_calib_pop__slam_0.2,calib_pop,0.2,0.0,0.2616,0.1631,0.4537,0.35182211879440545,0.0008774834437086093,0.0010917705221945423,0.15427625592757369,0.05838466197068161,0.19314313728058105,0.34741939320815474,0.2797368689275229,0.22617655948857546,0.19314313728058105,,
ml1m__weighted_lightgcn__seed4__baseline__rwmode_dominance__fracs_0.1__0.2__0.3__0.4__norm_false__sota_pop_inverse__slam_0.2,ml1m,weighted_lightgcn,4,/home/oqiw47aj/oqiw47aj/CIKM2026/experiments/cikm2026_SOTA/rwmode_dominance__fracs_0.1__0.2__0.3__0.4__norm_false__sota_pop_inverse__slam_0.2/ml1m/weighted_lightgcn/seed_4/baseline,baseline__rwmode_dominance__fracs_0.1__0.2__0.3__0.4__norm_false__sota_pop_inverse__slam_0.2,pop_inverse,0.2,0.0,0.2595,0.1628,0.4534,0.356449602238114,0.0014072847682119205,0.0017310198761790374,0.1438041927068056,0.05424041175091893,0.19932174907145178,0.3431259417782574,0.26881922556749993,0.2268423200075653,0.19932174907145178,,
ml1m__weighted_lightgcn__seed4__baseline__rwmode_dominance__fracs_0.1__0.2__0.3__0.4__norm_false__sota_head_penalty__slam_0.2,ml1m,weighted_lightgcn,4,/home/oqiw47aj/oqiw47aj/CIKM2026/experiments/cikm2026_SOTA/rwmode_dominance__fracs_0.1__0.2__0.3__0.4__norm_false__sota_head_penalty__slam_0.2/ml1m/weighted_lightgcn/seed_4/baseline,baseline__rwmode_dominance__fracs_0.1__0.2__0.3__0.4__norm_false__sota_head_penalty__slam_0.2,head_penalty,0.2,0.0,0.2595,0.1628,0.4534,0.356449602238114,0.0014072847682119205,0.0017310198761790374,0.1438041927068056,0.05424041175091893,0.19932174907145178,0.3431259417782574,0.26881922556749993,0.2268423200075653,0.19932174907145178,,
ml1m__weighted_lightgcn__seed4__baseline__rwmode_dominance__fracs_0.1__0.2__0.3__0.4__norm_false__sota_xquad_pop__slam_0.2,ml1m,weighted_lightgcn,4,/home/oqiw47aj/oqiw47aj/CIKM2026/experiments/cikm2026_SOTA/rwmode_dominance__fracs_0.1__0.2__0.3__0.4__norm_false__sota_xquad_pop__slam_0.2/ml1m/weighted_lightgcn/seed_4/baseline,baseline__rwmode_dominance__fracs_0.1__0.2__0.3__0.4__norm_false__sota_xquad_pop__slam_0.2,xquad_pop,0.2,0.0,0.2595,0.1628,0.4534,0.356449602238114,0.0014072847682119205,0.0017310198761790374,0.1438041927068056,0.05424041175091893,0.19932174907145178,0.3431259417782574,0.26881922556749993,0.2268423200075653,0.19932174907145178,,
ml1m__weighted_lightgcn__seed4__baseline__rwmode_dominance__fracs_0.1__0.2__0.3__0.4__norm_false__sota_mmr_pop__slam_0.2,ml1m,weighted_lightgcn,4,/home/oqiw47aj/oqiw47aj/CIKM2026/experiments/cikm2026_SOTA/rwmode_dominance__fracs_0.1__0.2__0.3__0.4__norm_false__sota_mmr_pop__slam_0.2/ml1m/weighted_lightgcn/seed_4/baseline,baseline__rwmode_dominance__fracs_0.1__0.2__0.3__0.4__norm_false__sota_mmr_pop__slam_0.2,mmr_pop,0.2,0.0,0.2595,0.1628,0.4534,0.356449602238114,0.0014072847682119205,0.0017310198761790374,0.1438041927068056,0.05424041175091893,0.19932174907145178,0.3431259417782574,0.26881922556749993,0.2268423200075653,0.19932174907145178,,
ml1m__weighted_lightgcn__seed4__baseline__rwmode_dominance__fracs_0.1__0.2__0.3__0.4__norm_false__sota_calib_pop__slam_0.2,ml1m,weighted_lightgcn,4,/home/oqiw47aj/oqiw47aj/CIKM2026/experiments/cikm2026_SOTA/rwmode_dominance__fracs_0.1__0.2__0.3__0.4__norm_false__sota_calib_pop__slam_0.2/ml1m/weighted_lightgcn/seed_4/baseline,baseline__rwmode_dominance__fracs_0.1__0.2__0.3__0.4__norm_false__sota_calib_pop__slam_0.2,calib_pop,0.2,0.0,0.2595,0.1628,0.4534,0.356449602238114,0.0014072847682119205,0.0017310198761790374,0.1438041927068056,0.05424041175091893,0.19932174907145178,0.3431259417782574,0.26881922556749993,0.2268423200075653,0.19932174907145178,,
ml1m__weighted_lightgcn__seed5__baseline__rwmode_dominance__fracs_0.1__0.2__0.3__0.4__norm_false__sota_pop_inverse__slam_0.2,ml1m,weighted_lightgcn,5,/home/oqiw47aj/oqiw47aj/CIKM2026/experiments/cikm2026_SOTA/rwmode_dominance__fracs_0.1__0.2__0.3__0.4__norm_false__sota_pop_inverse__slam_0.2/ml1m/weighted_lightgcn/seed_5/baseline,baseline__rwmode_dominance__fracs_0.1__0.2__0.3__0.4__norm_false__sota_pop_inverse__slam_0.2,pop_inverse,0.2,0.0,0.2589,0.1639,0.4511,0.3507625161453988,0.0009105960264900663,0.001135964640517409,0.14008805715553196,0.05160640291392671,0.1965987523295868,0.33668680948511875,0.26844622347340097,0.23380975154417105,0.1965987523295868,,
ml1m__weighted_lightgcn__seed5__baseline__rwmode_dominance__fracs_0.1__0.2__0.3__0.4__norm_false__sota_head_penalty__slam_0.2,ml1m,weighted_lightgcn,5,/home/oqiw47aj/oqiw47aj/CIKM2026/experiments/cikm2026_SOTA/rwmode_dominance__fracs_0.1__0.2__0.3__0.4__norm_false__sota_head_penalty__slam_0.2/ml1m/weighted_lightgcn/seed_5/baseline,baseline__rwmode_dominance__fracs_0.1__0.2__0.3__0.4__norm_false__sota_head_penalty__slam_0.2,head_penalty,0.2,0.0,0.2589,0.1639,0.4511,0.3507625161453988,0.0009105960264900663,0.001135964640517409,0.14008805715553196,0.05160640291392671,0.1965987523295868,0.33668680948511875,0.26844622347340097,0.23380975154417105,0.1965987523295868,,
ml1m__weighted_lightgcn__seed5__baseline__rwmode_dominance__fracs_0.1__0.2__0.3__0.4__norm_false__sota_xquad_pop__slam_0.2,ml1m,weighted_lightgcn,5,/home/oqiw47aj/oqiw47aj/CIKM2026/experiments/cikm2026_SOTA/rwmode_dominance__fracs_0.1__0.2__0.3__0.4__norm_false__sota_xquad_pop__slam_0.2/ml1m/weighted_lightgcn/seed_5/baseline,baseline__rwmode_dominance__fracs_0.1__0.2__0.3__0.4__norm_false__sota_xquad_pop__slam_0.2,xquad_pop,0.2,0.0,0.2589,0.1639,0.4511,0.3507625161453988,0.0009105960264900663,0.001135964640517409,0.14008805715553196,0.05160640291392671,0.1965987523295868,0.33668680948511875,0.26844622347340097,0.23380975154417105,0.1965987523295868,,
ml1m__weighted_lightgcn__seed5__baseline__rwmode_dominance__fracs_0.1__0.2__0.3__0.4__norm_false__sota_mmr_pop__slam_0.2,ml1m,weighted_lightgcn,5,/home/oqiw47aj/oqiw47aj/CIKM2026/experiments/cikm2026_SOTA/rwmode_dominance__fracs_0.1__0.2__0.3__0.4__norm_false__sota_mmr_pop__slam_0.2/ml1m/weighted_lightgcn/seed_5/baseline,baseline__rwmode_dominance__fracs_0.1__0.2__0.3__0.4__norm_false__sota_mmr_pop__slam_0.2,mmr_pop,0.2,0.0,0.2589,0.1639,0.4511,0.3507625161453988,0.0009105960264900663,0.001135964640517409,0.14008805715553196,0.05160640291392671,0.1965987523295868,0.33668680948511875,0.26844622347340097,0.23380975154417105,0.1965987523295868,,
ml1m__weighted_lightgcn__seed5__baseline__rwmode_dominance__fracs_0.1__0.2__0.3__0.4__norm_false__sota_calib_pop__slam_0.2,ml1m,weighted_lightgcn,5,/home/oqiw47aj/oqiw47aj/CIKM2026/experiments/cikm2026_SOTA/rwmode_dominance__fracs_0.1__0.2__0.3__0.4__norm_false__sota_calib_pop__slam_0.2/ml1m/weighted_lightgcn/seed_5/baseline,baseline__rwmode_dominance__fracs_0.1__0.2__0.3__0.4__norm_false__sota_calib_pop__slam_0.2,calib_pop,0.2,0.0,0.2589,0.1639,0.4511,0.3507625161453988,0.0009105960264900663,0.001135964640517409,0.14008805715553196,0.05160640291392671,0.1965987523295868,0.33668680948511875,0.26844622347340097,0.23380975154417105,0.1965987523295868,,
ml1m__weighted_lightgcn__seed6__baseline__rwmode_dominance__fracs_0.1__0.2__0.3__0.4__norm_false__sota_pop_inverse__slam_0.2,ml1m,weighted_lightgcn,6,/home/oqiw47aj/oqiw47aj/CIKM2026/experiments/cikm2026_SOTA/rwmode_dominance__fracs_0.1__0.2__0.3__0.4__norm_false__sota_pop_inverse__slam_0.2/ml1m/weighted_lightgcn/seed_6/baseline,baseline__rwmode_dominance__fracs_0.1__0.2__0.3__0.4__norm_false__sota_pop_inverse__slam_0.2,pop_inverse,0.2,0.0,0.2601,0.1644,0.4488,0.35499264859572993,0.001009933774834437,0.0012467298888146807,0.14594511894073145,0.05536833130101533,0.1933524213877186,0.33929754032845005,0.28097742703111467,0.2269449210107941,0.1933524213877186,,
ml1m__weighted_lightgcn__seed6__baseline__rwmode_dominance__fracs_0.1__0.2__0.3__0.4__norm_false__sota_head_penalty__slam_0.2,ml1m,weighted_lightgcn,6,/home/oqiw47aj/oqiw47aj/CIKM2026/experiments/cikm2026_SOTA/rwmode_dominance__fracs_0.1__0.2__0.3__0.4__norm_false__sota_head_penalty__slam_0.2/ml1m/weighted_lightgcn/seed_6/baseline,baseline__rwmode_dominance__fracs_0.1__0.2__0.3__0.4__norm_false__sota_head_penalty__slam_0.2,head_penalty,0.2,0.0,0.2601,0.1644,0.4488,0.35499264859572993,0.001009933774834437,0.0012467298888146807,0.14594511894073145,0.05536833130101533,0.1933524213877186,0.33929754032845005,0.28097742703111467,0.2269449210107941,0.1933524213877186,,
ml1m__weighted_lightgcn__seed6__baseline__rwmode_dominance__fracs_0.1__0.2__0.3__0.4__norm_false__sota_xquad_pop__slam_0.2,ml1m,weighted_lightgcn,6,/home/oqiw47aj/oqiw47aj/CIKM2026/experiments/cikm2026_SOTA/rwmode_dominance__fracs_0.1__0.2__0.3__0.4__norm_false__sota_xquad_pop__slam_0.2/ml1m/weighted_lightgcn/seed_6/baseline,baseline__rwmode_dominance__fracs_0.1__0.2__0.3__0.4__norm_false__sota_xquad_pop__slam_0.2,xquad_pop,0.2,0.0,0.2601,0.1644,0.4488,0.35499264859572993,0.001009933774834437,0.0012467298888146807,0.14594511894073145,0.05536833130101533,0.1933524213877186,0.33929754032845005,0.28097742703111467,0.2269449210107941,0.1933524213877186,,
ml1m__weighted_lightgcn__seed6__baseline__rwmode_dominance__fracs_0.1__0.2__0.3__0.4__norm_false__sota_mmr_pop__slam_0.2,ml1m,weighted_lightgcn,6,/home/oqiw47aj/oqiw47aj/CIKM2026/experiments/cikm2026_SOTA/rwmode_dominance__fracs_0.1__0.2__0.3__0.4__norm_false__sota_mmr_pop__slam_0.2/ml1m/weighted_lightgcn/seed_6/baseline,baseline__rwmode_dominance__fracs_0.1__0.2__0.3__0.4__norm_false__sota_mmr_pop__slam_0.2,mmr_pop,0.2,0.0,0.2601,0.1644,0.4488,0.35499264859572993,0.001009933774834437,0.0012467298888146807,0.14594511894073145,0.05536833130101533,0.1933524213877186,0.33929754032845005,0.28097742703111467,0.2269449210107941,0.1933524213877186,,
ml1m__weighted_lightgcn__seed6__baseline__rwmode_dominance__fracs_0.1__0.2__0.3__0.4__norm_false__sota_calib_pop__slam_0.2,ml1m,weighted_lightgcn,6,/home/oqiw47aj/oqiw47aj/CIKM2026/experiments/cikm2026_SOTA/rwmode_dominance__fracs_0.1__0.2__0.3__0.4__norm_false__sota_calib_pop__slam_0.2/ml1m/weighted_lightgcn/seed_6/baseline,baseline__rwmode_dominance__fracs_0.1__0.2__0.3__0.4__norm_false__sota_calib_pop__slam_0.2,calib_pop,0.2,0.0,0.2601,0.1644,0.4488,0.35499264859572993,0.001009933774834437,0.0012467298888146807,0.14594511894073145,0.05536833130101533,0.1933524213877186,0.33929754032845005,0.28097742703111467,0.2269449210107941,0.1933524213877186,,
ml1m__weighted_lightgcn__seed7__baseline__rwmode_dominance__fracs_0.1__0.2__0.3__0.4__norm_false__sota_pop_inverse__slam_0.2,ml1m,weighted_lightgcn,7,/home/oqiw47aj/oqiw47aj/CIKM2026/experiments/cikm2026_SOTA/rwmode_dominance__fracs_0.1__0.2__0.3__0.4__norm_false__sota_pop_inverse__slam_0.2/ml1m/weighted_lightgcn/seed_7/baseline,baseline__rwmode_dominance__fracs_0.1__0.2__0.3__0.4__norm_false__sota_pop_inverse__slam_0.2,pop_inverse,0.2,0.0,0.26,0.1638,0.4512,0.3497277479334783,0.0007615894039735099,0.0009525387227686256,0.14230367873224598,0.05329035362386712,0.1948317977303059,0.3371354764625519,0.277434398227325,0.23069616078832347,0.1948317977303059,,
ml1m__weighted_lightgcn__seed7__baseline__rwmode_dominance__fracs_0.1__0.2__0.3__0.4__norm_false__sota_head_penalty__slam_0.2,ml1m,weighted_lightgcn,7,/home/oqiw47aj/oqiw47aj/CIKM2026/experiments/cikm2026_SOTA/rwmode_dominance__fracs_0.1__0.2__0.3__0.4__norm_false__sota_head_penalty__slam_0.2/ml1m/weighted_lightgcn/seed_7/baseline,baseline__rwmode_dominance__fracs_0.1__0.2__0.3__0.4__norm_false__sota_head_penalty__slam_0.2,head_penalty,0.2,0.0,0.26,0.1638,0.4512,0.3497277479334783,0.0007615894039735099,0.0009525387227686256,0.14230367873224598,0.05329035362386712,0.1948317977303059,0.3371354764625519,0.277434398227325,0.23069616078832347,0.1948317977303059,,
ml1m__weighted_lightgcn__seed7__baseline__rwmode_dominance__fracs_0.1__0.2__0.3__0.4__norm_false__sota_xquad_pop__slam_0.2,ml1m,weighted_lightgcn,7,/home/oqiw47aj/oqiw47aj/CIKM2026/experiments/cikm2026_SOTA/rwmode_dominance__fracs_0.1__0.2__0.3__0.4__norm_false__sota_xquad_pop__slam_0.2/ml1m/weighted_lightgcn/seed_7/baseline,baseline__rwmode_dominance__fracs_0.1__0.2__0.3__0.4__norm_false__sota_xquad_pop__slam_0.2,xquad_pop,0.2,0.0,0.26,0.1638,0.4512,0.3497277479334783,0.0007615894039735099,0.0009525387227686256,0.14230367873224598,0.05329035362386712,0.1948317977303059,0.3371354764625519,0.277434398227325,0.23069616078832347,0.1948317977303059,,
ml1m__weighted_lightgcn__seed7__baseline__rwmode_dominance__fracs_0.1__0.2__0.3__0.4__norm_false__sota_mmr_pop__slam_0.2,ml1m,weighted_lightgcn,7,/home/oqiw47aj/oqiw47aj/CIKM2026/experiments/cikm2026_SOTA/rwmode_dominance__fracs_0.1__0.2__0.3__0.4__norm_false__sota_mmr_pop__slam_0.2/ml1m/weighted_lightgcn/seed_7/baseline,baseline__rwmode_dominance__fracs_0.1__0.2__0.3__0.4__norm_false__sota_mmr_pop__slam_0.2,mmr_pop,0.2,0.0,0.26,0.1638,0.4512,0.3497277479334783,0.0007615894039735099,0.0009525387227686256,0.14230367873224598,0.05329035362386712,0.1948317977303059,0.3371354764625519,0.277434398227325,0.23069616078832347,0.1948317977303059,,
ml1m__weighted_lightgcn__seed7__baseline__rwmode_dominance__fracs_0.1__0.2__0.3__0.4__norm_false__sota_calib_pop__slam_0.2,ml1m,weighted_lightgcn,7,/home/oqiw47aj/oqiw47aj/CIKM2026/experiments/cikm2026_SOTA/rwmode_dominance__fracs_0.1__0.2__0.3__0.4__norm_false__sota_calib_pop__slam_0.2/ml1m/weighted_lightgcn/seed_7/baseline,baseline__rwmode_dominance__fracs_0.1__0.2__0.3__0.4__norm_false__sota_calib_pop__slam_0.2,calib_pop,0.2,0.0,0.26,0.1638,0.4512,0.3497277479334783,0.0007615894039735099,0.0009525387227686256,0.14230367873224598,0.05329035362386712,0.1948317977303059,0.3371354764625519,0.277434398227325,0.23069616078832347,0.1948317977303059,,
ml1m__weighted_lightgcn__seed8__baseline__rwmode_dominance__fracs_0.1__0.2__0.3__0.4__norm_false__sota_pop_inverse__slam_0.2,ml1m,weighted_lightgcn,8,/home/oqiw47aj/oqiw47aj/CIKM2026/experiments/cikm2026_SOTA/rwmode_dominance__fracs_0.1__0.2__0.3__0.4__norm_false__sota_pop_inverse__slam_0.2/ml1m/weighted_lightgcn/seed_8/baseline,baseline__rwmode_dominance__fracs_0.1__0.2__0.3__0.4__norm_false__sota_pop_inverse__slam_0.2,pop_inverse,0.2,0.0,0.2648,0.1678,0.4615,0.3541151651520213,0.0008278145695364238,0.0010241284666735928,0.1316071419837436,0.049676441570760066,0.20781599022523337,0.33942313220897696,0.2773652320487054,0.23484442332378053,0.20781599022523337,,
ml1m__weighted_lightgcn__seed8__baseline__rwmode_dominance__fracs_0.1__0.2__0.3__0.4__norm_false__sota_head_penalty__slam_0.2,ml1m,weighted_lightgcn,8,/home/oqiw47aj/oqiw47aj/CIKM2026/experiments/cikm2026_SOTA/rwmode_dominance__fracs_0.1__0.2__0.3__0.4__norm_false__sota_head_penalty__slam_0.2/ml1m/weighted_lightgcn/seed_8/baseline,baseline__rwmode_dominance__fracs_0.1__0.2__0.3__0.4__norm_false__sota_head_penalty__slam_0.2,head_penalty,0.2,0.0,0.2648,0.1678,0.4615,0.3541151651520213,0.0008278145695364238,0.0010241284666735928,0.1316071419837436,0.049676441570760066,0.20781599022523337,0.33942313220897696,0.2773652320487054,0.23484442332378053,0.20781599022523337,,
ml1m__weighted_lightgcn__seed8__baseline__rwmode_dominance__fracs_0.1__0.2__0.3__0.4__norm_false__sota_xquad_pop__slam_0.2,ml1m,weighted_lightgcn,8,/home/oqiw47aj/oqiw47aj/CIKM2026/experiments/cikm2026_SOTA/rwmode_dominance__fracs_0.1__0.2__0.3__0.4__norm_false__sota_xquad_pop__slam_0.2/ml1m/weighted_lightgcn/seed_8/baseline,baseline__rwmode_dominance__fracs_0.1__0.2__0.3__0.4__norm_false__sota_xquad_pop__slam_0.2,xquad_pop,0.2,0.0,0.2648,0.1678,0.4615,0.3541151651520213,0.0008278145695364238,0.0010241284666735928,0.1316071419837436,0.049676441570760066,0.20781599022523337,0.33942313220897696,0.2773652320487054,0.23484442332378053,0.20781599022523337,,
ml1m__weighted_lightgcn__seed8__baseline__rwmode_dominance__fracs_0.1__0.2__0.3__0.4__norm_false__sota_mmr_pop__slam_0.2,ml1m,weighted_lightgcn,8,/home/oqiw47aj/oqiw47aj/CIKM2026/experiments/cikm2026_SOTA/rwmode_dominance__fracs_0.1__0.2__0.3__0.4__norm_false__sota_mmr_pop__slam_0.2/ml1m/weighted_lightgcn/seed_8/baseline,baseline__rwmode_dominance__fracs_0.1__0.2__0.3__0.4__norm_false__sota_mmr_pop__slam_0.2,mmr_pop,0.2,0.0,0.2648,0.1678,0.4615,0.3541151651520213,0.0008278145695364238,0.0010241284666735928,0.1316071419837436,0.049676441570760066,0.20781599022523337,0.33942313220897696,0.2773652320487054,0.23484442332378053,0.20781599022523337,,
ml1m__weighted_lightgcn__seed8__baseline__rwmode_dominance__fracs_0.1__0.2__0.3__0.4__norm_false__sota_calib_pop__slam_0.2,ml1m,weighted_lightgcn,8,/home/oqiw47aj/oqiw47aj/CIKM2026/experiments/cikm2026_SOTA/rwmode_dominance__fracs_0.1__0.2__0.3__0.4__norm_false__sota_calib_pop__slam_0.2/ml1m/weighted_lightgcn/seed_8/baseline,baseline__rwmode_dominance__fracs_0.1__0.2__0.3__0.4__norm_false__sota_calib_pop__slam_0.2,calib_pop,0.2,0.0,0.2648,0.1678,0.4615,0.3541151651520213,0.0008278145695364238,0.0010241284666735928,0.1316071419837436,0.049676441570760066,0.20781599022523337,0.33942313220897696,0.2773652320487054,0.23484442332378053,0.20781599022523337,,
ml1m__weighted_lightgcn__seed9__baseline__rwmode_dominance__fracs_0.1__0.2__0.3__0.4__norm_false__sota_pop_inverse__slam_0.2,ml1m,weighted_lightgcn,9,/home/oqiw47aj/oqiw47aj/CIKM2026/experiments/cikm2026_SOTA/rwmode_dominance__fracs_0.1__0.2__0.3__0.4__norm_false__sota_pop_inverse__slam_0.2/ml1m/weighted_lightgcn/seed_9/baseline,baseline__rwmode_dominance__fracs_0.1__0.2__0.3__0.4__norm_false__sota_pop_inverse__slam_0.2,pop_inverse,0.2,0.0,0.2588,0.1644,0.454,0.3558287413109617,0.0007781456953642385,0.0009586163291101615,0.15166975612574973,0.056292614274434515,0.19065316828616297,0.3423229244119127,0.27295427214335427,0.22955890542639018,0.19065316828616297,,
ml1m__weighted_lightgcn__seed9__baseline__rwmode_dominance__fracs_0.1__0.2__0.3__0.4__norm_false__sota_head_penalty__slam_0.2,ml1m,weighted_lightgcn,9,/home/oqiw47aj/oqiw47aj/CIKM2026/experiments/cikm2026_SOTA/rwmode_dominance__fracs_0.1__0.2__0.3__0.4__norm_false__sota_head_penalty__slam_0.2/ml1m/weighted_lightgcn/seed_9/baseline,baseline__rwmode_dominance__fracs_0.1__0.2__0.3__0.4__norm_false__sota_head_penalty__slam_0.2,head_penalty,0.2,0.0,0.2588,0.1644,0.454,0.3558287413109617,0.0007781456953642385,0.0009586163291101615,0.15166975612574973,0.056292614274434515,0.19065316828616297,0.3423229244119127,0.27295427214335427,0.22955890542639018,0.19065316828616297,,
ml1m__weighted_lightgcn__seed9__baseline__rwmode_dominance__fracs_0.1__0.2__0.3__0.4__norm_false__sota_xquad_pop__slam_0.2,ml1m,weighted_lightgcn,9,/home/oqiw47aj/oqiw47aj/CIKM2026/experiments/cikm2026_SOTA/rwmode_dominance__fracs_0.1__0.2__0.3__0.4__norm_false__sota_xquad_pop__slam_0.2/ml1m/weighted_lightgcn/seed_9/baseline,baseline__rwmode_dominance__fracs_0.1__0.2__0.3__0.4__norm_false__sota_xquad_pop__slam_0.2,xquad_pop,0.2,0.0,0.2588,0.1644,0.454,0.3558287413109617,0.0007781456953642385,0.0009586163291101615,0.15166975612574973,0.056292614274434515,0.19065316828616297,0.3423229244119127,0.27295427214335427,0.22955890542639018,0.19065316828616297,,
ml1m__weighted_lightgcn__seed9__baseline__rwmode_dominance__fracs_0.1__0.2__0.3__0.4__norm_false__sota_mmr_pop__slam_0.2,ml1m,weighted_lightgcn,9,/home/oqiw47aj/oqiw47aj/CIKM2026/experiments/cikm2026_SOTA/rwmode_dominance__fracs_0.1__0.2__0.3__0.4__norm_false__sota_mmr_pop__slam_0.2/ml1m/weighted_lightgcn/seed_9/baseline,baseline__rwmode_dominance__fracs_0.1__0.2__0.3__0.4__norm_false__sota_mmr_pop__slam_0.2,mmr_pop,0.2,0.0,0.2588,0.1644,0.454,0.3558287413109617,0.0007781456953642385,0.0009586163291101615,0.15166975612574973,0.056292614274434515,0.19065316828616297,0.3423229244119127,0.27295427214335427,0.22955890542639018,0.19065316828616297,,
ml1m__weighted_lightgcn__seed9__baseline__rwmode_dominance__fracs_0.1__0.2__0.3__0.4__norm_false__sota_calib_pop__slam_0.2,ml1m,weighted_lightgcn,9,/home/oqiw47aj/oqiw47aj/CIKM2026/experiments/cikm2026_SOTA/rwmode_dominance__fracs_0.1__0.2__0.3__0.4__norm_false__sota_calib_pop__slam_0.2/ml1m/weighted_lightgcn/seed_9/baseline,baseline__rwmode_dominance__fracs_0.1__0.2__0.3__0.4__norm_false__sota_calib_pop__slam_0.2,calib_pop,0.2,0.0,0.2588,0.1644,0.454,0.3558287413109617,0.0007781456953642385,0.0009586163291101615,0.15166975612574973,0.056292614274434515,0.19065316828616297,0.3423229244119127,0.27295427214335427,0.22955890542639018,0.19065316828616297,,
ml1m__weighted_neumf__seed0__baseline__rwmode_dominance__fracs_0.1__0.2__0.3__0.4__norm_false__sota_pop_inverse__slam_0.2,ml1m,weighted_neumf,0,/home/oqiw47aj/oqiw47aj/CIKM2026/experiments/cikm2026_SOTA/rwmode_dominance__fracs_0.1__0.2__0.3__0.4__norm_false__sota_pop_inverse__slam_0.2/ml1m/weighted_neumf/seed_0/baseline,baseline__rwmode_dominance__fracs_0.1__0.2__0.3__0.4__norm_false__sota_pop_inverse__slam_0.2,pop_inverse,0.2,0.0,0.2315,0.1484,0.406,0.3267145029003657,0.0018543046357615894,0.002460889435749942,0.13500469398067474,0.05143645973923301,0.17270260253783923,0.307707296518514,0.24694960318242823,0.19864484306437039,0.17270260253783923,,
ml1m__weighted_neumf__seed0__baseline__rwmode_dominance__fracs_0.1__0.2__0.3__0.4__norm_false__sota_head_penalty__slam_0.2,ml1m,weighted_neumf,0,/home/oqiw47aj/oqiw47aj/CIKM2026/experiments/cikm2026_SOTA/rwmode_dominance__fracs_0.1__0.2__0.3__0.4__norm_false__sota_head_penalty__slam_0.2/ml1m/weighted_neumf/seed_0/baseline,baseline__rwmode_dominance__fracs_0.1__0.2__0.3__0.4__norm_false__sota_head_penalty__slam_0.2,head_penalty,0.2,0.0,0.2315,0.1484,0.406,0.3267145029003657,0.0018543046357615894,0.002460889435749942,0.13500469398067474,0.05143645973923301,0.17270260253783923,0.307707296518514,0.24694960318242823,0.19864484306437039,0.17270260253783923,,
ml1m__weighted_neumf__seed0__baseline__rwmode_dominance__fracs_0.1__0.2__0.3__0.4__norm_false__sota_xquad_pop__slam_0.2,ml1m,weighted_neumf,0,/home/oqiw47aj/oqiw47aj/CIKM2026/experiments/cikm2026_SOTA/rwmode_dominance__fracs_0.1__0.2__0.3__0.4__norm_false__sota_xquad_pop__slam_0.2/ml1m/weighted_neumf/seed_0/baseline,baseline__rwmode_dominance__fracs_0.1__0.2__0.3__0.4__norm_false__sota_xquad_pop__slam_0.2,xquad_pop,0.2,0.0,0.2315,0.1484,0.406,0.3267145029003657,0.0018543046357615894,0.002460889435749942,0.13500469398067474,0.05143645973923301,0.17270260253783923,0.307707296518514,0.24694960318242823,0.19864484306437039,0.17270260253783923,,
ml1m__weighted_neumf__seed0__baseline__rwmode_dominance__fracs_0.1__0.2__0.3__0.4__norm_false__sota_mmr_pop__slam_0.2,ml1m,weighted_neumf,0,/home/oqiw47aj/oqiw47aj/CIKM2026/experiments/cikm2026_SOTA/rwmode_dominance__fracs_0.1__0.2__0.3__0.4__norm_false__sota_mmr_pop__slam_0.2/ml1m/weighted_neumf/seed_0/baseline,baseline__rwmode_dominance__fracs_0.1__0.2__0.3__0.4__norm_false__sota_mmr_pop__slam_0.2,mmr_pop,0.2,0.0,0.2315,0.1484,0.406,0.3267145029003657,0.0018543046357615894,0.002460889435749942,0.13500469398067474,0.05143645973923301,0.17270260253783923,0.307707296518514,0.24694960318242823,0.19864484306437039,0.17270260253783923,,
ml1m__weighted_neumf__seed0__baseline__rwmode_dominance__fracs_0.1__0.2__0.3__0.4__norm_false__sota_calib_pop__slam_0.2,ml1m,weighted_neumf,0,/home/oqiw47aj/oqiw47aj/CIKM2026/experiments/cikm2026_SOTA/rwmode_dominance__fracs_0.1__0.2__0.3__0.4__norm_false__sota_calib_pop__slam_0.2/ml1m/weighted_neumf/seed_0/baseline,baseline__rwmode_dominance__fracs_0.1__0.2__0.3__0.4__norm_false__sota_calib_pop__slam_0.2,calib_pop,0.2,0.0,0.2315,0.1484,0.406,0.3267145029003657,0.0018543046357615894,0.002460889435749942,0.13500469398067474,0.05143645973923301,0.17270260253783923,0.307707296518514,0.24694960318242823,0.19864484306437039,0.17270260253783923,,
ml1m__weighted_neumf__seed1__baseline__rwmode_dominance__fracs_0.1__0.2__0.3__0.4__norm_false__sota_pop_inverse__slam_0.2,ml1m,weighted_neumf,1,/home/oqiw47aj/oqiw47aj/CIKM2026/experiments/cikm2026_SOTA/rwmode_dominance__fracs_0.1__0.2__0.3__0.4__norm_false__sota_pop_inverse__slam_0.2/ml1m/weighted_neumf/seed_1/baseline,baseline__rwmode_dominance__fracs_0.1__0.2__0.3__0.4__norm_false__sota_pop_inverse__slam_0.2,pop_inverse,0.2,0.0,0.2332,0.1486,0.4131,0.3415075492579816,0.003609271523178808,0.004608976933967349,0.12811219425964895,0.0483039614282377,0.1775156848516806,0.30562787911132955,0.24559085426119096,0.20433764790920284,0.1775156848516806,,
ml1m__weighted_neumf__seed1__baseline__rwmode_dominance__fracs_0.1__0.2__0.3__0.4__norm_false__sota_head_penalty__slam_0.2,ml1m,weighted_neumf,1,/home/oqiw47aj/oqiw47aj/CIKM2026/experiments/cikm2026_SOTA/rwmode_dominance__fracs_0.1__0.2__0.3__0.4__norm_false__sota_head_penalty__slam_0.2/ml1m/weighted_neumf/seed_1/baseline,baseline__rwmode_dominance__fracs_0.1__0.2__0.3__0.4__norm_false__sota_head_penalty__slam_0.2,head_penalty,0.2,0.0,0.2332,0.1486,0.4131,0.3415075492579816,0.003609271523178808,0.004608976933967349,0.12811219425964895,0.0483039614282377,0.1775156848516806,0.30562787911132955,0.24559085426119096,0.20433764790920284,0.1775156848516806,,
ml1m__weighted_neumf__seed1__baseline__rwmode_dominance__fracs_0.1__0.2__0.3__0.4__norm_false__sota_xquad_pop__slam_0.2,ml1m,weighted_neumf,1,/home/oqiw47aj/oqiw47aj/CIKM2026/experiments/cikm2026_SOTA/rwmode_dominance__fracs_0.1__0.2__0.3__0.4__norm_false__sota_xquad_pop__slam_0.2/ml1m/weighted_neumf/seed_1/baseline,baseline__rwmode_dominance__fracs_0.1__0.2__0.3__0.4__norm_false__sota_xquad_pop__slam_0.2,xquad_pop,0.2,0.0,0.2332,0.1486,0.4131,0.3415075492579816,0.003609271523178808,0.004608976933967349,0.12811219425964895,0.0483039614282377,0.1775156848516806,0.30562787911132955,0.24559085426119096,0.20433764790920284,0.1775156848516806,,
ml1m__weighted_neumf__seed1__baseline__rwmode_dominance__fracs_0.1__0.2__0.3__0.4__norm_false__sota_mmr_pop__slam_0.2,ml1m,weighted_neumf,1,/home/oqiw47aj/oqiw47aj/CIKM2026/experiments/cikm2026_SOTA/rwmode_dominance__fracs_0.1__0.2__0.3__0.4__norm_false__sota_mmr_pop__slam_0.2/ml1m/weighted_neumf/seed_1/baseline,baseline__rwmode_dominance__fracs_0.1__0.2__0.3__0.4__norm_false__sota_mmr_pop__slam_0.2,mmr_pop,0.2,0.0,0.2332,0.1486,0.4131,0.3415075492579816,0.003609271523178808,0.004608976933967349,0.12811219425964895,0.0483039614282377,0.1775156848516806,0.30562787911132955,0.24559085426119096,0.20433764790920284,0.1775156848516806,,
ml1m__weighted_neumf__seed1__baseline__rwmode_dominance__fracs_0.1__0.2__0.3__0.4__norm_false__sota_calib_pop__slam_0.2,ml1m,weighted_neumf,1,/home/oqiw47aj/oqiw47aj/CIKM2026/experiments/cikm2026_SOTA/rwmode_dominance__fracs_0.1__0.2__0.3__0.4__norm_false__sota_calib_pop__slam_0.2/ml1m/weighted_neumf/seed_1/baseline,baseline__rwmode_dominance__fracs_0.1__0.2__0.3__0.4__norm_false__sota_calib_pop__slam_0.2,calib_pop,0.2,0.0,0.2332,0.1486,0.4131,0.3415075492579816,0.003609271523178808,0.004608976933967349,0.12811219425964895,0.0483039614282377,0.1775156848516806,0.30562787911132955,0.24559085426119096,0.20433764790920284,0.1775156848516806,,
ml1m__weighted_neumf__seed2__baseline__rwmode_dominance__fracs_0.1__0.2__0.3__0.4__norm_false__sota_pop_inverse__slam_0.2,ml1m,weighted_neumf,2,/home/oqiw47aj/oqiw47aj/CIKM2026/experiments/cikm2026_SOTA/rwmode_dominance__fracs_0.1__0.2__0.3__0.4__norm_false__sota_pop_inverse__slam_0.2/ml1m/weighted_neumf/seed_2/baseline,baseline__rwmode_dominance__fracs_0.1__0.2__0.3__0.4__norm_false__sota_pop_inverse__slam_0.2,pop_inverse,0.2,0.0,0.2373,0.1473,0.4199,0.3356880128341405,0.0012417218543046358,0.0016095802214761523,0.14715311548842797,0.05497252097019098,0.1727201499028293,0.31987326539125727,0.250025596861375,0.20668834997092425,0.1727201499028293,,
ml1m__weighted_neumf__seed2__baseline__rwmode_dominance__fracs_0.1__0.2__0.3__0.4__norm_false__sota_head_penalty__slam_0.2,ml1m,weighted_neumf,2,/home/oqiw47aj/oqiw47aj/CIKM2026/experiments/cikm2026_SOTA/rwmode_dominance__fracs_0.1__0.2__0.3__0.4__norm_false__sota_head_penalty__slam_0.2/ml1m/weighted_neumf/seed_2/baseline,baseline__rwmode_dominance__fracs_0.1__0.2__0.3__0.4__norm_false__sota_head_penalty__slam_0.2,head_penalty,0.2,0.0,0.2373,0.1473,0.4199,0.3356880128341405,0.0012417218543046358,0.0016095802214761523,0.14715311548842797,0.05497252097019098,0.1727201499028293,0.31987326539125727,0.250025596861375,0.20668834997092425,0.1727201499028293,,
ml1m__weighted_neumf__seed2__baseline__rwmode_dominance__fracs_0.1__0.2__0.3__0.4__norm_false__sota_xquad_pop__slam_0.2,ml1m,weighted_neumf,2,/home/oqiw47aj/oqiw47aj/CIKM2026/experiments/cikm2026_SOTA/rwmode_dominance__fracs_0.1__0.2__0.3__0.4__norm_false__sota_xquad_pop__slam_0.2/ml1m/weighted_neumf/seed_2/baseline,baseline__rwmode_dominance__fracs_0.1__0.2__0.3__0.4__norm_false__sota_xquad_pop__slam_0.2,xquad_pop,0.2,0.0,0.2373,0.1473,0.4199,0.3356880128341405,0.0012417218543046358,0.0016095802214761523,0.14715311548842797,0.05497252097019098,0.1727201499028293,0.31987326539125727,0.250025596861375,0.20668834997092425,0.1727201499028293,,
ml1m__weighted_neumf__seed2__baseline__rwmode_dominance__fracs_0.1__0.2__0.3__0.4__norm_false__sota_mmr_pop__slam_0.2,ml1m,weighted_neumf,2,/home/oqiw47aj/oqiw47aj/CIKM2026/experiments/cikm2026_SOTA/rwmode_dominance__fracs_0.1__0.2__0.3__0.4__norm_false__sota_mmr_pop__slam_0.2/ml1m/weighted_neumf/seed_2/baseline,baseline__rwmode_dominance__fracs_0.1__0.2__0.3__0.4__norm_false__sota_mmr_pop__slam_0.2,mmr_pop,0.2,0.0,0.2373,0.1473,0.4199,0.3356880128341405,0.0012417218543046358,0.0016095802214761523,0.14715311548842797,0.05497252097019098,0.1727201499028293,0.31987326539125727,0.250025596861375,0.20668834997092425,0.1727201499028293,,
ml1m__weighted_neumf__seed2__baseline__rwmode_dominance__fracs_0.1__0.2__0.3__0.4__norm_false__sota_calib_pop__slam_0.2,ml1m,weighted_neumf,2,/home/oqiw47aj/oqiw47aj/CIKM2026/experiments/cikm2026_SOTA/rwmode_dominance__fracs_0.1__0.2__0.3__0.4__norm_false__sota_calib_pop__slam_0.2/ml1m/weighted_neumf/seed_2/baseline,baseline__rwmode_dominance__fracs_0.1__0.2__0.3__0.4__norm_false__sota_calib_pop__slam_0.2,calib_pop,0.2,0.0,0.2373,0.1473,0.4199,0.3356880128341405,0.0012417218543046358,0.0016095802214761523,0.14715311548842797,0.05497252097019098,0.1727201499028293,0.31987326539125727,0.250025596861375,0.20668834997092425,0.1727201499028293,,
ml1m__weighted_neumf__seed3__baseline__rwmode_dominance__fracs_0.1__0.2__0.3__0.4__norm_false__sota_pop_inverse__slam_0.2,ml1m,weighted_neumf,3,/home/oqiw47aj/oqiw47aj/CIKM2026/experiments/cikm2026_SOTA/rwmode_dominance__fracs_0.1__0.2__0.3__0.4__norm_false__sota_pop_inverse__slam_0.2/ml1m/weighted_neumf/seed_3/baseline,baseline__rwmode_dominance__fracs_0.1__0.2__0.3__0.4__norm_false__sota_pop_inverse__slam_0.2,pop_inverse,0.2,0.0,0.2387,0.1505,0.42,0.3297525823705644,0.0014735099337748344,0.0019398853505935793,0.15005099469389707,0.055955492487478935,0.1722908161051329,0.32234181079902996,0.2521035631822544,0.20806862982872865,0.1722908161051329,,
ml1m__weighted_neumf__seed3__baseline__rwmode_dominance__fracs_0.1__0.2__0.3__0.4__norm_false__sota_head_penalty__slam_0.2,ml1m,weighted_neumf,3,/home/oqiw47aj/oqiw47aj/CIKM2026/experiments/cikm2026_SOTA/rwmode_dominance__fracs_0.1__0.2__0.3__0.4__norm_false__sota_head_penalty__slam_0.2/ml1m/weighted_neumf/seed_3/baseline,baseline__rwmode_dominance__fracs_0.1__0.2__0.3__0.4__norm_false__sota_head_penalty__slam_0.2,head_penalty,0.2,0.0,0.2387,0.1505,0.42,0.3297525823705644,0.0014735099337748344,0.0019398853505935793,0.15005099469389707,0.055955492487478935,0.1722908161051329,0.32234181079902996,0.2521035631822544,0.20806862982872865,0.1722908161051329,,
ml1m__weighted_neumf__seed3__baseline__rwmode_dominance__fracs_0.1__0.2__0.3__0.4__norm_false__sota_xquad_pop__slam_0.2,ml1m,weighted_neumf,3,/home/oqiw47aj/oqiw47aj/CIKM2026/experiments/cikm2026_SOTA/rwmode_dominance__fracs_0.1__0.2__0.3__0.4__norm_false__sota_xquad_pop__slam_0.2/ml1m/weighted_neumf/seed_3/baseline,baseline__rwmode_dominance__fracs_0.1__0.2__0.3__0.4__norm_false__sota_xquad_pop__slam_0.2,xquad_pop,0.2,0.0,0.2387,0.1505,0.42,0.3297525823705644,0.0014735099337748344,0.0019398853505935793,0.15005099469389707,0.055955492487478935,0.1722908161051329,0.32234181079902996,0.2521035631822544,0.20806862982872865,0.1722908161051329,,
ml1m__weighted_neumf__seed3__baseline__rwmode_dominance__fracs_0.1__0.2__0.3__0.4__norm_false__sota_mmr_pop__slam_0.2,ml1m,weighted_neumf,3,/home/oqiw47aj/oqiw47aj/CIKM2026/experiments/cikm2026_SOTA/rwmode_dominance__fracs_0.1__0.2__0.3__0.4__norm_false__sota_mmr_pop__slam_0.2/ml1m/weighted_neumf/seed_3/baseline,baseline__rwmode_dominance__fracs_0.1__0.2__0.3__0.4__norm_false__sota_mmr_pop__slam_0.2,mmr_pop,0.2,0.0,0.2387,0.1505,0.42,0.3297525823705644,0.0014735099337748344,0.0019398853505935793,0.15005099469389707,0.055955492487478935,0.1722908161051329,0.32234181079902996,0.2521035631822544,0.20806862982872865,0.1722908161051329,,
ml1m__weighted_neumf__seed3__baseline__rwmode_dominance__fracs_0.1__0.2__0.3__0.4__norm_false__sota_calib_pop__slam_0.2,ml1m,weighted_neumf,3,/home/oqiw47aj/oqiw47aj/CIKM2026/experiments/cikm2026_SOTA/rwmode_dominance__fracs_0.1__0.2__0.3__0.4__norm_false__sota_calib_pop__slam_0.2/ml1m/weighted_neumf/seed_3/baseline,baseline__rwmode_dominance__fracs_0.1__0.2__0.3__0.4__norm_false__sota_calib_pop__slam_0.2,calib_pop,0.2,0.0,0.2387,0.1505,0.42,0.3297525823705644,0.0014735099337748344,0.0019398853505935793,0.15005099469389707,0.055955492487478935,0.1722908161051329,0.32234181079902996,0.2521035631822544,0.20806862982872865,0.1722908161051329,,
ml1m__weighted_neumf__seed4__baseline__rwmode_dominance__fracs_0.1__0.2__0.3__0.4__norm_false__sota_pop_inverse__slam_0.2,ml1m,weighted_neumf,4,/home/oqiw47aj/oqiw47aj/CIKM2026/experiments/cikm2026_SOTA/rwmode_dominance__fracs_0.1__0.2__0.3__0.4__norm_false__sota_pop_inverse__slam_0.2/ml1m/weighted_neumf/seed_4/baseline,baseline__rwmode_dominance__fracs_0.1__0.2__0.3__0.4__norm_false__sota_pop_inverse__slam_0.2,pop_inverse,0.2,0.0,0.2322,0.1442,0.4099,0.3434777479334783,0.000695364238410596,0.0008835223089371781,0.13775792173411025,0.05177698663735897,0.17310711018890027,0.3108650319230105,0.2431180587744875,0.20180153616012447,0.17310711018890027,,
ml1m__weighted_neumf__seed4__baseline__rwmode_dominance__fracs_0.1__0.2__0.3__0.4__norm_false__sota_head_penalty__slam_0.2,ml1m,weighted_neumf,4,/home/oqiw47aj/oqiw47aj/CIKM2026/experiments/cikm2026_SOTA/rwmode_dominance__fracs_0.1__0.2__0.3__0.4__norm_false__sota_head_penalty__slam_0.2/ml1m/weighted_neumf/seed_4/baseline,baseline__rwmode_dominance__fracs_0.1__0.2__0.3__0.4__norm_false__sota_head_penalty__slam_0.2,head_penalty,0.2,0.0,0.2322,0.1442,0.4099,0.3434777479334783,0.000695364238410596,0.0008835223089371781,0.13775792173411025,0.05177698663735897,0.17310711018890027,0.3108650319230105,0.2431180587744875,0.20180153616012447,0.17310711018890027,,
ml1m__weighted_neumf__seed4__baseline__rwmode_dominance__fracs_0.1__0.2__0.3__0.4__norm_false__sota_xquad_pop__slam_0.2,ml1m,weighted_neumf,4,/home/oqiw47aj/oqiw47aj/CIKM2026/experiments/cikm2026_SOTA/rwmode_dominance__fracs_0.1__0.2__0.3__0.4__norm_false__sota_xquad_pop__slam_0.2/ml1m/weighted_neumf/seed_4/baseline,baseline__rwmode_dominance__fracs_0.1__0.2__0.3__0.4__norm_false__sota_xquad_pop__slam_0.2,xquad_pop,0.2,0.0,0.2322,0.1442,0.4099,0.3434777479334783,0.000695364238410596,0.0008835223089371781,0.13775792173411025,0.05177698663735897,0.17310711018890027,0.3108650319230105,0.2431180587744875,0.20180153616012447,0.17310711018890027,,
ml1m__weighted_neumf__seed4__baseline__rwmode_dominance__fracs_0.1__0.2__0.3__0.4__norm_false__sota_mmr_pop__slam_0.2,ml1m,weighted_neumf,4,/home/oqiw47aj/oqiw47aj/CIKM2026/experiments/cikm2026_SOTA/rwmode_dominance__fracs_0.1__0.2__0.3__0.4__norm_false__sota_mmr_pop__slam_0.2/ml1m/weighted_neumf/seed_4/baseline,baseline__rwmode_dominance__fracs_0.1__0.2__0.3__0.4__norm_false__sota_mmr_pop__slam_0.2,mmr_pop,0.2,0.0,0.2322,0.1442,0.4099,0.3434777479334783,0.000695364238410596,0.0008835223089371781,0.13775792173411025,0.05177698663735897,0.17310711018890027,0.3108650319230105,0.2431180587744875,0.20180153616012447,0.17310711018890027,,
ml1m__weighted_neumf__seed4__baseline__rwmode_dominance__fracs_0.1__0.2__0.3__0.4__norm_false__sota_calib_pop__slam_0.2,ml1m,weighted_neumf,4,/home/oqiw47aj/oqiw47aj/CIKM2026/experiments/cikm2026_SOTA/rwmode_dominance__fracs_0.1__0.2__0.3__0.4__norm_false__sota_calib_pop__slam_0.2/ml1m/weighted_neumf/seed_4/baseline,baseline__rwmode_dominance__fracs_0.1__0.2__0.3__0.4__norm_false__sota_calib_pop__slam_0.2,calib_pop,0.2,0.0,0.2322,0.1442,0.4099,0.3434777479334783,0.000695364238410596,0.0008835223089371781,0.13775792173411025,0.05177698663735897,0.17310711018890027,0.3108650319230105,0.2431180587744875,0.20180153616012447,0.17310711018890027,,
ml1m__weighted_neumf__seed5__baseline__rwmode_dominance__fracs_0.1__0.2__0.3__0.4__norm_false__sota_pop_inverse__slam_0.2,ml1m,weighted_neumf,5,/home/oqiw47aj/oqiw47aj/CIKM2026/experiments/cikm2026_SOTA/rwmode_dominance__fracs_0.1__0.2__0.3__0.4__norm_false__sota_pop_inverse__slam_0.2/ml1m/weighted_neumf/seed_5/baseline,baseline__rwmode_dominance__fracs_0.1__0.2__0.3__0.4__norm_false__sota_pop_inverse__slam_0.2,pop_inverse,0.2,0.0,0.2327,0.1437,0.4133,0.3659198009136107,0.00019867549668874172,0.00023881547524250867,0.1362824383121022,0.05014807208271065,0.17146997749709278,0.307752415809195,0.24277021966075885,0.20870147420540225,0.17146997749709278,,
ml1m__weighted_neumf__seed5__baseline__rwmode_dominance__fracs_0.1__0.2__0.3__0.4__norm_false__sota_head_penalty__slam_0.2,ml1m,weighted_neumf,5,/home/oqiw47aj/oqiw47aj/CIKM2026/experiments/cikm2026_SOTA/rwmode_dominance__fracs_0.1__0.2__0.3__0.4__norm_false__sota_head_penalty__slam_0.2/ml1m/weighted_neumf/seed_5/baseline,baseline__rwmode_dominance__fracs_0.1__0.2__0.3__0.4__norm_false__sota_head_penalty__slam_0.2,head_penalty,0.2,0.0,0.2327,0.1437,0.4133,0.3659198009136107,0.00019867549668874172,0.00023881547524250867,0.1362824383121022,0.05014807208271065,0.17146997749709278,0.307752415809195,0.24277021966075885,0.20870147420540225,0.17146997749709278,,
ml1m__weighted_neumf__seed5__baseline__rwmode_dominance__fracs_0.1__0.2__0.3__0.4__norm_false__sota_xquad_pop__slam_0.2,ml1m,weighted_neumf,5,/home/oqiw47aj/oqiw47aj/CIKM2026/experiments/cikm2026_SOTA/rwmode_dominance__fracs_0.1__0.2__0.3__0.4__norm_false__sota_xquad_pop__slam_0.2/ml1m/weighted_neumf/seed_5/baseline,baseline__rwmode_dominance__fracs_0.1__0.2__0.3__0.4__norm_false__sota_xquad_pop__slam_0.2,xquad_pop,0.2,0.0,0.2327,0.1437,0.4133,0.3659198009136107,0.00019867549668874172,0.00023881547524250867,0.1362824383121022,0.05014807208271065,0.17146997749709278,0.307752415809195,0.24277021966075885,0.20870147420540225,0.17146997749709278,,
ml1m__weighted_neumf__seed5__baseline__rwmode_dominance__fracs_0.1__0.2__0.3__0.4__norm_false__sota_mmr_pop__slam_0.2,ml1m,weighted_neumf,5,/home/oqiw47aj/oqiw47aj/CIKM2026/experiments/cikm2026_SOTA/rwmode_dominance__fracs_0.1__0.2__0.3__0.4__norm_false__sota_mmr_pop__slam_0.2/ml1m/weighted_neumf/seed_5/baseline,baseline__rwmode_dominance__fracs_0.1__0.2__0.3__0.4__norm_false__sota_mmr_pop__slam_0.2,mmr_pop,0.2,0.0,0.2327,0.1437,0.4133,0.3659198009136107,0.00019867549668874172,0.00023881547524250867,0.1362824383121022,0.05014807208271065,0.17146997749709278,0.307752415809195,0.24277021966075885,0.20870147420540225,0.17146997749709278,,
ml1m__weighted_neumf__seed5__baseline__rwmode_dominance__fracs_0.1__0.2__0.3__0.4__norm_false__sota_calib_pop__slam_0.2,ml1m,weighted_neumf,5,/home/oqiw47aj/oqiw47aj/CIKM2026/experiments/cikm2026_SOTA/rwmode_dominance__fracs_0.1__0.2__0.3__0.4__norm_false__sota_calib_pop__slam_0.2/ml1m/weighted_neumf/seed_5/baseline,baseline__rwmode_dominance__fracs_0.1__0.2__0.3__0.4__norm_false__sota_calib_pop__slam_0.2,calib_pop,0.2,0.0,0.2327,0.1437,0.4133,0.3659198009136107,0.00019867549668874172,0.00023881547524250867,0.1362824383121022,0.05014807208271065,0.17146997749709278,0.307752415809195,0.24277021966075885,0.20870147420540225,0.17146997749709278,,
ml1m__weighted_neumf__seed6__baseline__rwmode_dominance__fracs_0.1__0.2__0.3__0.4__norm_false__sota_pop_inverse__slam_0.2,ml1m,weighted_neumf,6,/home/oqiw47aj/oqiw47aj/CIKM2026/experiments/cikm2026_SOTA/rwmode_dominance__fracs_0.1__0.2__0.3__0.4__norm_false__sota_pop_inverse__slam_0.2/ml1m/weighted_neumf/seed_6/baseline,baseline__rwmode_dominance__fracs_0.1__0.2__0.3__0.4__norm_false__sota_pop_inverse__slam_0.2,pop_inverse,0.2,0.0,0.2344,0.1454,0.4127,0.3548436419732134,0.0011589403973509935,0.0014312001635639656,0.13543836588902697,0.05138490110300512,0.1722742579906476,0.3077126238796746,0.25405777453998785,0.20372651258873894,0.1722742579906476,,
ml1m__weighted_neumf__seed6__baseline__rwmode_dominance__fracs_0.1__0.2__0.3__0.4__norm_false__sota_head_penalty__slam_0.2,ml1m,weighted_neumf,6,/home/oqiw47aj/oqiw47aj/CIKM2026/experiments/cikm2026_SOTA/rwmode_dominance__fracs_0.1__0.2__0.3__0.4__norm_false__sota_head_penalty__slam_0.2/ml1m/weighted_neumf/seed_6/baseline,baseline__rwmode_dominance__fracs_0.1__0.2__0.3__0.4__norm_false__sota_head_penalty__slam_0.2,head_penalty,0.2,0.0,0.2344,0.1454,0.4127,0.3548436419732134,0.0011589403973509935,0.0014312001635639656,0.13543836588902697,0.05138490110300512,0.1722742579906476,0.3077126238796746,0.25405777453998785,0.20372651258873894,0.1722742579906476,,
ml1m__weighted_neumf__seed6__baseline__rwmode_dominance__fracs_0.1__0.2__0.3__0.4__norm_false__sota_xquad_pop__slam_0.2,ml1m,weighted_neumf,6,/home/oqiw47aj/oqiw47aj/CIKM2026/experiments/cikm2026_SOTA/rwmode_dominance__fracs_0.1__0.2__0.3__0.4__norm_false__sota_xquad_pop__slam_0.2/ml1m/weighted_neumf/seed_6/baseline,baseline__rwmode_dominance__fracs_0.1__0.2__0.3__0.4__norm_false__sota_xquad_pop__slam_0.2,xquad_pop,0.2,0.0,0.2344,0.1454,0.4127,0.3548436419732134,0.0011589403973509935,0.0014312001635639656,0.13543836588902697,0.05138490110300512,0.1722742579906476,0.3077126238796746,0.25405777453998785,0.20372651258873894,0.1722742579906476,,
ml1m__weighted_neumf__seed6__baseline__rwmode_dominance__fracs_0.1__0.2__0.3__0.4__norm_false__sota_mmr_pop__slam_0.2,ml1m,weighted_neumf,6,/home/oqiw47aj/oqiw47aj/CIKM2026/experiments/cikm2026_SOTA/rwmode_dominance__fracs_0.1__0.2__0.3__0.4__norm_false__sota_mmr_pop__slam_0.2/ml1m/weighted_neumf/seed_6/baseline,baseline__rwmode_dominance__fracs_0.1__0.2__0.3__0.4__norm_false__sota_mmr_pop__slam_0.2,mmr_pop,0.2,0.0,0.2344,0.1454,0.4127,0.3548436419732134,0.0011589403973509935,0.0014312001635639656,0.13543836588902697,0.05138490110300512,0.1722742579906476,0.3077126238796746,0.25405777453998785,0.20372651258873894,0.1722742579906476,,
ml1m__weighted_neumf__seed6__baseline__rwmode_dominance__fracs_0.1__0.2__0.3__0.4__norm_false__sota_calib_pop__slam_0.2,ml1m,weighted_neumf,6,/home/oqiw47aj/oqiw47aj/CIKM2026/experiments/cikm2026_SOTA/rwmode_dominance__fracs_0.1__0.2__0.3__0.4__norm_false__sota_calib_pop__slam_0.2/ml1m/weighted_neumf/seed_6/baseline,baseline__rwmode_dominance__fracs_0.1__0.2__0.3__0.4__norm_false__sota_calib_pop__slam_0.2,calib_pop,0.2,0.0,0.2344,0.1454,0.4127,0.3548436419732134,0.0011589403973509935,0.0014312001635639656,0.13543836588902697,0.05138490110300512,0.1722742579906476,0.3077126238796746,0.25405777453998785,0.20372651258873894,0.1722742579906476,,
ml1m__weighted_neumf__seed7__baseline__rwmode_dominance__fracs_0.1__0.2__0.3__0.4__norm_false__sota_pop_inverse__slam_0.2,ml1m,weighted_neumf,7,/home/oqiw47aj/oqiw47aj/CIKM2026/experiments/cikm2026_SOTA/rwmode_dominance__fracs_0.1__0.2__0.3__0.4__norm_false__sota_pop_inverse__slam_0.2/ml1m/weighted_neumf/seed_7/baseline,baseline__rwmode_dominance__fracs_0.1__0.2__0.3__0.4__norm_false__sota_pop_inverse__slam_0.2,pop_inverse,0.2,0.0,0.2347,0.1479,0.4137,0.3262509267414253,0.003344370860927152,0.004443857796544605,0.1292780152640708,0.04825439672401487,0.17418284980277193,0.3034608650668427,0.25172337940008926,0.20952517403792392,0.17418284980277193,,
ml1m__weighted_neumf__seed7__baseline__rwmode_dominance__fracs_0.1__0.2__0.3__0.4__norm_false__sota_head_penalty__slam_0.2,ml1m,weighted_neumf,7,/home/oqiw47aj/oqiw47aj/CIKM2026/experiments/cikm2026_SOTA/rwmode_dominance__fracs_0.1__0.2__0.3__0.4__norm_false__sota_head_penalty__slam_0.2/ml1m/weighted_neumf/seed_7/baseline,baseline__rwmode_dominance__fracs_0.1__0.2__0.3__0.4__norm_false__sota_head_penalty__slam_0.2,head_penalty,0.2,0.0,0.2347,0.1479,0.4137,0.3262509267414253,0.003344370860927152,0.004443857796544605,0.1292780152640708,0.04825439672401487,0.17418284980277193,0.3034608650668427,0.25172337940008926,0.20952517403792392,0.17418284980277193,,
ml1m__weighted_neumf__seed7__baseline__rwmode_dominance__fracs_0.1__0.2__0.3__0.4__norm_false__sota_xquad_pop__slam_0.2,ml1m,weighted_neumf,7,/home/oqiw47aj/oqiw47aj/CIKM2026/experiments/cikm2026_SOTA/rwmode_dominance__fracs_0.1__0.2__0.3__0.4__norm_false__sota_xquad_pop__slam_0.2/ml1m/weighted_neumf/seed_7/baseline,baseline__rwmode_dominance__fracs_0.1__0.2__0.3__0.4__norm_false__sota_xquad_pop__slam_0.2,xquad_pop,0.2,0.0,0.2347,0.1479,0.4137,0.3262509267414253,0.003344370860927152,0.004443857796544605,0.1292780152640708,0.04825439672401487,0.17418284980277193,0.3034608650668427,0.25172337940008926,0.20952517403792392,0.17418284980277193,,
ml1m__weighted_neumf__seed7__baseline__rwmode_dominance__fracs_0.1__0.2__0.3__0.4__norm_false__sota_mmr_pop__slam_0.2,ml1m,weighted_neumf,7,/home/oqiw47aj/oqiw47aj/CIKM2026/experiments/cikm2026_SOTA/rwmode_dominance__fracs_0.1__0.2__0.3__0.4__norm_false__sota_mmr_pop__slam_0.2/ml1m/weighted_neumf/seed_7/baseline,baseline__rwmode_dominance__fracs_0.1__0.2__0.3__0.4__norm_false__sota_mmr_pop__slam_0.2,mmr_pop,0.2,0.0,0.2347,0.1479,0.4137,0.3262509267414253,0.003344370860927152,0.004443857796544605,0.1292780152640708,0.04825439672401487,0.17418284980277193,0.3034608650668427,0.25172337940008926,0.20952517403792392,0.17418284980277193,,
ml1m__weighted_neumf__seed7__baseline__rwmode_dominance__fracs_0.1__0.2__0.3__0.4__norm_false__sota_calib_pop__slam_0.2,ml1m,weighted_neumf,7,/home/oqiw47aj/oqiw47aj/CIKM2026/experiments/cikm2026_SOTA/rwmode_dominance__fracs_0.1__0.2__0.3__0.4__norm_false__sota_calib_pop__slam_0.2/ml1m/weighted_neumf/seed_7/baseline,baseline__rwmode_dominance__fracs_0.1__0.2__0.3__0.4__norm_false__sota_calib_pop__slam_0.2,calib_pop,0.2,0.0,0.2347,0.1479,0.4137,0.3262509267414253,0.003344370860927152,0.004443857796544605,0.1292780152640708,0.04825439672401487,0.17418284980277193,0.3034608650668427,0.25172337940008926,0.20952517403792392,0.17418284980277193,,
ml1m__weighted_neumf__seed8__baseline__rwmode_dominance__fracs_0.1__0.2__0.3__0.4__norm_false__sota_pop_inverse__slam_0.2,ml1m,weighted_neumf,8,/home/oqiw47aj/oqiw47aj/CIKM2026/experiments/cikm2026_SOTA/rwmode_dominance__fracs_0.1__0.2__0.3__0.4__norm_false__sota_pop_inverse__slam_0.2/ml1m/weighted_neumf/seed_8/baseline,baseline__rwmode_dominance__fracs_0.1__0.2__0.3__0.4__norm_false__sota_pop_inverse__slam_0.2,pop_inverse,0.2,0.0,0.2358,0.146,0.4173,0.37730225124473654,0.0004470198675496689,0.0005230226836868917,0.12480950140834754,0.04715463731402406,0.18307818825729075,0.3078876896656383,0.24539998221464554,0.20706207772817067,0.18307818825729075,,
ml1m__weighted_neumf__seed8__baseline__rwmode_dominance__fracs_0.1__0.2__0.3__0.4__norm_false__sota_head_penalty__slam_0.2,ml1m,weighted_neumf,8,/home/oqiw47aj/oqiw47aj/CIKM2026/experiments/cikm2026_SOTA/rwmode_dominance__fracs_0.1__0.2__0.3__0.4__norm_false__sota_head_penalty__slam_0.2/ml1m/weighted_neumf/seed_8/baseline,baseline__rwmode_dominance__fracs_0.1__0.2__0.3__0.4__norm_false__sota_head_penalty__slam_0.2,head_penalty,0.2,0.0,0.2358,0.146,0.4173,0.37730225124473654,0.0004470198675496689,0.0005230226836868917,0.12480950140834754,0.04715463731402406,0.18307818825729075,0.3078876896656383,0.24539998221464554,0.20706207772817067,0.18307818825729075,,
ml1m__weighted_neumf__seed8__baseline__rwmode_dominance__fracs_0.1__0.2__0.3__0.4__norm_false__sota_xquad_pop__slam_0.2,ml1m,weighted_neumf,8,/home/oqiw47aj/oqiw47aj/CIKM2026/experiments/cikm2026_SOTA/rwmode_dominance__fracs_0.1__0.2__0.3__0.4__norm_false__sota_xquad_pop__slam_0.2/ml1m/weighted_neumf/seed_8/baseline,baseline__rwmode_dominance__fracs_0.1__0.2__0.3__0.4__norm_false__sota_xquad_pop__slam_0.2,xquad_pop,0.2,0.0,0.2358,0.146,0.4173,0.37730225124473654,0.0004470198675496689,0.0005230226836868917,0.12480950140834754,0.04715463731402406,0.18307818825729075,0.3078876896656383,0.24539998221464554,0.20706207772817067,0.18307818825729075,,
ml1m__weighted_neumf__seed8__baseline__rwmode_dominance__fracs_0.1__0.2__0.3__0.4__norm_false__sota_mmr_pop__slam_0.2,ml1m,weighted_neumf,8,/home/oqiw47aj/oqiw47aj/CIKM2026/experiments/cikm2026_SOTA/rwmode_dominance__fracs_0.1__0.2__0.3__0.4__norm_false__sota_mmr_pop__slam_0.2/ml1m/weighted_neumf/seed_8/baseline,baseline__rwmode_dominance__fracs_0.1__0.2__0.3__0.4__norm_false__sota_mmr_pop__slam_0.2,mmr_pop,0.2,0.0,0.2358,0.146,0.4173,0.37730225124473654,0.0004470198675496689,0.0005230226836868917,0.12480950140834754,0.04715463731402406,0.18307818825729075,0.3078876896656383,0.24539998221464554,0.20706207772817067,0.18307818825729075,,
ml1m__weighted_neumf__seed8__baseline__rwmode_dominance__fracs_0.1__0.2__0.3__0.4__norm_false__sota_calib_pop__slam_0.2,ml1m,weighted_neumf,8,/home/oqiw47aj/oqiw47aj/CIKM2026/experiments/cikm2026_SOTA/rwmode_dominance__fracs_0.1__0.2__0.3__0.4__norm_false__sota_calib_pop__slam_0.2/ml1m/weighted_neumf/seed_8/baseline,baseline__rwmode_dominance__fracs_0.1__0.2__0.3__0.4__norm_false__sota_calib_pop__slam_0.2,calib_pop,0.2,0.0,0.2358,0.146,0.4173,0.37730225124473654,0.0004470198675496689,0.0005230226836868917,0.12480950140834754,0.04715463731402406,0.18307818825729075,0.3078876896656383,0.24539998221464554,0.20706207772817067,0.18307818825729075,,
ml1m__weighted_neumf__seed9__baseline__rwmode_dominance__fracs_0.1__0.2__0.3__0.4__norm_false__sota_pop_inverse__slam_0.2,ml1m,weighted_neumf,9,/home/oqiw47aj/oqiw47aj/CIKM2026/experiments/cikm2026_SOTA/rwmode_dominance__fracs_0.1__0.2__0.3__0.4__norm_false__sota_pop_inverse__slam_0.2/ml1m/weighted_neumf/seed_9/baseline,baseline__rwmode_dominance__fracs_0.1__0.2__0.3__0.4__norm_false__sota_pop_inverse__slam_0.2,pop_inverse,0.2,0.0,0.2318,0.1451,0.4105,0.3497111916420875,0.0004966887417218543,0.0006212466349132838,0.14400123574692972,0.053128335052434084,0.16780645148905696,0.3118076872359867,0.2420752699502062,0.20556080923864062,0.16780645148905696,,
ml1m__weighted_neumf__seed9__baseline__rwmode_dominance__fracs_0.1__0.2__0.3__0.4__norm_false__sota_head_penalty__slam_0.2,ml1m,weighted_neumf,9,/home/oqiw47aj/oqiw47aj/CIKM2026/experiments/cikm2026_SOTA/rwmode_dominance__fracs_0.1__0.2__0.3__0.4__norm_false__sota_head_penalty__slam_0.2/ml1m/weighted_neumf/seed_9/baseline,baseline__rwmode_dominance__fracs_0.1__0.2__0.3__0.4__norm_false__sota_head_penalty__slam_0.2,head_penalty,0.2,0.0,0.2318,0.1451,0.4105,0.3497111916420875,0.0004966887417218543,0.0006212466349132838,0.14400123574692972,0.053128335052434084,0.16780645148905696,0.3118076872359867,0.2420752699502062,0.20556080923864062,0.16780645148905696,,
ml1m__weighted_neumf__seed9__baseline__rwmode_dominance__fracs_0.1__0.2__0.3__0.4__norm_false__sota_xquad_pop__slam_0.2,ml1m,weighted_neumf,9,/home/oqiw47aj/oqiw47aj/CIKM2026/experiments/cikm2026_SOTA/rwmode_dominance__fracs_0.1__0.2__0.3__0.4__norm_false__sota_xquad_pop__slam_0.2/ml1m/weighted_neumf/seed_9/baseline,baseline__rwmode_dominance__fracs_0.1__0.2__0.3__0.4__norm_false__sota_xquad_pop__slam_0.2,xquad_pop,0.2,0.0,0.2318,0.1451,0.4105,0.3497111916420875,0.0004966887417218543,0.0006212466349132838,0.14400123574692972,0.053128335052434084,0.16780645148905696,0.3118076872359867,0.2420752699502062,0.20556080923864062,0.16780645148905696,,
ml1m__weighted_neumf__seed9__baseline__rwmode_dominance__fracs_0.1__0.2__0.3__0.4__norm_false__sota_mmr_pop__slam_0.2,ml1m,weighted_neumf,9,/home/oqiw47aj/oqiw47aj/CIKM2026/experiments/cikm2026_SOTA/rwmode_dominance__fracs_0.1__0.2__0.3__0.4__norm_false__sota_mmr_pop__slam_0.2/ml1m/weighted_neumf/seed_9/baseline,baseline__rwmode_dominance__fracs_0.1__0.2__0.3__0.4__norm_false__sota_mmr_pop__slam_0.2,mmr_pop,0.2,0.0,0.2318,0.1451,0.4105,0.3497111916420875,0.0004966887417218543,0.0006212466349132838,0.14400123574692972,0.053128335052434084,0.16780645148905696,0.3118076872359867,0.2420752699502062,0.20556080923864062,0.16780645148905696,,
ml1m__weighted_neumf__seed9__baseline__rwmode_dominance__fracs_0.1__0.2__0.3__0.4__norm_false__sota_calib_pop__slam_0.2,ml1m,weighted_neumf,9,/home/oqiw47aj/oqiw47aj/CIKM2026/experiments/cikm2026_SOTA/rwmode_dominance__fracs_0.1__0.2__0.3__0.4__norm_false__sota_calib_pop__slam_0.2/ml1m/weighted_neumf/seed_9/baseline,baseline__rwmode_dominance__fracs_0.1__0.2__0.3__0.4__norm_false__sota_calib_pop__slam_0.2,calib_pop,0.2,0.0,0.2318,0.1451,0.4105,0.3497111916420875,0.0004966887417218543,0.0006212466349132838,0.14400123574692972,0.053128335052434084,0.16780645148905696,0.3118076872359867,0.2420752699502062,0.20556080923864062,0.16780645148905696,,
ml1m__weighted_ngcf__seed0__baseline__rwmode_dominance__fracs_0.1__0.2__0.3__0.4__norm_false__sota_pop_inverse__slam_0.2,ml1m,weighted_ngcf,0,/home/oqiw47aj/oqiw47aj/CIKM2026/experiments/cikm2026_SOTA/rwmode_dominance__fracs_0.1__0.2__0.3__0.4__norm_false__sota_pop_inverse__slam_0.2/ml1m/weighted_ngcf/seed_0/baseline,baseline__rwmode_dominance__fracs_0.1__0.2__0.3__0.4__norm_false__sota_pop_inverse__slam_0.2,pop_inverse,0.2,0.0,0.2552,0.166,0.4432,0.3307336866711805,0.0009768211920529802,0.0013044439531267127,0.1298350103564774,0.04920208355927912,0.19769419972993188,0.3275292100864093,0.2723580577403707,0.22600261579394157,0.19769419972993188,,
ml1m__weighted_ngcf__seed0__baseline__rwmode_dominance__fracs_0.1__0.2__0.3__0.4__norm_false__sota_head_penalty__slam_0.2,ml1m,weighted_ngcf,0,/home/oqiw47aj/oqiw47aj/CIKM2026/experiments/cikm2026_SOTA/rwmode_dominance__fracs_0.1__0.2__0.3__0.4__norm_false__sota_head_penalty__slam_0.2/ml1m/weighted_ngcf/seed_0/baseline,baseline__rwmode_dominance__fracs_0.1__0.2__0.3__0.4__norm_false__sota_head_penalty__slam_0.2,head_penalty,0.2,0.0,0.2567,0.1622,0.4457,0.35043139031758425,0.00024834437086092715,0.0003100647001670478,0.13888008504983995,0.05330879624042607,0.19729830272262167,0.3361783877724616,0.2744299281225987,0.22191681159806023,0.19729830272262167,,
ml1m__weighted_ngcf__seed0__baseline__rwmode_dominance__fracs_0.1__0.2__0.3__0.4__norm_false__sota_xquad_pop__slam_0.2,ml1m,weighted_ngcf,0,/home/oqiw47aj/oqiw47aj/CIKM2026/experiments/cikm2026_SOTA/rwmode_dominance__fracs_0.1__0.2__0.3__0.4__norm_false__sota_xquad_pop__slam_0.2/ml1m/weighted_ngcf/seed_0/baseline,baseline__rwmode_dominance__fracs_0.1__0.2__0.3__0.4__norm_false__sota_xquad_pop__slam_0.2,xquad_pop,0.2,0.0,0.2566,0.1612,0.4456,0.3510191386619551,0.00026490066225165563,0.00033025099075256054,0.1378349183895098,0.0528412683278623,0.197768210893622,0.3356031292831318,0.27485198667421207,0.2228587757822085,0.197768210893622,,
ml1m__weighted_ngcf__seed0__baseline__rwmode_dominance__fracs_0.1__0.2__0.3__0.4__norm_false__sota_mmr_pop__slam_0.2,ml1m,weighted_ngcf,0,/home/oqiw47aj/oqiw47aj/CIKM2026/experiments/cikm2026_SOTA/rwmode_dominance__fracs_0.1__0.2__0.3__0.4__norm_false__sota_mmr_pop__slam_0.2/ml1m/weighted_ngcf/seed_0/baseline,baseline__rwmode_dominance__fracs_0.1__0.2__0.3__0.4__norm_false__sota_mmr_pop__slam_0.2,mmr_pop,0.2,0.0,0.2581,0.1667,0.4475,0.33274527607515403,0.0005960264900662252,0.0007857688529947078,0.13202746804265172,0.050363349919031485,0.20026657387543365,0.33229404191808537,0.2727228631132136,0.22518323682056607,0.20026657387543365,,
ml1m__weighted_ngcf__seed0__baseline__rwmode_dominance__fracs_0.1__0.2__0.3__0.4__norm_false__sota_calib_pop__slam_0.2,ml1m,weighted_ngcf,0,/home/oqiw47aj/oqiw47aj/CIKM2026/experiments/cikm2026_SOTA/rwmode_dominance__fracs_0.1__0.2__0.3__0.4__norm_false__sota_calib_pop__slam_0.2/ml1m/weighted_ngcf/seed_0/baseline,baseline__rwmode_dominance__fracs_0.1__0.2__0.3__0.4__norm_false__sota_calib_pop__slam_0.2,calib_pop,0.2,0.0,0.2568,0.1666,0.4473,0.3320995807109156,0.0006622516556291391,0.0008764433927112133,0.1301173998407164,0.04977856759196978,0.19956980609704983,0.32968720593776624,0.2724833988554901,0.2239613726546657,0.19956980609704983,,
ml1m__weighted_ngcf__seed1__baseline__rwmode_dominance__fracs_0.1__0.2__0.3__0.4__norm_false__sota_pop_inverse__slam_0.2,ml1m,weighted_ngcf,1,/home/oqiw47aj/oqiw47aj/CIKM2026/experiments/cikm2026_SOTA/rwmode_dominance__fracs_0.1__0.2__0.3__0.4__norm_false__sota_pop_inverse__slam_0.2/ml1m/weighted_ngcf/seed_1/baseline,baseline__rwmode_dominance__fracs_0.1__0.2__0.3__0.4__norm_false__sota_pop_inverse__slam_0.2,pop_inverse,0.2,0.0,0.2531,0.1633,0.4422,0.3353032230950216,0.0005298013245033113,0.0006896551724128953,0.127731346372114,0.04765744632260737,0.19524598721706085,0.32297733358917485,0.26570091851395644,0.2266991254667155,0.19524598721706085,,
ml1m__weighted_ngcf__seed1__baseline__rwmode_dominance__fracs_0.1__0.2__0.3__0.4__norm_false__sota_head_penalty__slam_0.2,ml1m,weighted_ngcf,1,/home/oqiw47aj/oqiw47aj/CIKM2026/experiments/cikm2026_SOTA/rwmode_dominance__fracs_0.1__0.2__0.3__0.4__norm_false__sota_head_penalty__slam_0.2/ml1m/weighted_ngcf/seed_1/baseline,baseline__rwmode_dominance__fracs_0.1__0.2__0.3__0.4__norm_false__sota_head_penalty__slam_0.2,head_penalty,0.2,0.0,0.2557,0.1654,0.4471,0.33538600455197526,0.0005298013245033113,0.0006890018086288517,0.12959001744400972,0.048285495675336264,0.19491767763539158,0.3245076950794013,0.2693108492199619,0.22889730124656127,0.19491767763539158,,
ml1m__weighted_ngcf__seed1__baseline__rwmode_dominance__fracs_0.1__0.2__0.3__0.4__norm_false__sota_xquad_pop__slam_0.2,ml1m,weighted_ngcf,1,/home/oqiw47aj/oqiw47aj/CIKM2026/experiments/cikm2026_SOTA/rwmode_dominance__fracs_0.1__0.2__0.3__0.4__norm_false__sota_xquad_pop__slam_0.2/ml1m/weighted_ngcf/seed_1/baseline,baseline__rwmode_dominance__fracs_0.1__0.2__0.3__0.4__norm_false__sota_xquad_pop__slam_0.2,xquad_pop,0.2,0.0,0.2519,0.1646,0.4426,0.3291111701148891,0.0013741721854304636,0.001884051391471517,0.12200138458081661,0.04562233544677387,0.1974651770378813,0.3194665616186979,0.2665189897293899,0.22768013909683613,0.1974651770378813,,
ml1m__weighted_ngcf__seed1__baseline__rwmode_dominance__fracs_0.1__0.2__0.3__0.4__norm_false__sota_mmr_pop__slam_0.2,ml1m,weighted_ngcf,1,/home/oqiw47aj/oqiw47aj/CIKM2026/experiments/cikm2026_SOTA/rwmode_dominance__fracs_0.1__0.2__0.3__0.4__norm_false__sota_mmr_pop__slam_0.2/ml1m/weighted_ngcf/seed_1/baseline,baseline__rwmode_dominance__fracs_0.1__0.2__0.3__0.4__norm_false__sota_mmr_pop__slam_0.2,mmr_pop,0.2,0.0,0.2553,0.1663,0.444,0.3357833555453527,0.0005298013245033113,0.0006867984461176253,0.13019132317037854,0.048697696274403936,0.1953408304057914,0.32553215357616994,0.27019456649773865,0.22814592978255105,0.1953408304057914,,
ml1m__weighted_ngcf__seed1__baseline__rwmode_dominance__fracs_0.1__0.2__0.3__0.4__norm_false__sota_calib_pop__slam_0.2,ml1m,weighted_ngcf,1,/home/oqiw47aj/oqiw47aj/CIKM2026/experiments/cikm2026_SOTA/rwmode_dominance__fracs_0.1__0.2__0.3__0.4__norm_false__sota_calib_pop__slam_0.2/ml1m/weighted_ngcf/seed_1/baseline,baseline__rwmode_dominance__fracs_0.1__0.2__0.3__0.4__norm_false__sota_calib_pop__slam_0.2,calib_pop,0.2,0.0,0.2545,0.1643,0.4435,0.3356012363400547,0.0005794701986754967,0.0007549286053223417,0.130442547653738,0.04896499204410292,0.19619437672987813,0.32663692438361613,0.2670213146738828,0.22565967985348379,0.19619437672987813,,
ml1m__weighted_ngcf__seed2__baseline__rwmode_dominance__fracs_0.1__0.2__0.3__0.4__norm_false__sota_pop_inverse__slam_0.2,ml1m,weighted_ngcf,2,/home/oqiw47aj/oqiw47aj/CIKM2026/experiments/cikm2026_SOTA/rwmode_dominance__fracs_0.1__0.2__0.3__0.4__norm_false__sota_pop_inverse__slam_0.2/ml1m/weighted_ngcf/seed_2/baseline,baseline__rwmode_dominance__fracs_0.1__0.2__0.3__0.4__norm_false__sota_pop_inverse__slam_0.2,pop_inverse,0.2,0.0,0.2549,0.1652,0.4421,0.33076679925396196,0.0011589403973509935,0.0015532774153442994,0.13565061743846313,0.05103809312590858,0.1938606481054403,0.3295112655439034,0.27108762693937744,0.2254908890266082,0.1938606481054403,,
ml1m__weighted_ngcf__seed2__baseline__rwmode_dominance__fracs_0.1__0.2__0.3__0.4__norm_false__sota_head_penalty__slam_0.2,ml1m,weighted_ngcf,2,/home/oqiw47aj/oqiw47aj/CIKM2026/experiments/cikm2026_SOTA/rwmode_dominance__fracs_0.1__0.2__0.3__0.4__norm_false__sota_head_penalty__slam_0.2/ml1m/weighted_ngcf/seed_2/baseline,baseline__rwmode_dominance__fracs_0.1__0.2__0.3__0.4__norm_false__sota_head_penalty__slam_0.2,head_penalty,0.2,0.0,0.2537,0.165,0.4396,0.33102342177051824,0.0011589403973509935,0.0015565240594126568,0.13440705936314543,0.050765122094236496,0.19333697481843146,0.3277440341815769,0.27118517596366193,0.22408502302727015,0.19333697481843146,,
ml1m__weighted_ngcf__seed2__baseline__rwmode_dominance__fracs_0.1__0.2__0.3__0.4__norm_false__sota_xquad_pop__slam_0.2,ml1m,weighted_ngcf,2,/home/oqiw47aj/oqiw47aj/CIKM2026/experiments/cikm2026_SOTA/rwmode_dominance__fracs_0.1__0.2__0.3__0.4__norm_false__sota_xquad_pop__slam_0.2/ml1m/weighted_ngcf/seed_2/baseline,baseline__rwmode_dominance__fracs_0.1__0.2__0.3__0.4__norm_false__sota_xquad_pop__slam_0.2,xquad_pop,0.2,0.0,0.252,0.1652,0.4371,0.3292601767374057,0.0011423841059602648,0.0015416582880869334,0.13006254787772892,0.04935005872888289,0.19428934984963842,0.32435189772736733,0.26984860160246515,0.2226688110520734,0.19428934984963842,,
ml1m__weighted_ngcf__seed2__baseline__rwmode_dominance__fracs_0.1__0.2__0.3__0.4__norm_false__sota_mmr_pop__slam_0.2,ml1m,weighted_ngcf,2,/home/oqiw47aj/oqiw47aj/CIKM2026/experiments/cikm2026_SOTA/rwmode_dominance__fracs_0.1__0.2__0.3__0.4__norm_false__sota_mmr_pop__slam_0.2/ml1m/weighted_ngcf/seed_2/baseline,baseline__rwmode_dominance__fracs_0.1__0.2__0.3__0.4__norm_false__sota_mmr_pop__slam_0.2,mmr_pop,0.2,0.0,0.2527,0.1639,0.4416,0.3303032230950216,0.0009105960264900663,0.0012283366088959669,0.13160668754761284,0.0499825979941223,0.19409987874918505,0.3257065662967979,0.2691150538500604,0.22172162632685935,0.19409987874918505,,
ml1m__weighted_ngcf__seed2__baseline__rwmode_dominance__fracs_0.1__0.2__0.3__0.4__norm_false__sota_calib_pop__slam_0.2,ml1m,weighted_ngcf,2,/home/oqiw47aj/oqiw47aj/CIKM2026/experiments/cikm2026_SOTA/rwmode_dominance__fracs_0.1__0.2__0.3__0.4__norm_false__sota_calib_pop__slam_0.2/ml1m/weighted_ngcf/seed_2/baseline,baseline__rwmode_dominance__fracs_0.1__0.2__0.3__0.4__norm_false__sota_calib_pop__slam_0.2,calib_pop,0.2,0.0,0.2568,0.1657,0.444,0.3337883224327699,0.000728476821192053,0.0009581881533088443,0.14693550747521306,0.054802748193796276,0.18927140122021857,0.3362069086954316,0.2725298307239269,0.22676942373799572,0.18927140122021857,,
ml1m__weighted_ngcf__seed3__baseline__rwmode_dominance__fracs_0.1__0.2__0.3__0.4__norm_false__sota_pop_inverse__slam_0.2,ml1m,weighted_ngcf,3,/home/oqiw47aj/oqiw47aj/CIKM2026/experiments/cikm2026_SOTA/rwmode_dominance__fracs_0.1__0.2__0.3__0.4__norm_false__sota_pop_inverse__slam_0.2/ml1m/weighted_ngcf/seed_3/baseline,baseline__rwmode_dominance__fracs_0.1__0.2__0.3__0.4__norm_false__sota_pop_inverse__slam_0.2,pop_inverse,0.2,0.0,0.2543,0.1625,0.4406,0.33306812375727324,0.0005794701986754967,0.0007747819542204189,0.14827126991100695,0.055955952819369784,0.18819185551282822,0.33646312542383516,0.2754977930591696,0.22325953539096974,0.18819185551282822,,
ml1m__weighted_ngcf__seed3__baseline__rwmode_dominance__fracs_0.1__0.2__0.3__0.4__norm_false__sota_head_penalty__slam_0.2,ml1m,weighted_ngcf,3,/home/oqiw47aj/oqiw47aj/CIKM2026/experiments/cikm2026_SOTA/rwmode_dominance__fracs_0.1__0.2__0.3__0.4__norm_false__sota_head_penalty__slam_0.2/ml1m/weighted_ngcf/seed_3/baseline,baseline__rwmode_dominance__fracs_0.1__0.2__0.3__0.4__norm_false__sota_head_penalty__slam_0.2,head_penalty,0.2,0.0,0.2538,0.1644,0.4385,0.3314290509095911,0.0008278145695364238,0.0011098040086105914,0.14299613530260355,0.05409041494313017,0.1863549044370104,0.32935103973961394,0.2763417377915687,0.2231705766570282,0.1863549044370104,,
ml1m__weighted_ngcf__seed3__baseline__rwmode_dominance__fracs_0.1__0.2__0.3__0.4__norm_false__sota_xquad_pop__slam_0.2,ml1m,weighted_ngcf,3,/home/oqiw47aj/oqiw47aj/CIKM2026/experiments/cikm2026_SOTA/rwmode_dominance__fracs_0.1__0.2__0.3__0.4__norm_false__sota_xquad_pop__slam_0.2/ml1m/weighted_ngcf/seed_3/baseline,baseline__rwmode_dominance__fracs_0.1__0.2__0.3__0.4__norm_false__sota_xquad_pop__slam_0.2,xquad_pop,0.2,0.0,0.2548,0.1623,0.4458,0.3330101767374057,0.0005629139072847682,0.00075538769162307,0.14397456665681518,0.054255098045980436,0.18729338664306705,0.33126795329988223,0.2764775024150563,0.22479735009412244,0.18729338664306705,,
ml1m__weighted_ngcf__seed3__baseline__rwmode_dominance__fracs_0.1__0.2__0.3__0.4__norm_false__sota_mmr_pop__slam_0.2,ml1m,weighted_ngcf,3,/home/oqiw47aj/oqiw47aj/CIKM2026/experiments/cikm2026_SOTA/rwmode_dominance__fracs_0.1__0.2__0.3__0.4__norm_false__sota_mmr_pop__slam_0.2/ml1m/weighted_ngcf/seed_3/baseline,baseline__rwmode_dominance__fracs_0.1__0.2__0.3__0.4__norm_false__sota_mmr_pop__slam_0.2,mmr_pop,0.2,0.0,0.2549,0.1635,0.444,0.33281977938641233,0.0005960264900662252,0.0007983146690309742,0.1459470904440938,0.05534120258480491,0.18801484213550643,0.3339619325796002,0.27772021541566133,0.22315011834515583,0.18801484213550643,,
ml1m__weighted_ngcf__seed3__baseline__rwmode_dominance__fracs_0.1__0.2__0.3__0.4__norm_false__sota_calib_pop__slam_0.2,ml1m,weighted_ngcf,3,/home/oqiw47aj/oqiw47aj/CIKM2026/experiments/cikm2026_SOTA/rwmode_dominance__fracs_0.1__0.2__0.3__0.4__norm_false__sota_calib_pop__slam_0.2/ml1m/weighted_ngcf/seed_3/baseline,baseline__rwmode_dominance__fracs_0.1__0.2__0.3__0.4__norm_false__sota_calib_pop__slam_0.2,calib_pop,0.2,0.0,0.2556,0.1633,0.4457,0.33272044163806797,0.0006125827814569537,0.0008218752082443048,0.14661651073201995,0.05562313368048899,0.1874783013354008,0.33409481206742075,0.278719730902878,0.22335718164462562,0.1874783013354008,,
ml1m__weighted_ngcf__seed4__baseline__rwmode_dominance__fracs_0.1__0.2__0.3__0.4__norm_false__sota_pop_inverse__slam_0.2,ml1m,weighted_ngcf,4,/home/oqiw47aj/oqiw47aj/CIKM2026/experiments/cikm2026_SOTA/rwmode_dominance__fracs_0.1__0.2__0.3__0.4__norm_false__sota_pop_inverse__slam_0.2/ml1m/weighted_ngcf/seed_4/baseline,baseline__rwmode_dominance__fracs_0.1__0.2__0.3__0.4__norm_false__sota_pop_inverse__slam_0.2,pop_inverse,0.2,0.0,0.2553,0.1616,0.4457,0.33674761548314713,0.00038079470198675497,0.0004922523756521332,0.144390847905643,0.05395619880848336,0.19218165276815935,0.33657250067380234,0.26463040330338305,0.2241182535195596,0.19218165276815935,,
ml1m__weighted_ngcf__seed4__baseline__rwmode_dominance__fracs_0.1__0.2__0.3__0.4__norm_false__sota_head_penalty__slam_0.2,ml1m,weighted_ngcf,4,/home/oqiw47aj/oqiw47aj/CIKM2026/experiments/cikm2026_SOTA/rwmode_dominance__fracs_0.1__0.2__0.3__0.4__norm_false__sota_head_penalty__slam_0.2/ml1m/weighted_ngcf/seed_4/baseline,baseline__rwmode_dominance__fracs_0.1__0.2__0.3__0.4__norm_false__sota_head_penalty__slam_0.2,head_penalty,0.2,0.0,0.2553,0.1625,0.447,0.33673933733745176,0.0005298013245033113,0.0006848875286252731,0.14121601662940042,0.05310793746076989,0.19608823995435865,0.33730425658375907,0.2639799381040507,0.2240629389269782,0.19608823995435865,,
ml1m__weighted_ngcf__seed4__baseline__rwmode_dominance__fracs_0.1__0.2__0.3__0.4__norm_false__sota_xquad_pop__slam_0.2,ml1m,weighted_ngcf,4,/home/oqiw47aj/oqiw47aj/CIKM2026/experiments/cikm2026_SOTA/rwmode_dominance__fracs_0.1__0.2__0.3__0.4__norm_false__sota_xquad_pop__slam_0.2/ml1m/weighted_ngcf/seed_4/baseline,baseline__rwmode_dominance__fracs_0.1__0.2__0.3__0.4__norm_false__sota_xquad_pop__slam_0.2,xquad_pop,0.2,0.0,0.255,0.1618,0.4458,0.3370787413109617,0.00046357615894039735,0.0005987511761176084,0.1409911450550306,0.05313082979540445,0.19529243259885862,0.3362835776538892,0.26538605207848404,0.22319335511745816,0.19529243259885862,,
ml1m__weighted_ngcf__seed4__baseline__rwmode_dominance__fracs_0.1__0.2__0.3__0.4__norm_false__sota_mmr_pop__slam_0.2,ml1m,weighted_ngcf,4,/home/oqiw47aj/oqiw47aj/CIKM2026/experiments/cikm2026_SOTA/rwmode_dominance__fracs_0.1__0.2__0.3__0.4__norm_false__sota_mmr_pop__slam_0.2/ml1m/weighted_ngcf/seed_4/baseline,baseline__rwmode_dominance__fracs_0.1__0.2__0.3__0.4__norm_false__sota_mmr_pop__slam_0.2,mmr_pop,0.2,0.0,0.2553,0.1599,0.4465,0.3511598671387763,0.00019867549668874172,0.00024760136180718135,0.1458136293599457,0.054685424672741234,0.19287798391712144,0.33869161327706715,0.26412569489620247,0.22313124384967223,0.19287798391712144,,
ml1m__weighted_ngcf__seed4__baseline__rwmode_dominance__fracs_0.1__0.2__0.3__0.4__norm_false__sota_calib_pop__slam_0.2,ml1m,weighted_ngcf,4,/home/oqiw47aj/oqiw47aj/CIKM2026/experiments/cikm2026_SOTA/rwmode_dominance__fracs_0.1__0.2__0.3__0.4__norm_false__sota_calib_pop__slam_0.2/ml1m/weighted_ngcf/seed_4/baseline,baseline__rwmode_dominance__fracs_0.1__0.2__0.3__0.4__norm_false__sota_calib_pop__slam_0.2,calib_pop,0.2,0.0,0.2556,0.163,0.4455,0.3366234432977167,0.00046357615894039735,0.0005994562075823458,0.1446310410447401,0.054262578463677866,0.19327700744284584,0.33790804848758593,0.26484709576047044,0.22341919360661375,0.19327700744284584,,
ml1m__weighted_ngcf__seed5__baseline__rwmode_dominance__fracs_0.1__0.2__0.3__0.4__norm_false__sota_pop_inverse__slam_0.2,ml1m,weighted_ngcf,5,/home/oqiw47aj/oqiw47aj/CIKM2026/experiments/cikm2026_SOTA/rwmode_dominance__fracs_0.1__0.2__0.3__0.4__norm_false__sota_pop_inverse__slam_0.2/ml1m/weighted_ngcf/seed_5/baseline,baseline__rwmode_dominance__fracs_0.1__0.2__0.3__0.4__norm_false__sota_pop_inverse__slam_0.2,pop_inverse,0.2,0.0,0.2565,0.1626,0.4489,0.3415903307149352,0.0005132450331125828,0.0006552664397886328,0.14271758842353235,0.052836770843585415,0.19269870760572336,0.3354162960292557,0.2669004427549711,0.2289061334598818,0.19269870760572336,,
ml1m__weighted_ngcf__seed5__baseline__rwmode_dominance__fracs_0.1__0.2__0.3__0.4__norm_false__sota_head_penalty__slam_0.2,ml1m,weighted_ngcf,5,/home/oqiw47aj/oqiw47aj/CIKM2026/experiments/cikm2026_SOTA/rwmode_dominance__fracs_0.1__0.2__0.3__0.4__norm_false__sota_head_penalty__slam_0.2/ml1m/weighted_ngcf/seed_5/baseline,baseline__rwmode_dominance__fracs_0.1__0.2__0.3__0.4__norm_false__sota_head_penalty__slam_0.2,head_penalty,0.2,0.0,0.2551,0.164,0.4424,0.3342353423003196,0.000695364238410596,0.0009078725519853264,0.1389763687570769,0.05116592631520969,0.1928970787327591,0.331873447489836,0.26430100360143005,0.23011698849593112,0.1928970787327591,,
ml1m__weighted_ngcf__seed5__baseline__rwmode_dominance__fracs_0.1__0.2__0.3__0.4__norm_false__sota_xquad_pop__slam_0.2,ml1m,weighted_ngcf,5,/home/oqiw47aj/oqiw47aj/CIKM2026/experiments/cikm2026_SOTA/rwmode_dominance__fracs_0.1__0.2__0.3__0.4__norm_false__sota_xquad_pop__slam_0.2/ml1m/weighted_ngcf/seed_5/baseline,baseline__rwmode_dominance__fracs_0.1__0.2__0.3__0.4__norm_false__sota_xquad_pop__slam_0.2,xquad_pop,0.2,0.0,0.2573,0.1619,0.4475,0.3460191386619551,0.00038079470198675497,0.00048072903603316956,0.14242173608493733,0.05339916697191563,0.19468254674744265,0.33710428283238,0.27251081017706447,0.2275247484200988,0.19468254674744265,,
ml1m__weighted_ngcf__seed5__baseline__rwmode_dominance__fracs_0.1__0.2__0.3__0.4__norm_false__sota_mmr_pop__slam_0.2,ml1m,weighted_ngcf,5,/home/oqiw47aj/oqiw47aj/CIKM2026/experiments/cikm2026_SOTA/rwmode_dominance__fracs_0.1__0.2__0.3__0.4__norm_false__sota_mmr_pop__slam_0.2/ml1m/weighted_ngcf/seed_5/baseline,baseline__rwmode_dominance__fracs_0.1__0.2__0.3__0.4__norm_false__sota_mmr_pop__slam_0.2,mmr_pop,0.2,0.0,0.2563,0.1628,0.4485,0.34139993336394187,0.0005298013245033113,0.0006767330710984039,0.14264298296649763,0.05244763226129313,0.19246773730736616,0.3351107202738638,0.26671292968917504,0.23162152587188317,0.19246773730736616,,
ml1m__weighted_ngcf__seed5__baseline__rwmode_dominance__fracs_0.1__0.2__0.3__0.4__norm_false__sota_calib_pop__slam_0.2,ml1m,weighted_ngcf,5,/home/oqiw47aj/oqiw47aj/CIKM2026/experiments/cikm2026_SOTA/rwmode_dominance__fracs_0.1__0.2__0.3__0.4__norm_false__sota_calib_pop__slam_0.2/ml1m/weighted_ngcf/seed_5/baseline,baseline__rwmode_dominance__fracs_0.1__0.2__0.3__0.4__norm_false__sota_calib_pop__slam_0.2,calib_pop,0.2,0.0,0.2545,0.1611,0.4437,0.3403982777348028,0.00039735099337748344,0.0005088519028934435,0.13946685437668338,0.05162858178180852,0.19149190630787682,0.3309587606845602,0.2624022881168,0.22629784402358272,0.19149190630787682,,
ml1m__weighted_ngcf__seed6__baseline__rwmode_dominance__fracs_0.1__0.2__0.3__0.4__norm_false__sota_pop_inverse__slam_0.2,ml1m,weighted_ngcf,6,/home/oqiw47aj/oqiw47aj/CIKM2026/experiments/cikm2026_SOTA/rwmode_dominance__fracs_0.1__0.2__0.3__0.4__norm_false__sota_pop_inverse__slam_0.2/ml1m/weighted_ngcf/seed_6/baseline,baseline__rwmode_dominance__fracs_0.1__0.2__0.3__0.4__norm_false__sota_pop_inverse__slam_0.2,pop_inverse,0.2,0.0,0.2601,0.1669,0.4527,0.3329853423003196,0.0007781456953642385,0.001019279564527736,0.14224605872655594,0.05387277273978905,0.1900351041566059,0.33228116288316184,0.28191807009452896,0.2279979374835441,0.1900351041566059,,
ml1m__weighted_ngcf__seed6__baseline__rwmode_dominance__fracs_0.1__0.2__0.3__0.4__norm_false__sota_head_penalty__slam_0.2,ml1m,weighted_ngcf,6,/home/oqiw47aj/oqiw47aj/CIKM2026/experiments/cikm2026_SOTA/rwmode_dominance__fracs_0.1__0.2__0.3__0.4__norm_false__sota_head_penalty__slam_0.2/ml1m/weighted_ngcf/seed_6/baseline,baseline__rwmode_dominance__fracs_0.1__0.2__0.3__0.4__norm_false__sota_head_penalty__slam_0.2,head_penalty,0.2,0.0,0.259,0.1685,0.4485,0.3288628257440282,0.001109271523178808,0.0015001231444352013,0.13709936343603515,0.05179956008264175,0.19431386162123945,0.3314132250572746,0.2809823821338949,0.2303320371000998,0.19431386162123945,,
ml1m__weighted_ngcf__seed6__baseline__rwmode_dominance__fracs_0.1__0.2__0.3__0.4__norm_false__sota_xquad_pop__slam_0.2,ml1m,weighted_ngcf,6,/home/oqiw47aj/oqiw47aj/CIKM2026/experiments/cikm2026_SOTA/rwmode_dominance__fracs_0.1__0.2__0.3__0.4__norm_false__sota_xquad_pop__slam_0.2/ml1m/weighted_ngcf/seed_6/baseline,baseline__rwmode_dominance__fracs_0.1__0.2__0.3__0.4__norm_false__sota_xquad_pop__slam_0.2,xquad_pop,0.2,0.0,0.2579,0.1676,0.4458,0.3290283886579355,0.0011258278145695364,0.0015287769784151901,0.13668039620778766,0.05191143237704814,0.1941289889404182,0.33080938514820585,0.28026161230975244,0.2279463189002732,0.1941289889404182,,
ml1m__weighted_ngcf__seed6__baseline__rwmode_dominance__fracs_0.1__0.2__0.3__0.4__norm_false__sota_mmr_pop__slam_0.2,ml1m,weighted_ngcf,6,/home/oqiw47aj/oqiw47aj/CIKM2026/experiments/cikm2026_SOTA/rwmode_dominance__fracs_0.1__0.2__0.3__0.4__norm_false__sota_mmr_pop__slam_0.2/ml1m/weighted_ngcf/seed_6/baseline,baseline__rwmode_dominance__fracs_0.1__0.2__0.3__0.4__norm_false__sota_mmr_pop__slam_0.2,mmr_pop,0.2,0.0,0.2599,0.1668,0.4525,0.33287772640627983,0.0008112582781456954,0.0010618701917853694,0.14079789846866073,0.05365571523946253,0.19041161376632212,0.33120951223498285,0.2836031021645927,0.2274628154073829,0.19041161376632212,,
ml1m__weighted_ngcf__seed6__baseline__rwmode_dominance__fracs_0.1__0.2__0.3__0.4__norm_false__sota_calib_pop__slam_0.2,ml1m,weighted_ngcf,6,/home/oqiw47aj/oqiw47aj/CIKM2026/experiments/cikm2026_SOTA/rwmode_dominance__fracs_0.1__0.2__0.3__0.4__norm_false__sota_calib_pop__slam_0.2/ml1m/weighted_ngcf/seed_6/baseline,baseline__rwmode_dominance__fracs_0.1__0.2__0.3__0.4__norm_false__sota_calib_pop__slam_0.2,calib_pop,0.2,0.0,0.2581,0.1676,0.4454,0.32887938203541894,0.0013079470198675497,0.0017714593237037628,0.1329033566092797,0.050396669205009924,0.196612448122574,0.3295158047318537,0.27949112829529865,0.22942034628954094,0.196612448122574,,
ml1m__weighted_ngcf__seed7__baseline__rwmode_dominance__fracs_0.1__0.2__0.3__0.4__norm_false__sota_pop_inverse__slam_0.2,ml1m,weighted_ngcf,7,/home/oqiw47aj/oqiw47aj/CIKM2026/experiments/cikm2026_SOTA/rwmode_dominance__fracs_0.1__0.2__0.3__0.4__norm_false__sota_pop_inverse__slam_0.2/ml1m/weighted_ngcf/seed_7/baseline,baseline__rwmode_dominance__fracs_0.1__0.2__0.3__0.4__norm_false__sota_pop_inverse__slam_0.2,pop_inverse,0.2,0.0,0.252,0.1631,0.4376,0.32806812375727323,0.0011258278145695364,0.0015301530152994505,0.12638617995098256,0.04693132266576758,0.19243506882470812,0.3188212487756907,0.2700666339408611,0.23023098025576358,0.19243506882470812,,
ml1m__weighted_ngcf__seed7__baseline__rwmode_dominance__fracs_0.1__0.2__0.3__0.4__norm_false__sota_head_penalty__slam_0.2,ml1m,weighted_ngcf,7,/home/oqiw47aj/oqiw47aj/CIKM2026/experiments/cikm2026_SOTA/rwmode_dominance__fracs_0.1__0.2__0.3__0.4__norm_false__sota_head_penalty__slam_0.2/ml1m/weighted_ngcf/seed_7/baseline,baseline__rwmode_dominance__fracs_0.1__0.2__0.3__0.4__norm_false__sota_head_penalty__slam_0.2,head_penalty,0.2,0.0,0.2519,0.1628,0.4375,0.3278032230950216,0.0009602649006622517,0.0013072779317943753,0.12283883140798402,0.04576761838700417,0.1925183691072217,0.3153572005152057,0.2693291184137321,0.22904420443810342,0.1925183691072217,,
ml1m__weighted_ngcf__seed7__baseline__rwmode_dominance__fracs_0.1__0.2__0.3__0.4__norm_false__sota_xquad_pop__slam_0.2,ml1m,weighted_ngcf,7,/home/oqiw47aj/oqiw47aj/CIKM2026/experiments/cikm2026_SOTA/rwmode_dominance__fracs_0.1__0.2__0.3__0.4__norm_false__sota_xquad_pop__slam_0.2/ml1m/weighted_ngcf/seed_7/baseline,baseline__rwmode_dominance__fracs_0.1__0.2__0.3__0.4__norm_false__sota_xquad_pop__slam_0.2,xquad_pop,0.2,0.0,0.2555,0.1627,0.4414,0.3329853423003196,0.0005463576158940398,0.000717219795265408,0.12397761183395758,0.046573264538312065,0.1973880836230806,0.3213656954570382,0.274307736735547,0.230839033339224,0.1973880836230806,,
ml1m__weighted_ngcf__seed7__baseline__rwmode_dominance__fracs_0.1__0.2__0.3__0.4__norm_false__sota_mmr_pop__slam_0.2,ml1m,weighted_ngcf,7,/home/oqiw47aj/oqiw47aj/CIKM2026/experiments/cikm2026_SOTA/rwmode_dominance__fracs_0.1__0.2__0.3__0.4__norm_false__sota_mmr_pop__slam_0.2/ml1m/weighted_ngcf/seed_7/baseline,baseline__rwmode_dominance__fracs_0.1__0.2__0.3__0.4__norm_false__sota_mmr_pop__slam_0.2,mmr_pop,0.2,0.0,0.2513,0.1636,0.4361,0.32728169991621364,0.0011258278145695364,0.0015382179292851154,0.12499920008479279,0.0464042319509993,0.19273096000680742,0.3177301600916002,0.2688133693405782,0.2296912195681733,0.19273096000680742,,
ml1m__weighted_ngcf__seed7__baseline__rwmode_dominance__fracs_0.1__0.2__0.3__0.4__norm_false__sota_calib_pop__slam_0.2,ml1m,weighted_ngcf,7,/home/oqiw47aj/oqiw47aj/CIKM2026/experiments/cikm2026_SOTA/rwmode_dominance__fracs_0.1__0.2__0.3__0.4__norm_false__sota_calib_pop__slam_0.2/ml1m/weighted_ngcf/seed_7/baseline,baseline__rwmode_dominance__fracs_0.1__0.2__0.3__0.4__norm_false__sota_calib_pop__slam_0.2,calib_pop,0.2,0.0,0.2547,0.1632,0.4378,0.3327618323665448,0.0005629139072847682,0.0007398059097427067,0.12649940298061138,0.047576876539442585,0.1954388901239099,0.32193829310452127,0.2754244207857526,0.2302777533859692,0.1954388901239099,,
ml1m__weighted_ngcf__seed8__baseline__rwmode_dominance__fracs_0.1__0.2__0.3__0.4__norm_false__sota_pop_inverse__slam_0.2,ml1m,weighted_ngcf,8,/home/oqiw47aj/oqiw47aj/CIKM2026/experiments/cikm2026_SOTA/rwmode_dominance__fracs_0.1__0.2__0.3__0.4__norm_false__sota_pop_inverse__slam_0.2/ml1m/weighted_ngcf/seed_8/baseline,baseline__rwmode_dominance__fracs_0.1__0.2__0.3__0.4__norm_false__sota_pop_inverse__slam_0.2,pop_inverse,0.2,0.0,0.2589,0.1683,0.4491,0.3317767330287964,0.0009105960264900663,0.001217164228648206,0.12187637091083778,0.04619968958555993,0.20424440065527252,0.3261207715661103,0.27175283089026075,0.22939124007227238,0.20424440065527252,,
ml1m__weighted_ngcf__seed8__baseline__rwmode_dominance__fracs_0.1__0.2__0.3__0.4__norm_false__sota_head_penalty__slam_0.2,ml1m,weighted_ngcf,8,/home/oqiw47aj/oqiw47aj/CIKM2026/experiments/cikm2026_SOTA/rwmode_dominance__fracs_0.1__0.2__0.3__0.4__norm_false__sota_head_penalty__slam_0.2/ml1m/weighted_ngcf/seed_8/baseline,baseline__rwmode_dominance__fracs_0.1__0.2__0.3__0.4__norm_false__sota_head_penalty__slam_0.2,head_penalty,0.2,0.0,0.2592,0.1685,0.4453,0.33575852110826665,0.0005463576158940398,0.0007102119875165631,0.125669088624368,0.047248991317831224,0.20360947429844842,0.32927856292281643,0.2700210104854265,0.23066827489286573,0.20360947429844842,,
ml1m__weighted_ngcf__seed8__baseline__rwmode_dominance__fracs_0.1__0.2__0.3__0.4__norm_false__sota_xquad_pop__slam_0.2,ml1m,weighted_ngcf,8,/home/oqiw47aj/oqiw47aj/CIKM2026/experiments/cikm2026_SOTA/rwmode_dominance__fracs_0.1__0.2__0.3__0.4__norm_false__sota_xquad_pop__slam_0.2/ml1m/weighted_ngcf/seed_8/baseline,baseline__rwmode_dominance__fracs_0.1__0.2__0.3__0.4__norm_false__sota_xquad_pop__slam_0.2,xquad_pop,0.2,0.0,0.2589,0.1678,0.4512,0.3316525608433659,0.0008940397350993377,0.0011965433192981992,0.11999118735376657,0.045812310370529186,0.20576304564496473,0.3257542329987313,0.26986047825988313,0.22737818305117233,0.20576304564496473,,
ml1m__weighted_ngcf__seed8__baseline__rwmode_dominance__fracs_0.1__0.2__0.3__0.4__norm_false__sota_mmr_pop__slam_0.2,ml1m,weighted_ngcf,8,/home/oqiw47aj/oqiw47aj/CIKM2026/experiments/cikm2026_SOTA/rwmode_dominance__fracs_0.1__0.2__0.3__0.4__norm_false__sota_mmr_pop__slam_0.2/ml1m/weighted_ngcf/seed_8/baseline,baseline__rwmode_dominance__fracs_0.1__0.2__0.3__0.4__norm_false__sota_mmr_pop__slam_0.2,mmr_pop,0.2,0.0,0.2598,0.1686,0.4467,0.3354853423003196,0.0006125827814569537,0.0007975513019475736,0.12715310209971004,0.04791262205758927,0.20359198089340758,0.3307450829931176,0.26856769242661427,0.22938631752594413,0.20359198089340758,,
ml1m__weighted_ngcf__seed8__baseline__rwmode_dominance__fracs_0.1__0.2__0.3__0.4__norm_false__sota_calib_pop__slam_0.2,ml1m,weighted_ngcf,8,/home/oqiw47aj/oqiw47aj/CIKM2026/experiments/cikm2026_SOTA/rwmode_dominance__fracs_0.1__0.2__0.3__0.4__norm_false__sota_calib_pop__slam_0.2/ml1m/weighted_ngcf/seed_8/baseline,baseline__rwmode_dominance__fracs_0.1__0.2__0.3__0.4__norm_false__sota_calib_pop__slam_0.2,calib_pop,0.2,0.0,0.2568,0.1634,0.4445,0.3549595360129485,4.966887417218543e-05,6.13195977433631e-05,0.13633405047119945,0.05123597732478699,0.19617992258015915,0.3325139730513586,0.26835094719513336,0.22574288080524257,0.19617992258015915,,
ml1m__weighted_ngcf__seed9__baseline__rwmode_dominance__fracs_0.1__0.2__0.3__0.4__norm_false__sota_pop_inverse__slam_0.2,ml1m,weighted_ngcf,9,/home/oqiw47aj/oqiw47aj/CIKM2026/experiments/cikm2026_SOTA/rwmode_dominance__fracs_0.1__0.2__0.3__0.4__norm_false__sota_pop_inverse__slam_0.2/ml1m/weighted_ngcf/seed_9/baseline,baseline__rwmode_dominance__fracs_0.1__0.2__0.3__0.4__norm_false__sota_pop_inverse__slam_0.2,pop_inverse,0.2,0.0,0.2544,0.1635,0.4413,0.33620953601294845,0.00023178807947019868,0.00030004929381216653,0.14518441316683853,0.05391339222511037,0.18988590989325402,0.33507032306009255,0.2692177727618624,0.22718222053080117,0.18988590989325402,,
ml1m__weighted_ngcf__seed9__baseline__rwmode_dominance__fracs_0.1__0.2__0.3__0.4__norm_false__sota_head_penalty__slam_0.2,ml1m,weighted_ngcf,9,/home/oqiw47aj/oqiw47aj/CIKM2026/experiments/cikm2026_SOTA/rwmode_dominance__fracs_0.1__0.2__0.3__0.4__norm_false__sota_head_penalty__slam_0.2/ml1m/weighted_ngcf/seed_9/baseline,baseline__rwmode_dominance__fracs_0.1__0.2__0.3__0.4__norm_false__sota_head_penalty__slam_0.2,head_penalty,0.2,0.0,0.2553,0.1647,0.4431,0.33536117011488914,0.000347682119205298,0.00045354412336340993,0.14851591713654722,0.05506800176379582,0.18940189199551694,0.33791780913206415,0.26552889966954074,0.22600107743742548,0.18940189199551694,,
ml1m__weighted_ngcf__seed9__baseline__rwmode_dominance__fracs_0.1__0.2__0.3__0.4__norm_false__sota_xquad_pop__slam_0.2,ml1m,weighted_ngcf,9,/home/oqiw47aj/oqiw47aj/CIKM2026/experiments/cikm2026_SOTA/rwmode_dominance__fracs_0.1__0.2__0.3__0.4__norm_false__sota_xquad_pop__slam_0.2/ml1m/weighted_ngcf/seed_9/baseline,baseline__rwmode_dominance__fracs_0.1__0.2__0.3__0.4__norm_false__sota_xquad_pop__slam_0.2,xquad_pop,0.2,0.0,0.2547,0.1632,0.4451,0.3362757611785114,0.00018211920529801324,0.00023571260205253742,0.1436298747827954,0.053451128056877184,0.19227087892064318,0.3359007537034386,0.2689707900399155,0.2274621125914155,0.19227087892064318,,
ml1m__weighted_ngcf__seed9__baseline__rwmode_dominance__fracs_0.1__0.2__0.3__0.4__norm_false__sota_mmr_pop__slam_0.2,ml1m,weighted_ngcf,9,/home/oqiw47aj/oqiw47aj/CIKM2026/experiments/cikm2026_SOTA/rwmode_dominance__fracs_0.1__0.2__0.3__0.4__norm_false__sota_mmr_pop__slam_0.2/ml1m/weighted_ngcf/seed_9/baseline,baseline__rwmode_dominance__fracs_0.1__0.2__0.3__0.4__norm_false__sota_mmr_pop__slam_0.2,mmr_pop,0.2,0.0,0.2545,0.1633,0.4439,0.3361144813731673,0.000347682119205298,0.0004502283300811013,0.1488539088320108,0.05533307397031471,0.18770746076634912,0.3365613695983599,0.2696530020346652,0.22581506742268248,0.18770746076634912,,
ml1m__weighted_ngcf__seed9__baseline__rwmode_dominance__fracs_0.1__0.2__0.3__0.4__norm_false__sota_calib_pop__slam_0.2,ml1m,weighted_ngcf,9,/home/oqiw47aj/oqiw47aj/CIKM2026/experiments/cikm2026_SOTA/rwmode_dominance__fracs_0.1__0.2__0.3__0.4__norm_false__sota_calib_pop__slam_0.2/ml1m/weighted_ngcf/seed_9/baseline,baseline__rwmode_dominance__fracs_0.1__0.2__0.3__0.4__norm_false__sota_calib_pop__slam_0.2,calib_pop,0.2,0.0,0.2541,0.1633,0.443,0.3355101767374057,0.0002814569536423841,0.00036523794177630123,0.14620787679698571,0.054554911627107905,0.18891090589507087,0.3351187826920566,0.2700355803102526,0.22512928960276613,0.18891090589507087,,
